Groups,Keyword,Intent,Volume,Keyword Difficulty,CPC (USD),SERP Features
fintech,fintech,Informational,6600,48,0.68,"AI Overview, Video, Video carousel, People also ask, Local pack, Knowledge panel, Related searches"
"colombia,fintech",fintech colombia,"Informational, Navigational",2900,32,0.80,"Sitelinks, AI Overview, Image pack, Video, People also ask, Top stories, Related searches"
fintech,fintech que es,Informational,1900,34,0.36,"AI Overview, Video, Video carousel, Short videos, Related searches"
"fintech,sas",fintech sas,Informational,1000,38,0.66,"AI Overview, Image pack, Video, Video carousel, People also ask, Local pack, Related searches, See results about"
"colombia,fintech",fintech en colombia,Informational,390,15,0.71,"AI Overview, Image pack, Video, Video carousel, Related searches"
"fintech,latam,marketing",latam fintech market,Navigational,320,19,0.43,"Sitelinks, Video, Short videos, People also ask, Related searches, See results about"
"fintech,prestamos",fintech prestamos,"Informational, Transactional",260,62,0.82,"Video, People also ask, Related searches"
"fintech,plataforma",plataforma fintech,Informational,260,38,0.57,"AI Overview, Image pack, Video, Video carousel, Related searches, Ads bottom"
"fintech,plataforma",plataformas fintech,Informational,260,44,0.51,"Sitelinks, AI Overview, Video, Video carousel, People also ask, Related searches"
"cmp,fintech,rapicredit",cmp rapicredit fintech,Navigational,210,26,0.26,"Sitelinks, AI Overview, Video, Related searches"
"colombia,fintech,prestamos",fintech colombia prestamos,Commercial,210,62,0.63,"Video carousel, People also ask, Related searches"
"fintech,latam",fintech latam,Navigational,210,49,0.83,"Sitelinks, Video, Video carousel, Knowledge panel, Related searches"
"fintech,latam",latam fintech,Navigational,210,31,0.83,"Sitelinks, Video, Video carousel, Knowledge panel, Related searches"
"fintech,rapicredit",rapicredit fintech,Navigational,210,,0.31,"Sitelinks, Video, Knowledge panel, Related searches"
"colombia,fintech",que es fintech en colombia,Informational,170,16,0.08,"AI Overview, Video, Video carousel, Related searches"
"empresa,fintech",empresas fintech,Informational,140,24,0.47,"AI Overview, Image pack, Video, Related searches"
fintech,que es un fintech,Informational,140,31,0.06,"Sitelinks, AI Overview, Video, Short videos, Related searches"
"credito,fintech",credito fintech,Informational,110,41,0.76,"Sitelinks, AI Overview, Video, Video carousel, Related searches"
"credito,fintech",creditos fintech,"Informational, Transactional",110,63,0.76,"Sitelinks, Video, Video carousel, Related searches, Ads bottom"
"america,fintech",fintech americas,Navigational,110,37,0.85,"Sitelinks, Video, Video carousel, People also ask, Related searches, Ads top, Ads bottom"
"fintech,funcion",fintech que es y como funciona,Informational,110,26,0.35,"Sitelinks, AI Overview, Video, Video carousel, Related searches"
"fintech,wales",walo fintech,Informational,110,31,0.25,"Sitelinks, Video, Video carousel, People also ask, Knowledge panel, Related searches"
"credito,fintech",fintech creditos,Commercial,90,65,0.84,"Video, Video carousel, Related searches"
"colombia,fintech,prestamos",fintech prestamos colombia,Informational,90,62,0.54,"Sitelinks, AI Overview, Video, Video carousel, Related searches"
"credito,fintech",fintech credito,"Informational, Transactional",70,64,0.84,"Video, Video carousel, People also ask, Related searches"
"colombia,fintech,prestamos",prestamos fintech colombia,"Informational, Transactional",70,68,0.44,"Video, People also ask, Related searches"
"colombia,fintech",que es fintech colombia,Informational,70,22,0.00,"AI Overview, Video, Video carousel, Related searches"
"especializaciones,fintech",especialización en fintech,Commercial,50,15,2.41,"Video, People also ask, Related searches, Ads top, Ads bottom"
"fintech,prestamos",prestamos fintech,"Informational, Transactional",50,66,0.77,"Sitelinks, Video, Video carousel, Local pack, Related searches, Ads bottom"
"fintech,proyecto",proyectos fintech,Informational,50,25,0.00,"AI Overview, Video, People also ask, Related searches"
"asociados,colombia,fintech",asociación colombia fintech,Navigational,40,39,0.00,"Sitelinks, Image pack, Video, Local pack, Related searches"
"credito,fintech",fintech credit,"Informational, Transactional",40,28,0.36,"AI Overview, Video, Video carousel, Related searches"
"fintech,ley",ley fintech,,40,,0.00,
"addie,fintech",addi fintech,"Informational, Transactional",30,35,0.00,"Video, Knowledge panel, Related searches"
"asociacion,fintech",asociacion fintech,,30,,0.00,
"asociacion,colombia,fintech",asociacion fintech colombia,Navigational,30,19,0.00,"Sitelinks, Image pack, Video, Related searches"
"banco,fintech",bancos fintech,Informational,30,20,0.70,"AI Overview, Video, Video carousel, People also ask, Related searches"
"clean,fintech",cleo fintech,,30,,0.00,
"cmp,fintech,rapicredit,telefono",cmp rapicredit fintech telefono,"Informational, Transactional",30,19,0.30,"AI Overview, Video, Related searches"
"fintech,funcion",como funcionan las fintech,Informational,30,29,0.00,"Sitelinks, AI Overview, Video, Video carousel, People also ask, Related searches"
"fintech,invertir",como invertir en fintech,Informational,30,13,0.74,"AI Overview, Video, Video carousel, People also ask, Related searches"
"colombia,cuanto,fintech",cuantas fintech hay en colombia,Informational,30,20,0.00,"AI Overview, Video, Related searches"
"ejemplos,fintech",ejemplos de fintech,Informational,30,10,0.00,"AI Overview, Image pack, Video, Related searches"
"colombia,ejemplos,fintech",ejemplos de fintech en colombia,Informational,30,17,0.00,"AI Overview, Video, People also ask, Related searches"
"colombia,empresa,fintech",empresas fintech colombia,Informational,30,25,0.00,"AI Overview, Image pack, Video, People also ask, Related searches"
"colombia,empresa,fintech",empresas fintech en colombia,Informational,30,20,0.68,"AI Overview, Image pack, Video, People also ask, Related searches"
"caracteristicas,fintech",fintech caracteristicas,Informational,30,29,0.00,"Sitelinks, AI Overview, Video, Video carousel, People also ask, Related searches"
"colombia,fintech",fintech colombia que es,Informational,30,20,0.00,"AI Overview, Video, People also ask, Related searches"
"edtech,fintech",fintech edtech,"Informational, Transactional",30,9,0.00,"AI Overview, Video carousel, Related searches"
"argentina,fintech",fintech en argentina,"Informational, Transactional",30,25,0.00,"Sitelinks, AI Overview, Image, Image pack, Video, Video carousel, Short videos, People also ask, Related searches"
"español,fintech",fintech español,,30,,0.00,
"fintech,futuro",fintech futures,,30,,0.00,
"fintech,hubo",fintech hub,,30,,0.00,
"fintech,industrial",fintech industry,Informational,30,61,0.00,"Featured snippet, Sitelinks, Video, People also ask, Knowledge panel, Related searches"
"fintech,marketing",fintech marketing,,30,,0.00,
"degree,fintech,masters",fintech masters degree,Commercial,30,34,8.05,"Video, People also ask, Related searches, Ads top, Ads bottom"
"fintech,pla",fintech plaid,Navigational,30,38,0.00,"Sitelinks, Video, People also ask, Knowledge panel, Related searches"
"fintech,site",fintech sites,Informational,30,65,0.00,"People also ask, Related searches, Ads bottom"
"fintech,solvente",fintech solventa,Navigational,30,42,0.80,"Sitelinks, AI Overview, Video, Video carousel, Knowledge panel, Related searches"
"fintech,technology",fintech technology,"Informational, Transactional",30,41,0.98,"Sitelinks, Video, Video carousel, People also ask, Knowledge panel, Related searches"
"definicion,fintech",fintechs definicion,,30,,0.00,
"fintech,industrial",industria fintech,,30,,0.00,
"colombia,fintech,ley",ley fintech colombia,,30,,0.00,
"fintech,maestria",maestria fintech,Commercial,30,24,5.05,"Video, Related searches, Ads top, Ads middle"
"fintech,master",master fintech,,30,,8.05,
"fintech,movii",movii fintech,,30,,0.00,
"fintech,pla",plaid fintech,,30,,0.00,
"colombia,fintech,presidente",presidente colombia fintech,,30,,0.00,
"fintech,ley,proyecto",proyecto de ley fintech,,30,,0.00,
"fintech,sempli",sempli fintech,,30,,0.00,
"fintech,significado",significado de fintech,,30,,0.00,
"fintech,sofia",sofi fintech,,30,,0.00,
fintech,what is fintech,,30,,0.00,
"abaco,fintech",abaco fintech,,20,,0.00,
"afloramiento,fintech",aflore fintech,,20,,0.00,
"agro,fintech",agro fintech,,20,,0.00,
"ai,fintech",ai in fintech,,20,,3.79,
"aplicaciones,fintech",aplicaciones fintech,,20,,0.00,
"ark,etf,fintech,innovación",ark fintech innovation etf,,20,,0.00,
"artificial,fintech,intelligence",artificial intelligence fintech,,20,,0.00,
"asociados,fintech",asociación fintech,,20,,0.00,
"b2b,fintech",b2b fintech,,20,,0.00,
"bbva,fintech",bbva fintech,,20,,0.00,
"bank,best,fintech",best fintech banks,,20,,0.00,
"bloom,fintech",bloom fintech,,20,,0.00,
"colombia,fintech,miembros",colombia fintech miembros,,20,,0.00,
"colombia,fintech,telefono",colombia fintech telefono,,20,,0.00,
"crear,fintech",como crear una fintech,,20,,0.00,
"colombia,crear,fintech",como crear una fintech en colombia,,20,,0.82,
"fintech,funcion",como funciona una fintech,,20,,0.00,
"fintech,hacer",como hacer una fintech,,20,,0.00,
"compañia,fintech",compañia fintech,,20,,0.00,
"compañia,fintech",compañias fintech,,20,,0.00,
"cooperativa,fintech",cooperativa fintech,,20,,0.00,
"colombia,credito,fintech",creditos fintech colombia,,20,,0.71,
"cuenta,fintech",cuentas fintech,,20,,0.00,
"define,fintech",define fintech,,20,,0.00,
"definicion,fintech",definicion de fintech,,20,,0.00,
"definicion,fintech",definicion fintech,,20,,0.00,
"desarrollo,fintech",desarrollo fintech,,20,,0.00,
"desventajas,fintech",desventajas de fintech,,20,,0.00,
"digital,fintech",digital fintech,,20,,0.00,
"diplomado,fintech",diplomado fintech,,20,,0.91,
"ecosistema,fintech",ecosistema fintech,,20,,0.00,
"colombia,ecosistema,fintech",ecosistema fintech en colombia,,20,,0.00,
fintech,el fintech,,20,,0.00,
"emprendimiento,fintech",emprendimiento fintech,,20,,0.00,
"emprendimiento,fintech",emprendimientos fintech,,20,,0.00,
"estudio,fintech",estudiar fintech,,20,,0.00,
"financiera,fintech",financiera fintech,,20,,0.62,
"finnovista,fintech",finnova fintech,,20,,0.00,
"finnovista,fintech",finnovista fintech,,20,,0.00,
"finnovista,fintech,radar",finnovista fintech radar,,20,,0.00,
"addie,fintech",fintech addi,,20,,0.25,
"advisor,fintech",fintech advisors,,20,,0.00,
"advisory,fintech",fintech advisory,,20,,0.00,
"america,fintech,miami",fintech americas miami,,20,,2.03,
"bank,fintech",fintech and banking,,20,,0.00,
"fintech,insurtech",fintech and insurtech,,20,,0.00,
"app,fintech",fintech app,,20,,0.91,
"app,development,fintech",fintech app development,,20,,0.00,
"argentina,fintech",fintech argentina,,20,,0.00,
"australia,fintech",fintech australia,,20,,0.00,
"banco,fintech",fintech bancos,,20,,0.45,
"bank,fintech",fintech bank,,20,,0.00,
"bogota,fintech",fintech bogota,,20,,0.00,
"bold,fintech",fintech bold,,20,,0.36,
"brasil,fintech",fintech brasil,,20,,0.00,
"can,fintech",fintech canada,,20,,0.00,
"chile,fintech",fintech chile,,20,,0.00,
"collection,fintech",fintech collective,,20,,0.00,
"2018,colombia,fintech",fintech colombia 2018,,20,,0.00,
"concepto,fintech",fintech concepto,,20,,0.00,
"course,fintech",fintech courses,,20,,2.10,
"crowdfunding,fintech",fintech crowdfunding,,20,,0.00,
"fintech,inversion",fintech de inversion,,20,,0.00,
"definicion,fintech",fintech definicion,,20,,0.00,
"definition,fintech",fintech definition,,20,,0.00,
"dibujos,fintech",fintech dibujo,,20,,0.00,
"diplomado,fintech",fintech diplomado,,20,,0.00,
"ecosystem,fintech",fintech ecosystem,,20,,0.00,
"ecuador,fintech",fintech ecuador,,20,,0.00,
"ejemplos,fintech",fintech ejemplos,,20,,0.28,
"empleo,fintech",fintech empleo,,20,,0.00,
"empresa,fintech",fintech empresas,,20,,0.00,
"españa,fintech",fintech en españa,,20,,0.00,
"español,fintech",fintech en español,,20,,0.00,
"españa,fintech",fintech españa,,20,,0.00,
"etf,fintech",fintech etf,,20,,0.00,
"europa,fintech",fintech europa,,20,,0.00,
"eventos,fintech",fintech events,,20,,0.00,
"factores,fintech",fintech factoring,,20,,2.33,
"financieros,fintech",fintech financiero,,20,,0.00,
"fintech,fundo",fintech funding,,20,,0.00,
"fintech,growth",fintech growth,,20,,0.00,
"fintech,icono",fintech icon,,20,,0.00,
"fintech,icono",fintech icono,,20,,0.00,
"fintech,imagenes",fintech imagenes,,20,,0.00,
"fintech,industrial,uk",fintech industry uk,,20,,0.00,
"fintech,innovación",fintech innovation,,20,,0.00,
"fintech,insurtech",fintech insurtech,,20,,0.00,
"artificial,fintech,inteligencia",fintech inteligencia artificial,,20,,0.00,
"fintech,internacional",fintech internacional,,20,,0.00,
"fintech,inversiones",fintech inversiones,,20,,0.00,
"fintech,investment",fintech investment,,20,,0.00,
"fintech,lab",fintech lab,,20,,0.00,
"america,fintech,latino",fintech latin america,,20,,0.00,
"fintech,latinoamerica",fintech latinoamerica,,20,,0.00,
"fintech,law",fintech law,,20,,0.00,
"fintech,leaders",fintech leaders,,20,,0.00,
"fintech,lending",fintech lending,,20,,0.00,
"fintech,marketing",fintech market,,20,,0.00,
"fintech,marketplace",fintech marketplace,,20,,0.00,
"fintech,meaning",fintech meaning,,20,,0.00,
"fintech,medellin",fintech medellin,,20,,0.22,
"fintech,nubank",fintech nubank,,20,,0.00,
fintech,fintech o fintech,,20,,0.00,
"fintech,p2p",fintech p2p,,20,,0.00,
"fintech,panama",fintech panama,,20,,0.00,
"fintech,payment",fintech payments,,20,,0.00,
"fintech,pdf",fintech pdf,,20,,0.00,
"fintech,peruano",fintech peruanas,,20,,0.00,
"fintech,png",fintech png,,20,,0.00,
"fintech,podcast",fintech podcast,,20,,0.00,
"fintech,ppt",fintech ppt,,20,,0.00,
"fintech,productos",fintech products,,20,,0.00,
"fintech,professional",fintech professional,,20,,0.00,
"fintech,quipu",fintech quipu,,20,,0.00,
"colombia,fintech,radar",fintech radar colombia,,20,,0.00,
"fintech,regular",fintech regulation,,20,,0.00,
"fintech,revolution",fintech revolution,,20,,0.00,
"fintech,school",fintech school,,20,,0.00,
"fintech,sector",fintech sector,,20,,0.00,
"fintech,significado",fintech significado,,20,,0.00,
"fintech,software",fintech software,,20,,0.00,
"development,fintech,software",fintech software development,,20,,0.00,
"fintech,spain",fintech spain,,20,,0.00,
"fintech,superfinanciera",fintech superfinanciera,,20,,0.00,
"fintech,traduccion",fintech traduccion,,20,,0.00,
"fintech,traductor",fintech traductor,,20,,0.00,
"fintech,uruguay",fintech uruguay,,20,,0.00,
"fintech,usa",fintech usa,,20,,0.00,
"experience,fintech,user",fintech user experience,,20,,0.00,
"fintech,ux",fintech ux,,20,,0.00,
"fintech,venezuela",fintech venezuela,,20,,0.00,
"capital,fintech,ventura",fintech venture capital,,20,,0.00,
"fintech,week",fintech week,,20,,0.00,
fintech,fintech what is it,,20,,0.00,
"fintech,wiki",fintech wiki,,20,,0.00,
"criptomonedas,fintech",fintech y criptomonedas,,20,,0.00,
"credito,fintech",fintechs de crédito,,20,,0.00,
"fintech,fondo",fondo fintech,,20,,0.00,
"fintech,harvard",harvard fintech,,20,,0.00,
"fintech,herramientas",herramientas fintech,,20,,0.00,
"fintech,historia",historia de las fintech,,20,,0.00,
"fintech,icono",icono fintech,,20,,0.00,
"fintech,imagenes",imagenes fintech,,20,,0.00,
"fintech,inversiones",inversiones fintech,,20,,0.00,
"fintech,invertir",invertir en fintech,,20,,0.00,
"colombia,fintech,invertir",invertir en fintech colombia,,20,,0.00,
"fintech,kiwi",kiwi fintech,,20,,0.00,
fintech,la fintech,,20,,0.00,
"company,fintech,largest",largest fintech companies,,20,,0.00,
fintech,las fintech,,20,,0.14,
"fintech,latino",latin fintech,,20,,0.00,
"fintech,libro",libro fintech,,20,,0.00,
"fintech,marketplace",marketplace fintech,,20,,0.00,
"fintech,master,online",master fintech online,,20,,0.00,
"fintech,mejor",mejores fintech,,20,,0.00,
"colombia,fintech,mejor",mejores fintech colombia,,20,,1.50,
"fintech,mercurio",mercury fintech,,20,,0.00,
"fintech,minu",minu fintech,,20,,0.00,
"fintech,mito",mit fintech,,20,,0.00,
"fintech,mo",mo fintech,,20,,0.00,
"fintech,modelo",modelo fintech,,20,,0.00,
"fintech,mundo",mundo fintech,,20,,0.00,
"fintech,nequi",nequi fintech,,20,,0.00,
"fintech,nomadas",nomad fintech,,20,,0.00,
"fintech,normatividad",normatividad fintech,,20,,0.00,
"colombia,fintech,normatividad",normatividad fintech colombia,,20,,0.00,
"fintech,paypal",paypal fintech,,20,,0.00,
"colombia,fintech,principales",principales fintech en colombia,,20,,0.00,
"fintech,productos",productos fintech,,20,,0.00,
"colombia,fintech",que es colombia fintech,,20,,0.00,
"fintech,sector",que es el sector fintech,,20,,0.00,
"fintech,industrial",que es la industria fintech,,20,,0.00,
"fintech,ley",que es la ley fintech,,20,,0.00,
"empresa,fintech",que es una empresa fintech,,20,,0.00,
"fintech,startup",que es una startup fintech,,20,,0.00,
fintech,que fintech,,20,,0.00,
"fintech,significa",que significa fintech,,20,,0.00,
"empresa,fintech",que son empresas fintech,,20,,0.00,
"empresa,fintech",que son las empresas fintech,,20,,0.00,
"colombia,fintech",que son las fintech en colombia,,20,,0.00,
fintech,que son los fintech,,20,,0.00,
"colombia,fintech,regular",quien regula las fintech en colombia,,20,,0.00,
"fintech,startup",qué es una startup fintech,,20,,0.00,
"fintech,radar",radar fintech,,20,,0.00,
"fintech,rapicredit,telefono",rapicredit fintech telefono,,20,,0.29,
"fintech,regulacion",regulacion fintech,,20,,0.00,
"colombia,fintech,regulacion",regulacion fintech colombia,,20,,0.00,
"fintech,regular",regulaciones fintech,,20,,0.00,
"colombia,fintech,regular",regulación fintech en colombia,,20,,0.00,
"fintech,robinhood",robinhood fintech,,20,,0.00,
"colombia,fintech,sector",sector fintech en colombia,,20,,0.00,
"fintech,servicio",servicios de fintech,,20,,0.00,
"fintech,servicio",servicios fintech,,20,,0.00,
"fintech,simple",simple fintech,,20,,0.00,
"festival,fintech,singapore",singapore fintech festival,,20,,0.00,
"fintech,solucion",soluciones fintech,,20,,0.00,
"fintech,startup",startup de fintech,,20,,0.00,
"fintech,startup",startup fintech que es,,20,,0.00,
"fintech,significado,startup",startups fintech significado,,20,,0.00,
"fintech,tal",tala fintech,,20,,0.00,
"credito,fintech,tarjeta",tarjeta de credito fintech,,20,,0.60,
"fintech,tecnologia",tecnologia fintech,,20,,0.00,
"fintech,tecnologicos",tecnología fintech,,20,,0.00,
"0,2,financial,fintech,papa,reboot,service",the fintech 2.0 paper rebooting financial services,,20,,0.00,
"fintech,tide",tide fintech,,20,,0.00,
"empresa,fintech,tipos",tipos de empresas fintech,,20,,0.00,
"fintech,tipos",tipos de fintech,,20,,0.00,
"fintech,token",toka fintech,,20,,0.00,
"colombia,fintech,top",top fintech colombia,,20,,0.00,
"company,fintech,top",top fintech companies,,20,,0.00,
"fintech,trabajo",trabajo en fintech,,20,,0.00,
"fintech,traducir",traducir fintech,,20,,0.00,
"fintech,tyba",tyba fintech,,20,,0.00,
"fintech,udemy",udemy fintech,,20,,0.00,
"fintech,visa",visa fintech,,20,,0.00,
"bank,fintech",what is a fintech bank,,20,,0.00,
"fintech,what",whats fintech,,20,,0.00,
"fintech,label,white",white label fintech,,20,,0.00,
"action,fintech",action fintech,,10,,0.00,
"addie,colombia,fintech",addi fintech colombia,,10,,0.00,
"advantage,fintech",advantages of fintech,,10,,0.00,
"adyen,fintech",adyen fintech,,10,,0.00,
"afluentes,fintech",afluenta fintech,,10,,0.00,
"alloy,fintech",alloy fintech,,10,,0.00,
"arbor,fintech",arbor fintech,,10,,0.00,
"ark,fintech",ark fintech,,10,,0.00,
"asociados,fintech",asociaciones fintech,,10,,0.00,
"augmentum,fintech",augmentum fintech,,10,,0.00,
"avant,fintech",avant fintech,,10,,0.00,
"banco,fintech,vs",bancos vs fintech,,10,,0.00,
"best,fintech",best fintech,,10,,0.00,
"app,best,fintech",best fintech apps,,10,,0.00,
"best,company,fintech",best fintech companies,,10,,0.00,
"best,course,fintech",best fintech courses,,10,,0.00,
"best,etf,fintech",best fintech etf,,10,,0.00,
"best,fintech,startup",best fintech startups,,10,,0.00,
"big,datos,fintech",big data fintech,,10,,0.00,
"biggest,company,fintech",biggest fintech companies,,10,,0.00,
"biggest,fintech,world",biggest fintechs in the world,,10,,0.00,
"billy,fintech",billie fintech,,10,,0.00,
"bloomberg,fintech",bloomberg fintech,,10,,0.00,
"bogota,fintech",bogota fintech,,10,,0.00,
"bold,fintech",bold fintech,,10,,0.37,
"bootcamp,fintech",bootcamp fintech,,10,,0.00,
"brazil,fintech",brazil fintech,,10,,0.00,
"california,fintech",california fintech,,10,,0.00,
"caracteristicas,fintech",caracteristicas de fintech,,10,,0.00,
"caracteristicas,fintech",caracteristicas de las fintech,,10,,0.00,
"cb,fintech,insight",cb insights fintech,,10,,0.00,
"china,fintech",china fintech,,10,,0.00,
"clip,fintech",clip fintech,,10,,0.00,
"coconut,fintech",coconut fintech,,10,,0.00,
"2019,colombia,fintech",colombia fintech 2019,,10,,0.00,
"columbia,fintech",columbia fintech,,10,,0.00,
"fintech,funcion",como funciona fintech,,10,,0.00,
"conexão,fintech",conexão fintech,,10,,0.00,
"coursera,fintech",coursera fintech,,10,,0.00,
"credencial,fintech",credencial fintech,,10,,0.00,
"credito,fintech,scoring",credit scoring fintech,,10,,0.00,
"cuenca,fintech",cuenca fintech,,10,,0.00,
"culquier,fintech",culqui fintech,,10,,0.00,
"cyber,fintech,security",cyber security for fintech,,10,,0.00,
"analytics,datos,fintech",data analytics in fintech,,10,,0.00,
"david,fintech",dave fintech,,10,,0.00,
"david,fintech,martinez",david martinez fintech,,10,,0.00,
"decreto,fintech",decreto fintech,,10,,0.00,
"desventajas,fintech",desventajas de las fintech,,10,,0.00,
"duke,fintech",duke fintech,,10,,0.00,
"earnest,fintech",earnest fintech,,10,,0.00,
"colombia,ecosistema,fintech",ecosistema fintech colombia,,10,,0.00,
"ecosistema,fintech",ecosistema fintech que es,,10,,0.00,
"edx,fintech",edx fintech,,10,,0.00,
"colombia,ejemplos,empresa,fintech",ejemplos de empresas fintech en colombia,,10,,0.00,
"ejemplos,fintech",ejemplos fintech,,10,,0.00,
"fintech,futuro",el futuro es fintech,,10,,0.00,
"definicion,empresa,fintech",empresas fintech definicion,,10,,0.00,
"argentina,empresa,fintech",empresas fintech en argentina,,10,,0.00,
"ensayo,fintech",ensayo sobre fintech,,10,,0.00,
"enso,fintech",enso fintech,,10,,0.00,
fintech,era fintech,,10,,0.00,
"especializacion,fintech",especializacion en fintech,,10,,2.99,
"estructura,fintech,organizacion",estructura organizacional de una fintech,,10,,0.00,
"eventos,fintech",evento fintech,,10,,0.00,
"fenomeno,fintech",fenomeno fintech,,10,,0.00,
"financiacion,fintech",financiacion fintech,,10,,0.00,
"financial,fintech",financiamiento fintech,,10,,0.00,
"fintech,mundial,nivel",fintech a nivel mundial,,10,,0.00,
"accelerator,fintech",fintech accelerator,,10,,0.00,
"advanced,fintech",fintech advancements,,10,,0.00,
"advertising,fintech",fintech advertising,,10,,0.00,
"ahorro,fintech",fintech ahorro,,10,,0.00,
"america,fintech,latino",fintech america latina,,10,,0.00,
"americano,fintech",fintech americana,,10,,0.00,
"ecommerce,fintech",fintech and ecommerce,,10,,0.00,
"app,company,development,fintech",fintech app development companies,,10,,0.00,
"fintech,service",fintech as a service,,10,,0.00,
"asi,fintech",fintech asia,,10,,0.00,
"asociacion,fintech",fintech asociacion,,10,,0.00,
"austin,fintech",fintech austin,,10,,0.00,
"automation,fintech",fintech automation,,10,,0.00,
"belgium,fintech",fintech belgium,,10,,0.00,
"beneficios,fintech",fintech beneficios,,10,,0.00,
"biggest,company,fintech",fintech biggest companies,,10,,0.00,
"blockchain,fintech",fintech blockchain,,10,,0.00,
"blog,fintech",fintech blog,,10,,0.00,
"brand,fintech",fintech brands,,10,,0.00,
"business,fintech",fintech business,,10,,0.00,
"campus,fintech",fintech campus,,10,,0.00,
"certificate,fintech",fintech certification,,10,,0.00,
"certificate,fintech,programa",fintech certification programs,,10,,0.00,
"challenge,fintech",fintech challenges,,10,,0.00,
"chicago,fintech",fintech chicago,,10,,0.00,
"colombia,fintech,pdf",fintech colombia pdf,,10,,0.00,
"colombia,fintech,telefono",fintech colombia telefono,,10,,0.00,
"como,fintech",fintech com,,10,,0.00,
"community,fintech",fintech community,,10,,0.00,
"fintech,funcion",fintech como funciona,,10,,0.00,
"company,fintech",fintech companies,,10,,0.00,
"company,fintech,usa",fintech companies in usa,,10,,0.00,
"compliance,fintech",fintech compliance,,10,,0.00,
"conference,fintech",fintech conference,,10,,0.00,
"consulta,fintech",fintech consulting,,10,,0.70,
"costo,fintech,rico",fintech costa rica,,10,,0.00,
"card,credito,fintech",fintech credit card,,10,,0.00,
"bordes,cross,fintech,payment",fintech cross border payments,,10,,0.00,
"database,fintech",fintech database,,10,,0.00,
"fintech,inversiones",fintech de inversión,,10,,0.00,
"development,fintech",fintech development,,10,,0.00,
"dominicana,fintech",fintech dominicana,,10,,0.00,
"dubai,fintech",fintech dubai,,10,,0.00,
"educativa,fintech",fintech education,,10,,0.00,
"fintech,salvador",fintech el salvador,,10,,0.00,
"america,fintech,latino",fintech en america latina,,10,,0.00,
"brasil,fintech",fintech en brasil,,10,,0.00,
"fintech,mundo",fintech en el mundo,,10,,0.00,
"europa,fintech",fintech en europa,,10,,0.00,
"fintech,latinoamerica",fintech en latinoamerica,,10,,0.00,
"entrepreneur,fintech",fintech entrepreneur,,10,,0.00,
"estafa,fintech",fintech estafa,,10,,0.00,
"example,fintech",fintech examples,,10,,0.00,
"expert,fintech",fintech expert,,10,,0.00,
"festival,fintech",fintech festival,,10,,0.00,
"financiera,fintech",fintech finance,,10,,0.00,
"financial,fintech,service",fintech financial services,,10,,0.00,
"financial,fintech,technology",fintech financial technology,,10,,0.00,
"finanzas,fintech,personalidad",fintech finanzas personales,,10,,0.00,
"dummies,fintech",fintech for dummies,,10,,0.00,
"fintech,frances",fintech france,,10,,0.00,
"fintech,fraude",fintech fraud,,10,,0.00,
"fintech,gif",fintech gif,,10,,0.00,
"fintech,global",fintech global,,10,,0.00,
"fintech,group",fintech group,,10,,0.00,
"fintech,guadalajara",fintech guadalajara,,10,,0.00,
"fintech,healthtech",fintech healthtech,,10,,0.00,
"fintech,historia",fintech historia,,10,,0.00,
"fintech,hiv",fintech hive,,10,,0.00,
"fintech,ideas",fintech ideas,,10,,0.00,
"fintech,identidad,verificación",fintech identity verification,,10,,0.00,
"fintech,illustrator",fintech illustration,,10,,0.00,
"easy,financial,fintech,flash,made,technology",fintech in a flash financial technology made easy,,10,,0.00,
"fintech,world",fintech in the world,,10,,0.00,
"fintech,india",fintech india,,10,,0.00,
"fintech,growth,industrial",fintech industry growth,,10,,0.00,
"fintech,industrial,trends",fintech industry trends,,10,,0.00,
"fintech,infographic",fintech infographic,,10,,0.00,
"fintech,inmobiliaria",fintech inmobiliario,,10,,0.00,
"fintech,innovación,lab",fintech innovation lab,,10,,0.00,
"fintech,insurance",fintech insurance,,10,,0.00,
"fintech,international",fintech international,,10,,0.00,
"fintech,internship",fintech internship,,10,,0.00,
"fintech,inversion",fintech inversion,,10,,0.00,
"fintech,italia",fintech italia,,10,,0.00,
"fintech,lawyer",fintech lawyer,,10,,0.00,
"company,fintech,lending",fintech lending companies,,10,,0.00,
"fintech,ley",fintech ley,,10,,0.00,
"fintech,libro",fintech libro,,10,,0.00,
"fintech,lineru",fintech lineru,,10,,0.00,
"fintech,london",fintech london,,10,,0.00,
"fintech,learning,machine",fintech machine learning,,10,,0.00,
"fintech,madre",fintech madrid,,10,,0.00,
"fintech,magazine",fintech magazine,,10,,0.00,
"fintech,management",fintech manager,,10,,0.00,
"fintech,medio",fintech media,,10,,0.00,
"fintech,montreal",fintech montreal,,10,,0.00,
"fintech,movii",fintech movii,,10,,0.00,
"fintech,net,worth",fintech net worth,,10,,0.00,
"fintech,news",fintech news,,10,,0.00,
"fintech,office",fintech office,,10,,0.00,
"fintech,online",fintech online,,10,,0.00,
"course,fintech,online",fintech online courses,,10,,0.00,
"fintech,origen",fintech origen,,10,,0.00,
"fintech,invertir",fintech para invertir,,10,,0.00,
"fintech,partnership",fintech partnership,,10,,0.00,
"fintech,partnership",fintech partnerships,,10,,0.00,
"fintech,pay",fintech pay,,10,,0.00,
"fintech,personas",fintech personas,,10,,0.00,
"deck,fintech,pitch",fintech pitch deck,,10,,0.00,
"deck,fintech,pdf,pitch",fintech pitch deck pdf,,10,,0.00,
"fintech,platform",fintech platform,,10,,0.00,
"fintech,programa",fintech program,,10,,0.00,
"fintech,programme",fintech programme,,10,,0.00,
"fintech,proptech",fintech proptech,,10,,0.00,
"fintech,regtech",fintech regtech,,10,,0.00,
"fintech,regulacion",fintech regulacion,,10,,0.00,
"fintech,reporte",fintech report,,10,,0.00,
"fintech,riesgo",fintech riesgos,,10,,0.00,
"fintech,rosario",fintech rosario,,10,,0.00,
"fintech,salario",fintech salary,,10,,0.00,
"fintech,sandbox",fintech sandbox,,10,,0.00,
"fintech,seguridad",fintech seguros,,10,,0.00,
"fintech,seo",fintech seo,,10,,0.00,
"fintech,service",fintech services,,10,,0.00,
"financieros,fintech,servicio",fintech servicios financieros,,10,,0.00,
"fintech,price,share",fintech share price,,10,,0.00,
"español,fintech,significado",fintech significado en español,,10,,0.00,
"fintech,singapore",fintech singapore,,10,,0.00,
"development,fintech,software",fintech software developers,,10,,0.00,
"company,development,fintech,software",fintech software development company,,10,,0.00,
"fintech,startup",fintech startups,,10,,0.44,
"can,fintech,startup",fintech startups canada,,10,,0.00,
"fintech,strategy",fintech strategy,,10,,0.00,
"credito,fintech,tarjeta",fintech tarjeta de credito,,10,,0.67,
"financiera,fintech,tecnologia",fintech tecnologia financiera,,10,,0.00,
"fintech,trading",fintech trading,,10,,0.00,
"fintech,transferwise",fintech transferwise,,10,,0.00,
"fintech,trends",fintech trends,,10,,0.00,
"fintech,uis",fintech ui,,10,,0.00,
"fintech,unconference",fintech unconference,,10,,0.00,
"fintech,unicorn",fintech unicorns,,10,,0.00,
"fintech,universidad",fintech university,,10,,0.00,
"fintech,vacances",fintech vacancies,,10,,0.00,
"fintech,vc",fintech vc,,10,,0.00,
"fintech,ventura",fintech ventures,,10,,0.00,
"fintech,videos",fintech video,,10,,0.00,
"banco,fintech,vs",fintech vs bancos,,10,,0.00,
"bank,fintech,vs",fintech vs banks,,10,,0.00,
"fintech,wallpaper",fintech wallpaper,,10,,0.00,
"fintech,label,software,white",fintech white label software,,10,,0.00,
"fintech,wikipedia",fintech wikipedia,,10,,0.00,
"fintech,youtube",fintech youtube,,10,,0.00,
"50,fintech,forbes",forbes 50 fintech,,10,,0.00,
"fintech,forge",forge fintech,,10,,0.00,
"fintech,futuro",future of fintech,,10,,0.00,
"b250,fintech,ga",ga b250 fintech,,10,,0.00,
"fintech,gamification",gamification in fintech,,10,,0.00,
"b250,fintech,gigabyte",gigabyte b250 fintech,,10,,0.00,
"b250,fintech,ga,gigabyte",gigabyte ga b250 fintech,,10,,0.00,
"2019,adoptar,fintech,global,index",global fintech adoption index 2019,,10,,0.00,
"fintech,global,marketing",global fintech market,,10,,0.00,
"fintech,global,reporte",global fintech report,,10,,0.00,
"fintech,green",green fintech,,10,,0.00,
"fintech,historia",historia de fintech,,10,,0.00,
"fintech,historia",history of fintech,,10,,0.00,
"fintech,hk,week",hk fintech week,,10,,0.00,
"fintech,hongos,kong,week",hong kong fintech week,,10,,0.00,
"fintech,make,money",how fintech make money,,10,,0.00,
"create,fintech",how to create a fintech,,10,,0.00,
"fintech,importancia",importancia de las fintech,,10,,0.00,
"fintech,inbound",inbound fintech,,10,,0.00,
"colombia,fintech,industrial",industria fintech en colombia,,10,,0.00,
"fintech,innovación",innovación fintech,,10,,0.00,
"fintech,inversion",inversion en fintech,,10,,0.38,
"fintech,inversiones",inversiones en fintech,,10,,0.00,
"fintech,irish",irish fintech,,10,,0.00,
"fintech,italia",italia fintech,,10,,0.00,
"fintech,kabbage",kabbage fintech,,10,,0.00,
"colombia,fintech",las fintech en colombia,,10,,0.00,
"estan,fintech,regular",las fintech estan reguladas,,10,,0.00,
"fintech,mejor",las mejores fintech,,10,,0.00,
"fintech,lemonade",lemonade fintech,,10,,0.00,
"fintech,lendingclub",lendingclub fintech,,10,,0.00,
"fintech,lendit",lendit fintech,,10,,0.00,
"fintech,hold,lexin",lexin fintech holdings,,10,,0.00,
"2018,fintech,ley",ley fintech 2018,,10,,0.00,
"cnbv,fintech,ley",ley fintech cnbv,,10,,0.00,
"fintech,ley,pdf",ley fintech pdf,,10,,0.00,
"fintech,ley,resumen",ley fintech resumen,,10,,0.00,
"fintech,libro,pdf",libros fintech pdf,,10,,0.00,
"company,fintech,lista",list of fintech companies,,10,,0.00,
"colombia,empresa,fintech,lista",listado de empresas fintech en colombia,,10,,0.00,
"fintech,maestria",maestria en fintech,,10,,4.46,
"fintech,malta",malta fintech,,10,,0.00,
"fintech,master,online",master en fintech online,,10,,0.00,
"fintech,mckinsey",mckinsey fintech,,10,,0.00,
"fintech,invertir,mejor",mejores fintech para invertir,,10,,0.00,
"fintech,mint",mint fintech,,10,,0.00,
"fintech,mintic",mintic fintech,,10,,0.00,
"fintech,monza",monzo fintech,,10,,0.00,
"fintech,mutuo",mutuo fintech,,10,,0.00,
"fintech,neon",neon fintech,,10,,0.00,
"fintech,nombre",nombres de fintech,,10,,0.00,
"fintech,nyu",nyu fintech,,10,,0.00,
"fintech,onboarding",onboarding fintech,,10,,0.00,
"fintech,organigrama",organigrama de una fintech,,10,,0.00,
"fintech,origen",origen de las fintech,,10,,0.00,
"fintech,oxford",oxford fintech,,10,,0.00,
"fintech,oxford,programme",oxford fintech programme,,10,,2.89,
"fintech,panama",panama fintech,,10,,0.00,
"fintech,panda",panda fintech,,10,,0.00,
"fintech,paypal",paypal es una fintech,,10,,0.00,
"fintech,pfm",pfm fintech,,10,,0.00,
"fintech,pioneer",pioneer fintech,,10,,0.00,
"fintech,posgrados",posgrado fintech,,10,,0.00,
"fintech,online,prestamos",prestamos online fintech,,10,,0.00,
"equity,fintech,investment,private",private equity investment in fintech,,10,,0.00,
"america,fintech,qiip,sur",qiip sura fintech americas,,10,,0.00,
"ecosistema,fintech",que es el ecosistema fintech,,10,,0.00,
"fintech,pdf",que es fintech pdf,,10,,0.00,
fintech,que es la fintech,,10,,0.00,
"fintech,startup",que es startups fintech,,10,,0.00,
fintech,que son los fintechs,,10,,0.00,
"existen,fintech,tipos",que tipos de fintech existen,,10,,0.00,
"fintech,r",r fintech,,10,,0.00,
"estate,fintech,real",real estate fintech,,10,,0.00,
"fintech,regulacion",regulacion de fintech,,10,,0.00,
"fintech,regulacion",regulacion de las fintech,,10,,0.00,
"fintech,riesgo",riesgos de las fintech,,10,,0.00,
"fintech,sector",sectores fintech,,10,,0.00,
"financieros,fintech,servicio",servicios financieros fintech,,10,,0.00,
"colombia,fintech,servicio",servicios fintech de colombia,,10,,0.00,
"colombia,fintech,sas,servicio",servicios fintech de colombia sas,,10,,0.00,
"fintech,significado",significado fintech,,10,,0.00,
"fintech,software",software fintech,,10,,0.00,
"fintech,software",software para fintech,,10,,0.00,
"fintech,stone",stone fintech,,10,,0.00,
"fintech,strand",strands fintech,,10,,0.00,
"fintech,strip",stripe fintech,,10,,0.00,
"fintech,superfinanciera",superfinanciera fintech,,10,,0.00,
"fintech,swap",swap fintech,,10,,0.00,
"fintech,tendencias",tendencias fintech,,10,,0.00,
"book,fintech",the fintech book,,10,,0.00,
"book,fintech,pdf",the fintech book pdf,,10,,0.00,
"fintech,toast",toast fintech,,10,,0.00,
"100,company,fintech,top",top 100 fintech companies,,10,,0.00,
"fintech,top,world",top fintechs in the world,,10,,0.00,
"fintech,tranqui",tranqui fintech,,10,,0.00,
"fintech,progreso",tu progreso fintech,,10,,0.00,
"fintech,type",types of fintech,,10,,0.00,
"fintech,universidad",universo fintech,,10,,0.00,
"fintech,upgrade",upgrade fintech,,10,,0.00,
fintech,us fintech,,10,,0.00,
"fintech,ventajas",ventajas de las fintech,,10,,0.00,
"desventajas,fintech,ventajas",ventajas y desventajas de las fintech,,10,,0.00,
"fast,fintech,trackid,visa",visa fintech fast track,,10,,0.00,
"fintech,water",wat is fintech,,10,,0.00,
"fintech,meaning",what does fintech mean,,10,,0.00,
"fintech,stand",what does fintech stand for,,10,,0.00,
"company,fintech",what is a fintech company,,10,,0.00,
"bank,fintech",what is fintech banking,,10,,0.00,
"fintech,zinobe",zinobe fintech,,10,,0.00,
"1,fintech",1 las fintech,,0,,0.00,
"1,fintech,productos",1 productos fintech,,0,,0.00,
"1,attrractive,fintech",1 why fintech are attrractive,,0,,0.00,
"100,2013,fintech,ranking",100 fintech ranking 2013,,0,,0.00,
"100,fintech,ladrillo",100 ladrillos fintech,,0,,0.00,
"2,company,fintech,kinder,offers,service",2 what kind of services fintech companies offer,,0,,0.00,
"100,2010,fintech,ranking",2010 fintech 100 rankings,,0,,0.00,
"100,2013,fintech",2013 fintech 100,,0,,0.00,
"100,2017,fintech",2017 fintech 100,,0,,0.00,
"100,2017,amp,fintech,h2,ventura",2017 fintech 100 h2 ventures &amp,,0,,0.00,
"100,2017,fintech,kpmg",2017 fintech 100 kpmg,,0,,0.00,
"100,2017,fintech,kpmg,pdf",2017 fintech 100 kpmg pdf,,0,,0.00,
"100,2017,fintech,global,innovación,lead",2017 fintech 100 leading global fintech innovators,,0,,0.00,
"100,2017,fintech,pdf",2017 fintech 100 pdf,,0,,0.00,
"100,2017,fintech,reporte",2017 fintech 100 report,,0,,0.00,
"100,2017,fintech,ranking,top",2017 fintech rankings top 100,,0,,0.00,
"2019,eventos,fintech",2019 fintech events,,0,,0.00,
"250,fintech",250 fintechs,,0,,0.00,
"38,fintech,loan,personas",38 personal loans fintech us,,0,,0.00,
"4,fintech,told",4 told fintech,,0,,0.00,
"5,fintech,peruano",5 fintechs peruanas,,0,,0.00,
"conocimiento,empresa,fintech",a estas empresas se les conoce como fintech,,0,,0.00,
"5,fintech,gratuita,nacional",a nacion 5 fintech gratuitas,,0,,0.00,
"fintech,pertenece,sistema",a que sistema pertenece la fintech,,0,,0.00,
"abaco,colombia,fintech",abaco colombia fintech,,0,,0.00,
"abra,fintech",abra fintech,,0,,0.00,
"accenture,fintech",accenture fintech,,0,,0.00,
"accenture,fintech,innovación,lab",accenture fintech innovation lab,,0,,0.00,
"accenture,fintech,pdf",accenture fintech pdf,,0,,0.00,
"acceso,fintech,gracias,inversiones",acceso a inversiones gracias a las fintech,,0,,0.00,
"accion,fintech",accion fintech,,0,,0.00,
"accord,fintech",accord fintech,,0,,0.00,
"acelerar,fintech",aceleradora de fintech,,0,,0.00,
"acerca,fintech",acerca de las fintech,,0,,0.00,
"acontecimientos,fintech,importancia",acontecimientos importantes de las fintech,,0,,0.00,
"acontecimientos,fintech,importancia",acontecimientos importantes para la fintech,,0,,0.00,
"acta,constitutivos,fintech",acta constitutivo de una fintech,,0,,0.00,
"actividades,economica,fintech",actividad economica fintech,,0,,0.00,
"actividades,fintech,ludicas,temas",actividad ludica con el tema de fintech,,0,,0.00,
"actividades,fintech,ludicas",actividad ludica con fintech,,0,,0.00,
"adaptador,fintech",adapt fintech,,0,,0.00,
"addie,contacto,fintech",addi fintech contacto,,0,,0.00,
"addie,fintech,sitios,web",addi fintech sitio web,,0,,0.00,
"adopcion,empresa,fintech,tradicional",adopcion de las fintechs en la empresa tradicional,,0,,0.00,
"advanced,blockchain,fintech,questions",advance question of blockchain fintech,,0,,0.00,
"advierte,disfraz,esquema,fintech,fraude",advierten sobre esquemas de fraude disfrazados de fintech,,0,,0.00,
"afloramiento,colombia,fintech",aflore colombia fintech,,0,,0.00,
"afloramiento,fintech",aflores fintech,,0,,0.00,
"ag,fintech,service",ag fintech services,,0,,0.00,
"2017,agenda,fintech",agenda 2017 fintech,,0,,0.00,
"agremiaciones,fintech",agremiaciones de las fintech,,0,,0.00,
"agricultura,fintech,service",agricultural fintech services,,0,,0.00,
"ahorro,fintech",ahorrar fintech,,0,,0.00,
"ai,fintech,impulso",ai como impulso del fintech,,0,,0.00,
"ai,company,fintech",ai fintech companies,,0,,0.00,
"ai,fintech,marketing",ai in fintech market,,0,,0.00,
"ai,fintech,payment",ai in payments & fintech,,0,,0.00,
"aktiv,fintech",aktiva fintech,,0,,0.00,
"alcanzar,fintech",alcanza fintech,,0,,0.00,
"alejandro,estrada,fintech",alejandro estrada fintech,,0,,0.00,
"alemania,fintech",alemania fintech,,0,,0.00,
"alerta,fintech",alertas fintech,,0,,0.00,
fintech,algunas fintechs,,0,,0.00,
"alias,financiera,fintech,paterson",ali paterson fintech finance,,0,,0.00,
"alianza,fintech",alianza fintech,,0,,0.00,
"alianza,andrea,fintech,leon",alianza fintech andrea leon,,0,,0.00,
"56a41ad7dd0b4705b3af,afiliados,alianza,email,fintech,pii",alianza pii_email_56a41ad7dd0b4705b3af esta afiliada a fintech,,0,,0.00,
"afiliados,alianza,fintech",alianza tuya esta afiliada a fintech,,0,,0.00,
"alianza,banco,fintech",alianzas banca y fintech,,0,,0.00,
"2018,alianza,bbva,estrategica,fintech,partners",alianzas con partners y fintech estratégicos bbva 2018,,0,,0.00,
"aliatu,fintech",aliatu fintech,,0,,0.00,
"alkanza,fintech",alkanza fintech,,0,,0.00,
"alliance,alloy,fintech,forge,lab",alloy labs alliance fintech forge,,0,,0.00,
"allvp,fintech,healthcare,smartcity",allvp fintech healthcare smartcities,,0,,0.00,
"alpha,colombia,credito,fintech",alpha credit colombia es una fintech,,0,,0.00,
"alpha,credito,fintech",alpha credit fintech,,0,,0.00,
"alternativas,datos,fintech",alternative data fintech,,0,,0.00,
"alternativas,datos,fintech",alternative data for fintech,,0,,0.00,
"alternativas,fintech,lending",alternative lending fintech,,0,,0.00,
"amazon,fintech,team",amazon fintech team,,0,,0.00,
"amenazas,fintech",amenazas de las fintech,,0,,0.00,
"america,fintech",america fintech,,0,,0.00,
"amman,fintech",ammana fintech,,0,,0.00,
"fintech,introduction,key,sector,trends",an introduction to fintech key sectors and trends,,0,,0.00,
"analisis,fintech,invertir",analisis de invertir para una fintech,,0,,0.00,
"analisis,fintech,usuario",analisis de usuarios fintechs,,0,,0.00,
"analisis,economica,entorno,fintech",analisis entorno economico fintech,,0,,0.00,
"analisis,fintech",analisis fintech,,0,,0.00,
"anal,fintech,plataforma",analista plataforma fintech,,0,,0.00,
"anal,colombia,crediticia,fintech,riesgo",analistas de riesgos crediticios fintech colombia,,0,,0.00,
"angel,fintech,sierra",angel sierra fintech,,0,,0.00,
"angel,colombia,fintech,lovers,patricia,rey",angela patricia rey lovera colombia fintech,,0,,0.00,
"antes,financial,fintech",ant financial fintech,,0,,0.00,
"antecedentes,fintech",antecedentes de fintech,,0,,0.00,
"antecedentes,colombia,fintech",antecedentes de fintech en colombia,,0,,0.00,
"antecedentes,fintech",antecedentes de las fintech,,0,,0.00,
"antecedentes,colombia,fintech",antecedentes de las fintech en colombia,,0,,0.00,
"antecedentes,fintech",antecedentes fintech,,0,,0.00,
fintech,antes de fintech,,0,,0.00,
"apexx,fintech,ltd",apexx fintech ltd,,0,,0.00,
"actual,aplicacion,fintech",aplicacion actual de las fintech,,0,,0.00,
"aplicacion,fintech",aplicacion fintech,,0,,0.00,
"aplicaciones,colombia,fintech",aplicaciones fintech colombia,,0,,0.00,
"aplicaciones,brasil,fintech,velez",aplicación fintech brasil velez,,0,,0.00,
"100,app,colombiano,fintech,innovación,tpaga",app colombiana tpaga entre las 100 fintech más innovadoras,,0,,0.00,
"app,colombia,fintech",app fintech colombia,,0,,0.00,
"application,entrepreneurial,financiera,fintech",applications in entrepreneurial finance fintech,,0,,0.00,
"app,financirea,fintech",apps financireos fintechs y otras,,0,,0.00,
"aprender,fintech,grupo,internet",aprender de fintech con grupos en internet,,0,,0.00,
"aprovechamiento,fintech,revolución",aprovechar la revolución fintech,,0,,0.00,
"arcus,fintech",arcus fintech,,0,,0.00,
"area,colombia,fintech",area de fintech en colombia,,0,,0.00,
"ariari,fintech",ariari fintech,,0,,0.00,
"articulo,bancolombia,fintech",articulo de bancolombia sobre las fintech,,0,,0.00,
"asesor,fintech,legal",asesores legales fintech,,0,,0.00,
"asesor,colombia,fintech,legal",asesores legales fintech colombia,,0,,0.00,
"asesoria,fintech",asesorias fintech,,0,,0.00,
"asesor,empresa,fintech,legal",asesoría legal empresas fintech,,0,,0.00,
"ask,fintech,robin",ask robin fintech,,0,,0.00,
"asobancaria,fintech",asobancaria fintech,,0,,0.00,
"asobolsa,fintech",asobolsa fintech,,0,,0.00,
"asobolsa,fintech,pdf",asobolsa fintech pdf,,0,,0.00,
"asociacion,colombia,fintech",asociacion colombia fintech,,0,,0.00,
"asociacion,colombia,fintech",asociacion colombian fintech,,0,,0.00,
"asociacion,colombiano,fintech",asociacion colombiana de fintech,,0,,0.00,
"asociacion,bac,credomatic,fintech",asociacion de bac credomatic con fintech,,0,,0.00,
"asociacion,empresa,fintech",asociacion de empresas fintech,,0,,0.00,
"asociacion,colombia,fintech",asociacion de fintech colombia,,0,,0.00,
"asociacion,fintech,venezuela",asociacion fintech venezuela,,0,,0.00,
"asociacion,fintech,iberoamericana",asociacion iberoamericana fintech,,0,,0.00,
"asociacion,fintech,venezolanos",asociacion venezolana de fintech,,0,,0.00,
"asociados,colombia,fintech",asociaciones colombia fintech,,0,,0.00,
"asociados,colombiano,empresa,fintech",asociación colombiana de empresas fintech,,0,,0.00,
"asociados,fintech,venezuela",asociación de fintech venezuela,,0,,0.00,
"asociados,colombia,fintech",asociación fintech colombia,,0,,0.00,
"asocialcion,colombia,fintech",asocialcion de fintech en colombia,,0,,0.00,
"aspectos,fintech,negativo",aspectos negativos de las fintech,,0,,0.00,
"aspiria,fintech",aspiria fintech,,0,,0.00,
"associação,brasileiro,fintech",associação brasileira de fintechs,,0,,0.00,
"athena,fintech",athena fintech,,0,,0.00,
"atomo,bank,fintech",atom bank fintech,,0,,0.00,
"atx,b250,fintech,ga",atx ga b250 fintech,,0,,0.00,
"augmentation,fintech,reality",augmented reality in fintech,,0,,0.00,
"australia,company,fintech",australia fintech companies,,0,,0.00,
"australia,fintech,landscape",australian fintech landscape,,0,,0.00,
"auth0,fintech",auth0 fintech,,0,,0.00,
"auto,fintech",auto fintech,,0,,0.00,
"auto,fintech,latam",auto fintech latam,,0,,0.00,
"avances,fintech",avances de las fintech,,0,,0.00,
"avi,fintech,revista,sistema",avía revista sistemas fintech,,0,,0.00,
"axiomas,fintech",axioma fintech,,0,,0.00,
"ayllu,fintech",ayllu fintech,,0,,0.00,
"b,b250,fintech,gigabyte",b gigabyte b250 fintech,,0,,0.00,
"b250,fintech",b250 fintech,,0,,0.00,
"b250,fintech,gigabyte",b250 fintech gigabyte,,0,,0.00,
"b250,fintech,gigabyte",b250 gigabyte fintech,,0,,0.00,
"b250,caracteristicas,fintech",b250-fintech caracteristicas,,0,,0.00,
"b2b,fintech,marketing,service",b2b marketing services fintech,,0,,0.00,
"bamboo,capital,fintech,latam,partners",bamboo capital partners fintech latam,,0,,0.00,
"banco,bogota,fintech,inveriones",banca de inverion fintech bogota,,0,,0.00,
"banco,chile,digital,fintech",banca digital y las fintech de chile,,0,,0.00,
"banco,europa,fintech",banca fintech europa,,0,,0.00,
"banco,fintech,movil",banca movil fintech,,0,,0.00,
"banco,bogota,challenge,fintech",banco de bogota fintech challenge,,0,,0.00,
"2016,banco,cafe,desarrollo,fintech",banco de desarrollo 2016 caf 2016 fintech,,0,,0.00,
"2016,banco,bibliografia,cafe,desarrollo,fintech",banco de desarrollo 2016 caf 2016 fintech bibliografia,,0,,0.00,
"banco,chile,fintech,intermediate,pymes",banco estado chile intermedio pymes y fintech,,0,,0.00,
"banco,desarrollo,fintech,interamericana",banco interamericano de desarrollo fintech,,0,,0.00,
"bancolombia,fintech,vlipco",bancolombia fintech vlipco,,0,,0.00,
"bancolombia,fintech",bancolombia y fintech,,0,,0.00,
"bancomext,fintech",bancomext fintech,,0,,0.00,
"banco,colombia,fintech",bancos fintech en colombia,,0,,0.00,
"banco,fintech,versus",bancos versus fintech,,0,,0.00,
"bank,example,fintech,partnership",bank fintech partnership examples,,0,,0.00,
"bank,fintech,partnership",bank fintech partnerships,,0,,0.00,
"bank,fintech,futuro,innovación",bank innovation the future of fintech,,0,,0.00,
"bank,challenge,fintech,opportunities",banking and fintech a challenge or opportunity,,0,,0.00,
"bank,fintech,platform",banking as a platform fintech,,0,,0.00,
"bank,company,fintech",banking fintech companies,,0,,0.00,
"bank,fintech,trends",banking fintech trends,,0,,0.00,
"bank,bankrupt,can,community,fintech,survival",bankruption how community banking can survive fintech,,0,,0.00,
"bank,collaboration,fintech",banks and fintech collaboration,,0,,0.00,
"bank,collaboration,fintech",banks collaborating with fintech,,0,,0.00,
"bank,fintech,get,lending,p2p",banks fintechs and p2p lender are getting,,0,,0.00,
"bank,bloomberg,china,fintech,get,lending,p2p",banks fintechs and p2p lender are getting china bloomberg,,0,,0.00,
"bank,fintech,investment",banks investing in fintech,,0,,0.00,
"bandwagon,bank,fintech,jump",banks jump on to the fintech bandwagon,,0,,0.00,
"banque,et,fintech",banque et fintech,,0,,0.00,
"banrep,fintech",banrep fintech,,0,,0.00,
"area,bay,fintech",bay area fintech,,0,,0.00,
"bbc,fintech",bbc fintech,,0,,0.00,
"acquired,bbva,fintech",bbva acquired fintech,,0,,0.00,
"bbva,co,fintech",bbva fintech co,,0,,0.00,
"bbva,fintech,pdf",bbva fintech pdf,,0,,0.00,
"bbva,fintech,open,talento",bbva open talent fintech,,0,,0.00,
"bean,fintech",bean fintech,,0,,0.00,
"bebank,brazil,fintech",bebank brazil fintech,,0,,0.00,
"behalf,fintech",behalf fintech,,0,,0.00,
"beneficios,fintech",beneficio de fintech,,0,,0.00,
"beneficios,fintech",beneficios de fintech,,0,,0.00,
"beneficios,empresa,fintech",beneficios de fintech para las empresas,,0,,0.00,
"beneficios,fintech",beneficios del fintech,,0,,0.00,
"asociacion,beneficios,financieros,fintech",beneficios financieros de asociacion con fintech,,0,,0.00,
"beneficios,consumidor,final,fintech",beneficios fintech consumidor final,,0,,0.00,
"amenazas,beneficios,fintech",beneficios y amenazas fintech,,0,,0.00,
"benficios,colombia,fintech,pertenece",benficios de pertenecer a colombia fintech,,0,,0.00,
"best,book,fintech",best books about fintech,,0,,0.00,
"best,book,fintech,startup",best books for fintech startups,,0,,0.00,
"best,email,fintech",best emails fintech,,0,,0.00,
"2018,best,fintech",best fintech 2018,,0,,0.00,
"2019,best,fintech",best fintech 2019,,0,,0.00,
"2020,best,fintech",best fintech 2020,,0,,0.00,
"ad,best,fintech",best fintech ads,,0,,0.00,
"best,book,fintech",best fintech books,,0,,0.00,
"best,company,fintech,work",best fintech companies to work for,,0,,0.00,
"best,conference,fintech",best fintech conferences,,0,,0.00,
"2019,best,eventos,fintech",best fintech events 2019,,0,,0.00,
"best,fintech,ideas",best fintech ideas,,0,,0.00,
"best,fintech,firma,law",best fintech law firms,,0,,0.00,
"best,campaign,fintech,marketing",best fintech marketing campaigns,,0,,0.00,
"best,fintech,firma,pr",best fintech pr firm,,0,,0.00,
"best,fintech,london,work",best fintech to work for london,,0,,0.00,
"best,fintech,framework",best framework for fintech,,0,,0.00,
"best,fintech,framework,language",best language and framework for fintech,,0,,0.00,
"better,fintech,health",better health fintech,,0,,0.00,
"better,fintech,welth",better welth fintech,,0,,0.00,
"betterment,fintech",betterment fintech,,0,,0.00,
"bgc,control,fintech,tower",bgc fintech control tower,,0,,0.00,
"bi,ecosystem,fintech,intelligence",bi intelligence fintech ecosystem,,0,,0.00,
"2018,bid,fintech",bid fintech 2018,,0,,0.00,
"bid,fintech,latinoamerica",bid fintech latinoamerica,,0,,0.00,
"bid,fintech,reporte",bid fintech report,,0,,0.00,
"bid,fintech,seguridad",bid fintech seguros,,0,,0.00,
"bid,fintech,investment,latam",bid invest fintech latam,,0,,0.00,
"bid,fintech,pdf",bid pdf fintech,,0,,0.00,
"bid,finnovista,fintech",bid-finnovista fintech,,0,,0.00,
"bidang,fintech",bidang fintech,,0,,0.00,
"bidu,fintech",bidu fintech,,0,,0.00,
"big,datos,fintech",big data y fintech,,0,,0.00,
"big,company,fintech",big fintech companies,,0,,0.00,
"big,fintech,techo",big tech y fintech,,0,,0.00,
"biggest,fintech",biggest fintech,,0,,0.00,
"biggest,company,fintech,world",biggest fintech companies in the world,,0,,0.00,
"bive,fintech",biva fintech,,0,,0.00,
"blender,fintech",blend fintech,,0,,0.00,
"blockchain,fintech,marketing",blockchain and fintech market,,0,,0.00,
"blockchain,fintech",blockchain en las fintech,,0,,0.00,
"blockchain,colombia,fintech",blockchain fintech colombia,,0,,0.00,
"blockchain,example,fintech",blockchain fintech example,,0,,0.00,
"blockchain,empresa,fintech",blockchain y empresas fintech,,0,,0.00,
"blog,colombiano,economia,fintech",blogs de economia fintech colombiana,,0,,0.00,
"blog,fintech",blogs sobre fintech,,0,,0.00,
"blueops,fintech",blueopes fintech,,0,,0.00,
"bluerun,fintech,ventura",bluerun ventures fintech,,0,,0.00,
"b250,board,fintech,gigabyte",board gigabyte b250 fintech,,0,,0.00,
"bogota,city,fintech",bogotá fintech city,,0,,0.00,
"bold,colombia,fintech",bold colombia fintech,,0,,0.00,
"bootcamp,fintech,legal",bootcamp legal fintech,,0,,0.00,
"boss,fintech,nova",bossa nova fintech,,0,,0.00,
"bozano,fintech,investimento",bozano investimentos fintech,,0,,0.00,
"br,fintech,startup",br startups fintech,,0,,0.00,
"braintree,fintech",braintree fintech,,0,,0.00,
"brandstrat,empresa,fintech",brandstrat empresas fintech,,0,,0.00,
"2011,2016,brandstrat,empresa,fintech",brandstrat empresas fintech 2011 a 2016,,0,,0.00,
"2019,broken,fintech,loan",broker loans fintech 2019,,0,,0.00,
"buda,fintech",bud fintech,,0,,0.00,
"buda,colombia,fintech",buda colombia fintech,,0,,0.00,
"business,casual,fintech",business casual fintech,,0,,0.00,
"business,development,fintech,partnership",business development fintech partnerships,,0,,0.00,
"busqueda,colombia,fintech,relacion",busquedas relacionadas con fintech en colombia,,0,,0.00,
"bvc,fintech",bvc fintech,,0,,0.00,
"c,fintech,good",c good for fintech,,0,,0.00,
"caja,compensacion,fintech",cajas de compensacion y fintech,,0,,0.00,
"cajascompensacion,fintech",cajascompensacion y fintech,,0,,0.00,
"calificacion,fintech",calificacion fintech que es,,0,,0.00,
"baquero,camilo,fintech",camilo baquero fintech,,0,,0.00,
"campaña,expectativas,fintech",campaña expectativa fintech,,0,,0.00,
"campaña,fintech,robinhood",campaña robinhood fintech,,0,,0.00,
"2019,campus,fintech,party,stage",campus party fintech stage 2019,,0,,0.00,
"brasil,canario,fintech",canary fintech brasil,,0,,0.00,
"capital,empresa,fintech,riesgo",capital de riesgo en las empresas fintech,,0,,0.00,
"capital,fintech,marketing,union",capital markets union fintech,,0,,0.00,
"cara,fintech,loan",car loan fintech,,0,,0.00,
"caracteristicas,fintech",caracteristicas de las fintechs,,0,,0.00,
"caracteristicas,empresa,fintech",caracteristicas de una empresa fintech,,0,,0.00,
"caracteristicas,fintech",caracteristicas del fintech,,0,,0.00,
"caracteristicas,empresa,fintech",caracteristicas empresas fintech,,0,,0.00,
"caracteristicas,fintech",características fintech,,0,,0.00,
"carga,fintech,importancia,mas",cargos mas importantes de una fintech,,0,,0.00,
"cartão,credito,fintech",cartão de crédito fintech,,0,,0.00,
"casa,code,fintech,tower",case code fintech tower,,0,,0.00,
"cash,fintech,management",cash management y fintech,,0,,0.00,
"casa,exito,fintech",caso exito fintech,,0,,0.00,
"casa,fintech",caso fintech,,0,,0.00,
"casa,exito,fintech",casos de exito fintech,,0,,0.00,
"2019,cb,fintech,insight",cb insights fintech 2019,,0,,0.00,
"250,cb,fintech,insight",cb insights fintech 250,,0,,0.00,
"cb,fintech,insight,mapa",cb insights fintech map,,0,,0.00,
"cb,fintech,insight,reporte",cb insights fintech report,,0,,0.00,
"cb,fintech,futuro,insight",cb insights future of fintech,,0,,0.00,
"cb,fintech,insight,investment",cb insights investment in fintech,,0,,0.00,
"cb,fintech,insight,latam",cb insights latam fintech,,0,,0.00,
"104,2019,cbinsights,fintech,futuro",cbinsights 2019 future of fintech 104,,0,,0.00,
"ccxc,fintech",ccxc fintech,,0,,0.00,
"cedetes,fintech,industrial",cedet industria fintech,,0,,0.00,
"certificado,fintech,internacional",certificado internacional fintech,,0,,0.00,
"certificado,españa,fintech,internacional",certificado internacional fintech españa,,0,,0.00,
"certificate,fintech,paris",certificate fintech paris,,0,,0.00,
"challenge,company,face,fintech",challenges faced by fintech companies,,0,,0.00,
"challenge,fintech",challenges in fintech,,0,,0.00,
"chambers,fintech",chambers fintech,,0,,0.00,
"bid,charles,consolidado,crecimiento,fintech,vivo",charla en vivo crecimiento y consolidación de las fintech bid,,0,,0.00,
"check,fintech",check fintech,,0,,0.00,
"check,fintech",check fintechs,,0,,0.00,
"china,fintech,tour",china fintech tour,,0,,0.00,
"china,fintech",china y fintech,,0,,0.00,
"christina,fintech,lagarde",christine lagarde fintech,,0,,0.00,
"actualizar,cifras,fintech",cifras actualizadas del fintech,,0,,0.00,
"cifras,colombia,fintech",cifras de fintech en colombia,,0,,0.00,
"cifras,colombia,fintech",cifras del fintech en colombia,,0,,0.00,
"cifras,fintech",cifras fintech,,0,,0.00,
"clases,fintech",clases de fintech,,0,,0.00,
"clasificacion,fintech",clasificacion de las fintech,,0,,0.00,
"clasificacion,fintech,tamaño",clasificacion de las fintech por tamaño,,0,,0.00,
"clasificación,colombia,fintech",clasificación fintech en colombia,,0,,0.00,
"cloud,fintech,union,usa",cloud union fintech usa,,0,,0.00,
"cmp,fintech",cmp fintech,,0,,0.00,
"cali,cmp,fintech,rapicredit",cmp rapicredit fintech cali,,0,,0.00,
"cmpetencia,fintech",cmpetencias de fintech,,0,,0.00,
"cmprapicredit,fintech",cmprapicredit fintech,,0,,0.00,
"cocreafam,fintech",cocreafam fintech,,0,,0.00,
"ciiu,codigo,fintech",codigo ciiu fintech,,0,,0.00,
"cohete,fintech",cohete fintech,,0,,0.00,
"banco,colaborativo,fintech",colaboración fintech bancos,,0,,0.00,
"colocar,fintech",colocaciones de las fintech,,0,,0.00,
"colombo,fintech,ia",colomb ia fintech,,0,,0.00,
"2026,colombia,fintech",colombia 2026 fintech,,0,,0.00,
"2026,colombia,duque,fintech,ivan",colombia 2026 fintech ivan duque,,0,,0.00,
"america,colombia,finnovista,fintech,latino,mapa",colombia en el mapa fintech en américa latina de finnovista,,0,,0.00,
"2018,colombia,fintech",colombia fintech 2018,,0,,0.00,
"0,4,colombia,fintech",colombia fintech 4.0,,0,,0.00,
"annual,colombia,fintech,meet",colombia fintech annual meeting,,0,,0.00,
"2019,annual,colombia,fintech,meet",colombia fintech annual meeting 2019,,0,,0.00,
"armando,colombia,fintech,fonseca",colombia fintech armando fonseca,,0,,0.00,
"bid,colombia,fintech",colombia fintech bid,,0,,0.00,
"bitcoin,colombia,fintech",colombia fintech bitcoin,,0,,0.00,
"bolsa,colombia,empleo,fintech",colombia fintech bolsa de empleo,,0,,0.00,
"campus,colombia,fintech,party",colombia fintech campus party,,0,,0.00,
"2019,city,colombia,fintech",colombia fintech city 2019,,0,,0.00,
"colombia,creacion,fintech",colombia fintech creacion,,0,,0.00,
"colombia,empleo,fintech",colombia fintech empleo,,0,,0.00,
"colombia,electronica,fintech,firma",colombia fintech firma electrónica,,0,,0.00,
"colombia,fintech,internship",colombia fintech internship,,0,,0.00,
"colombia,fintech,issn",colombia fintech issn,,0,,0.00,
"colombia,directo,fintech,junta",colombia fintech junta directiva,,0,,0.00,
"colombia,fintech,lista",colombia fintech listado,,0,,0.00,
"colombia,fintech,manual,marca",colombia fintech manual de marca,,0,,0.00,
"colombia,fintech,movii",colombia fintech movii,,0,,0.00,
"colombia,fintech,nequi",colombia fintech nequi,,0,,0.00,
"colombia,fintech,nit",colombia fintech nit,,0,,0.00,
"colombia,fintech,pago,pasarela",colombia fintech pasarelas de pago,,0,,0.00,
"colombia,fintech,persa",colombia fintech perso,,0,,0.00,
"colombia,fintech,personas",colombia fintech person,,0,,0.00,
"colombia,fintech,png",colombia fintech png,,0,,0.00,
"colombia,fintech,personalidad,prestamos",colombia fintech prestamos personales,,0,,0.00,
"colombia,fintech,practica",colombia fintech práctica,,0,,0.00,
"colombia,fintech",colombia fintech que es,,0,,0.00,
"colombia,fintech,radar",colombia fintech radar,,0,,0.00,
"colombia,fintech,regular",colombia fintech regulation,,0,,0.00,
"colombia,fintech,sandbox",colombia fintech sandbox,,0,,0.00,
"colombia,fintech,tpaga",colombia fintech tpaga,,0,,0.00,
"colombia,fintech,trabajo",colombia fintech trabaja con nosotros,,0,,0.00,
"006,colombia,fintech,sp,trackid",colombia fintech trackid sp-006,,0,,0.00,
"colombia,fintech,vaki",colombia fintech vaki,,0,,0.00,
"colombia,fintech,hubo",colombia hub fintech,,0,,0.00,
"bbva,colombia,fintech,hubo",colombia hub fintech bbva,,0,,0.00,
"colombia,ecommerce,fintech,integral",colombia integración fintech con ecommerce,,0,,0.00,
"colombia,fintech,latam",colombia latam fintech,,0,,0.00,
"2019,colombia,fintech,riesgo",colombia riesgo fintech 2019,,0,,0.00,
"colombia,emprendimiento,fintech,mas,pais,tercer",colombia tercer pais con mas emprendimientos fintech,,0,,0.00,
"colomia,fintech",colomia fintech,,0,,0.00,
"comercial,fintech,movie",comercial movi fintech,,0,,0.00,
"comercializadora,fintech,inversiones",comercialización para inversiones fintech,,0,,0.00,
"comment,fintech,fonctionnement",comment fintech fonctionne,,0,,0.00,
"commercial,estate,fintech,real",commercial real estate fintech,,0,,0.00,
"abrir,fintech,uma",como abrir uma fintech,,0,,0.00,
"administrativo,fintech",como administrar una fintech,,0,,0.00,
"administrativo,fintech,pdf",como administrar una fintech pdf,,0,,0.00,
"afiliados,fintech",como afiliarse a fintech,,0,,0.00,
"aprender,fintech,grupo,internet",como aprender de fintech en internet con un grupo,,0,,0.00,
"constitución,fintech",como constituir una fintech,,0,,0.00,
"crear,fintech",como crear fintech,,0,,0.00,
"crear,fintech,industrial,startup",como crear una startups de la industria fintech,,0,,0.00,
"cry,fintech,uma",como criar uma fintech,,0,,0.00,
"fintech,nueva,planeacion,productos,servicio",como es la planeacion de nuevos productos y servicios fintech,,0,,0.00,
"america,fintech,insurtech,latino",como esta el insurtech en américa latina fintech,,0,,0.00,
"fintech,funcion",como funciona el fintech,,0,,0.00,
"colombia,fintech,funcion",como funciona el fintech en colombia,,0,,0.00,
"españa,fintech,funcion",como funciona el fintech en españa,,0,,0.00,
"fintech,funcion,uma",como funciona uma fintech,,0,,0.00,
"empresa,fintech,funcion",como funciona una empresa fintech,,0,,0.00,
"agencia,fintech,funcion,viaje",como funciona una fintech en agencia de viajes,,0,,0.00,
"empresa,fintech,gestion,servicio",como gestionan las empresas fintech sus servicios,,0,,0.00,
"colombia,crecimiento,fintech",como ha sido el crecimiento de fintech en colombia,,0,,0.00,
"fintech,hacer",como hacer in fintech,,0,,0.00,
"fintech,grupo,implementos,venta",como implementar un grupo de ventas de fintech,,0,,0.00,
"colombia,fintech,interatuar",como interatuan las fintech en colombia,,0,,0.00,
"colombia,fintech,llegar",como llegan las fintech a colombia,,0,,0.00,
"empresa,fintech,monetizar",como monetizar una empresa fintech,,0,,0.00,
"fintech,monte,uma",como montar uma fintech,,0,,0.00,
"colombia,fintech,nacio",como nacio fintech colombia,,0,,0.00,
"colombia,fintech,nacio",como nacio fintech en colombia,,0,,0.00,
"colombia,fintech,operaciones",como opera el fintech en colombia,,0,,0.00,
"aspectos,fintech,principales,sacar,texto",como sacar los principales aspectos del texto de fintech,,0,,0.00,
"colombia,crear,fintech",como se creo fintech colombia,,0,,0.00,
"fintech,gerente",como se el gerente de fintech,,0,,0.00,
"colombia,estan,financial,fintech",como se estan financiando las fintech en colombia,,0,,0.00,
"colombia,estan,financial,fintech,startup",como se estan financiando las startups fintech en colombia,,0,,0.00,
"financial,fintech",como se financian las fintech,,0,,0.00,
"colombia,financial,fintech",como se financian las fintech en colombia,,0,,0.00,
"fintech,invierte",como se invierte con fintech,,0,,0.00,
"auditoria,cabo,fintech,lleva",como se lleva a cabo la auditoria en las fintech,,0,,0.00,
"fintech,registro",como se registra una fintech,,0,,0.00,
"fintech,valor",como se valora una fintech,,0,,0.00,
"fintech,trabajo",como trabajan las fintech,,0,,0.00,
"colombia,fintech,utiliza",como utilizo fintech colombia,,0,,0.00,
"colombia,fintech,utuliza",como utulizo fintech colombia,,0,,0.00,
"compañia,credito,fintech",compañia de creditos fintech,,0,,0.00,
"compañia,fintech",compañia de fintech,,0,,0.00,
"colombia,compañia,financial,fintech",compañias de financiamiento fintech colombia,,0,,0.00,
"compañia,fintech,mundo",compañias fintechs en el mundo,,0,,0.00,
"compañia,fintech,region",compañias fintechs en la region,,0,,0.00,
"colombia,compañía,fintech",compañías fintech en colombia,,0,,0.00,
"compañía,expert,fig,fintech",compañías fintech y experto fig,,0,,0.00,
"competencias,empresa,fintech",competencia en las empresas fintech,,0,,0.00,
"competicion,fintech",competición fintech,,0,,0.00,
"comportamiento,fintech",comportamiento de fintech,,0,,0.00,
"cartera,comprar,fintech",compra de cartera fintech,,0,,0.00,
"comprar,fintech,fusion",compras y fusiones fintechs,,0,,0.00,
"comunidad,estrategica,fintech",comunicación estrategica fintech,,0,,0.00,
"application,concepto,fintech",conception application fintech,,0,,0.00,
"concepto,fintech,superfinanciera",concepto sobre fintech de la superfinanciera,,0,,0.00,
"concepto,fintech",conceptos de fintech,,0,,0.00,
"conclusion,fintech",conclusion de fintech,,0,,0.00,
"colombia,conclusiones,fintech",conclusiones de fintech en colombia,,0,,0.00,
"conclusiones,fintech",conclusiones sobre las fintech,,0,,0.00,
"2019,cafe,concurso,fintech",concurso caf fintech 2019,,0,,0.00,
"colombia,condiciomes,financiera,fintech",condiciomes financieras del fintech en colombia,,0,,0.00,
"colombia,condiciones,fintech,uso",condiciones de uso del fintech de colombia,,0,,0.00,
"condiciones,fintech",condiciones del fintech,,0,,0.00,
"colombia,condiciones,fintech",condiciones del fintech en colombia,,0,,0.00,
"conexred,fintech",conexred fintech,,0,,0.00,
"conexred,fintech,juridica",conexred s.a fintech juridico,,0,,0.00,
"conexred,fintech,sa",conexred sa fintech,,0,,0.00,
"2020,congreso,fintech",congreso fintech 2020,,0,,0.00,
"conpes,fintech",conpes fintech,,0,,0.00,
"consumo,fintech,lending",consumer lending fintech,,0,,0.00,
"contrato,fintech",contrato de fintech,,0,,0.00,
"contrato,fintech,marca",contrato marco fintech,,0,,0.00,
"contratomarco,fintech",contratomarco fintech,,0,,0.00,
"bed,control,debt,fintech,lending,micro",control bed debt in micro lending fintech,,0,,0.00,
"convertir,financieros,fintech",convertibles financieros en fintech,,0,,0.00,
"convocatoria,financiera,fintech,inclusion,proyecto",convocatorias fintech + proyectos de inclusion financiera,,0,,0.00,
"copenhagen,fintech",copenhagen fintech,,0,,0.00,
"bank,corporal,fintech",corporate banking fintech,,0,,0.00,
"2018,corporal,fintech,government,guidelines",corporate governance guidelines 2018 fintech,,0,,0.00,
"colombia,costo,credito,fintech",costo credito fintech colombia,,0,,0.00,
"colombia,costo,credito,dtf,fintech",costo credito fintech colombia dtf+,,0,,0.00,
"colombia,costo,fintech",costo fintech colombia,,0,,0.00,
"colombia,costo,fintech,membresia",costo membresia colombia fintech,,0,,0.00,
"costo,fintech,licencia,promedio,software",costo promedio licencias software fintech,,0,,0.00,
"adoptar,fintech,instagram,marketing,medio,social",could fintech adopt instagram for social media marketing,,0,,0.00,
"course,coursera,fintech",coursera fintech courses,,0,,0.00,
"creacion,fintech",creacion de fintech,,0,,0.00,
"creacion,fintech",creacion de las fintech,,0,,0.00,
"colombia,creador,fintech",creadores de colombia fintech,,0,,0.00,
"colombia,crear,fintech",creamos fintech en colombia,,0,,0.00,
"colombia,crear,fintech,startup",crear startup fintech en colombia,,0,,0.00,
"creatividad,fintech,ideas",creative fintech ideas,,0,,0.00,
"crecio,fintech",creci fintech,,0,,0.00,
"colombia,crecimiento,fintech",crecimiento de fintech en colombia,,0,,0.00,
"crecimiento,fintech",crecimiento de las fintech,,0,,0.00,
"america,crecimiento,fintech,latino,startup",crecimiento de startups o fintech en america latina,,0,,0.00,
"crecimiento,fintech",crecimiento fintech,,0,,0.00,
"colombia,crecimiento,fintech",crecimiento fintech colombia,,0,,0.00,
"crecimiento,evolucion,fintech",crecimiento o evolucion de las fintech,,0,,0.00,
"credicorp,fintech",credicorp fintech,,0,,0.00,
"colombia,crediseguro,fintech",crediseguro colombia fintech,,0,,0.00,
"credito,fintech,manual",credit manual for fintech,,0,,0.00,
"credito,fintech,management,risk",credit risk management fintech,,0,,0.00,
"credito,fintech,union",credit union fintech,,0,,0.00,
"argentina,chofer,credito,fintech,uber",credito chofer uber argentina fintech,,0,,0.00,
"credito,educativa,fintech",credito educativo fintech,,0,,0.00,
"credito,fintech,latinoamerica",credito fintech latinoamerica,,0,,0.00,
"comercial,credito,fintech",credito para comerciantes fintech,,0,,0.00,
"credito,fintech,reporte",creditos a reportados fintech,,0,,0.00,
"credito,datacredito,fintech,inversion,libro,reporte",creditos de libre inversion para reportados en datacredito con fintech,,0,,0.00,
"aplicacion,colombia,credito,fintech",creditos fintech colombia aplicacion,,0,,0.00,
"credito,fintech,libranza",creditos fintech de libranzas,,0,,0.00,
"colombia,credito,fintech",creditos fintech en colombia,,0,,0.00,
"credito,fintech,unidos",creditos fintech en estados unidos,,0,,0.00,
"asociados,credito,fintech,libro",creditos libres esta asociado a fintech,,0,,0.00,
"credito,fintech,personalidad",creditos personales fintech,,0,,0.00,
"credito,fintech,rapido",creditos rapidos con fintech,,0,,0.00,
"credito,entidades,fintech,personalidad,rapido",creditos rapidos con fintech entidades de creditos personales,,0,,0.00,
"colombia,credito,fintech,rapido",creditos rapidos fintech colombia,,0,,0.00,
"credito,fintech,inmediata,online,rapido,respuestas",creditos rapidos online respuesta inmediata fintech,,0,,0.00,
"colombia,credito,fintech,inmediata,online,rapido,respuestas",creditos rapidos online respuesta inmediata fintech colombia,,0,,0.00,
"cresito,fintech,instantanea",cresitos instantaneos fintech,,0,,0.00,
"cry,fintech,sua",crie sua fintech,,0,,0.00,
"barbosa,cristian,fintech,lonkedin",cristian barbosa fintecha lonkedin,,0,,0.00,
"bordes,cross,fintech,payment",cross border payments fintech,,0,,0.00,
"crowdfounding,fintech,vs",crowdfounding vs fintech,,0,,0.00,
"colombia,crowdfunding,fintech",crowdfunding colombia fintech,,0,,0.00,
"colombia,credito,fintech",créditos fintech colombia,,0,,0.00,
"fintech,legal,marca",cual es el marco legal de las fintech,,0,,0.00,
"fintech,objetivos",cual es el objetivo de fintech,,0,,0.00,
"colombia,fintech,objetivos",cual es el objetivo de fintech en colombia,,0,,0.00,
"fintech,mundial,nivel,panorama",cual es el panorama de fintech a nivel mundial,,0,,0.00,
"colombia,fintech,panorama",cual es el panorama de fintech en colombia,,0,,0.00,
"colombia,fintech,panorama",cual es el panorama de fintechen colombia,,0,,0.00,
"colombia,fintech,nivel,paronama",cual es el paronama de fintech a nivel colombia,,0,,0.00,
"capital,europa,fintech",cual es la capital fintech de europa,,0,,0.00,
"cartera,empresa,fintech",cual es la cartera de una empresa fintech,,0,,0.00,
"fintech,importancia",cual es la importancia de fintech,,0,,0.00,
"fintech,ley",cual es la ley fintech,,0,,0.00,
"fecha,fintech,ley",cual es las fechas de la ley fintechs,,0,,0.00,
"colombia,fintech,ofrece",cual ofrece fintech en colombia,,0,,0.00,
"area,cual,destacados,fintech,mas,sector",cuale son las areas o sectores mas destacados de fintech,,0,,0.00,
"cual,fintech",cuales fintech hay,,0,,0.00,
"colombia,compañia,cual,fintech,manejo",cuales son las compañias que manejan fintech en colombia,,0,,0.00,
"brasil,credito,cual,fintech",cuales son las fintech credito brasil,,0,,0.00,
"2019,años,cual,fintech,usados",cuales son las fintech más usadas en el año 2019,,0,,0.00,
"cual,fintech,mejor,paises",cuales son los paises con mejores fintech,,0,,0.00,
"cual,fintech,mas,paises,usan",cuales son los paises que mas usan fintech,,0,,0.00,
"cual,empresa,fintech,sector",cuales son los sectores de las empresas fintech,,0,,0.00,
"cual,empresa,fintech,innvoadoras,lationamericana,mas",cuales son.las.empresas fintech mas innvoadoras de.lationamericana,,0,,0.00,
"fintech,nacido",cuando nacieron las fintech,,0,,0.00,
"fintech,ley,sale",cuando sale la ley fintech,,0,,0.00,
"colombia,crear,fintech",cuando se creo colombia fintech,,0,,0.00,
"colombia,cual,cuanto,fintech,haqy",cuantas fintech haqy en colombia y cuales son,,0,,0.00,
"colombia,cuanto,fintech,hacer",cuantas fintech hay en colombia y que hacen,,0,,0.00,
"cuanto,fintech,mundo",cuantas fintech hay en el mundo,,0,,0.00,
"banco,cuanto,fintech",cuantas fintech hay en la banca,,0,,0.00,
"colombai,cuanto,cuesta,fintech,membresia",cuanto cuesta la membresia de colombai fintech,,0,,0.00,
"cuanto,cuesta,fintech,poner",cuanto cuesta poner una fintech,,0,,0.00,
"cuanto,cuesta,fintech,plataforma",cuanto cuesta una plataforma de fintech,,0,,0.00,
"cuanto,dinero,fintech,mueve",cuanto dinero mueve las fintech,,0,,0.00,
"colombia,cuanto,dinero,fintech,mueve",cuanto dinero mueven las fintech colombia,,0,,0.00,
"america,cuanto,dinero,fintech,mueve",cuanto dinero mueven las fintech en america,,0,,0.00,
"colombia,cuanto,dinero,fintech,mueve",cuanto dinero mueven las fintech en colombia,,0,,0.00,
"cuanto,fintech,lleva",cuanto llevan las fintech,,0,,0.00,
"2018,crear,cuanto,fintech,unicornio",cuantos unicornios fintech creo en el 2018,,0,,0.00,
"2018,crear,cuanto,fintech,londres,unicornio",cuantos unicornios fintech creo londres en el 2018,,0,,0.00,
"bancaria,cuenta,fintech",cuenta bancaria fintech,,0,,0.00,
"colombia,cultura,fintech",cultura fintech en colombia,,0,,0.00,
"current,fintech,trends",current trends in fintech,,0,,0.00,
"curva,deck,fintech",curve deck fintech,,0,,0.00,
"acquisition,costo,custom,fintech",customer acquisition cost fintech,,0,,0.00,
"colombia,cuando,empezar,fintech",cuándo empezó fintech en colombia,,0,,0.00,
"cuando,fintech,nacido",cuándo nacieron las fintech,,0,,0.00,
"colombia,cuanto,fintech",cuántas fintech hay en colombia,,0,,0.00,
"cuanto,dinero,empresa,fintech,mueve,mundial,nivel",cuánto dinero mueven las empresas fintech a nivel mundial,,0,,0.00,
"cydsa,fintech",cydsa fintech,,0,,0.00,
"aprovechamiento,banco,como,fintech,oportunidades,puede",cómo pueden los bancos aprovechar la oportunidad fintech,,0,,0.00,
"como,dice,fintech",cómo se dice fintech,,0,,0.00,
"colombia,como,fintech,legal,prepara",cómo se prepara colombia legalmente para las fintech,,0,,0.00,
"datos,fintech,science",data science and fintech,,0,,0.00,
"colombia,datos,fintech",datos fintech colombia,,0,,0.00,
"colombia,datos,fintech",datos fintech en colombia,,0,,0.00,
"david,fintech,martinez,venezuela",david martinez fintech venezuela,,0,,0.00,
"davivienda,fintech",davivienda fintech,,0,,0.00,
"dcuo,fintech",dcu fintech,,0,,0.00,
"fintech,trata",de que se trata el fintech,,0,,0.00,
"debilidades,financieros,fintech,sistema",debilidades del sistema financiero fintech,,0,,0.00,
"colombia,decreto,fintech",decreto fintech colombia,,0,,0.00,
"aplicaciones,deep,fiananzas,fintech,learning",deep learning aplicaciones en fintech o fiananzas,,0,,0.00,
"app,deep,fiananzas,fintech,learning",deep learning apps en fintech o fiananzas,,0,,0.00,
"company,define,fintech",define fintech companies,,0,,0.00,
"define,fintech,mpe",define mpe fintech,,0,,0.00,
"definicion,fintech,pdf",definicion de fintech pdf,,0,,0.00,
"006,definicion,fintech,sp,trackid",definicion fintech trackid sp-006,,0,,0.00,
"bankingtech,definicion,fintech",definiciones de fintech y bankingtech,,0,,0.00,
"define,fintech",definir fintech,,0,,0.00,
"definition,description,fintech,industrial",definition of fintech and description of the fintech industry,,0,,0.00,
"definition,fintech,pdf",definition of fintech pdf,,0,,0.00,
"deloitte,fintech",deloitte fintech,,0,,0.00,
"cartel,dennis,fintech",dennis cartel fintech,,0,,0.00,
"deposito,electronica,fintech",depositos electronicos fintech,,0,,0.00,
"colombia,desafio,fintech,privacidad",desafios de privacidad en fintech colombis,,0,,0.00,
"desarrollo,fintech",desarrollar una fintech,,0,,0.00,
"desarrollo,fintech",desarrollo de las fintech,,0,,0.00,
"desarrollo,fintech,mundo,pdf",desarrollo fintech mundo pdf,,0,,0.00,
"32,7,bits,control,descargar,fintech,sat,windows",descargar controladores sata para windows 7 32 bits fintech,,0,,0.00,
"completa,descargar,fintech,futuro,libro",descargar libro completo de el futuro es fintech,,0,,0.00,
"completa,descargar,fintech,futuro,gratis,libro",descargar libro completo de el futuro es fintech gratis,,0,,0.00,
"existen,fintech",desde cuando existe las fintech,,0,,0.00,
"colombia,desempeño,fintech",desempeño de fintech en colombia,,0,,0.00,
"desmbolso,fintech",desmbolsos de las fintech,,0,,0.00,
"desventajas,fintech,l",desventajas de l fintech,,0,,0.00,
"desventajas,fintech,ley",desventajas de la ley fintech,,0,,0.00,
"desventajas,empresa,fintech",desventajas de las empresas fintech,,0,,0.00,
"desventajas,fintech,lineru",desventajas de las fintech lineru,,0,,0.00,
"desventajas,fintech",desventajas del fintech,,0,,0.00,
"bank,deutsch,digital,financial,fintech,revolution,sector",deutsche bank fintech digital revolution in the financial sector,,0,,0.00,
"bank,deutsch,digital,financial,fintech,literturangab,revolution,sector",deutsche bank fintech digital revolution in the financial sector literturangab,,0,,0.00,
"deutsch,fintech,startup",deutsche startups fintech,,0,,0.00,
"devia,fintech,moho",devie mohan fintech,,0,,0.00,
"ciclo,diagrama,fintech,produccion",diagrama de ciclo de produccion de fintech,,0,,0.00,
"diego,fintech,molano",diego molano fintech,,0,,0.00,
"blockchain,diferencia,fintech",diferencia entre blockchain y fintech,,0,,0.00,
"corwfounding,diferencia,financiera,fintech",diferencia entre corwfounding y financiera fintech,,0,,0.00,
"crowdfunding,diferencia,fintech",diferencia entre crowdfunding y fintech,,0,,0.00,
"digital,fintech",digit fintech,,0,,0.00,
"digital,fintech,youtube",digit fintech youtube,,0,,0.00,
"digital,fintech,notaro,payment",digital notarization payments fintech,,0,,0.00,
"digital,fintech,onboarding",digital onboarding fintech,,0,,0.00,
"digital,digitalbanking,fintech,soho",digital soho digitalbank fintech,,0,,0.00,
"digital,fintech,martin,soho",digital soho martin fintech,,0,,0.00,
"colombia,digitalizacion,fintech",digitalizacion en colombia fintech,,0,,0.00,
"dile,fintech",dile fintech,,0,,0.00,
"dinero,fintech",dinero fintech,,0,,0.00,
"bogota,diplomado,fintech",diplomado fintech bogota,,0,,0.00,
"diplomado,fintech,medellin",diplomado fintech medellin,,0,,0.00,
"banco,digital,diplomado,fintech,universitaria",diplomado universitario en fintech y banca digital,,0,,0.00,
"direccion,fintech,telefono",direccion y telefono de fintech,,0,,0.00,
"colombia,direccion,fintech,prestamos,rapudo,telefono",direccion y telefono presta rapudo fintech colombia,,0,,0.00,
"colombia,director,fintech",director colombia fintech,,0,,0.00,
"director,fintech",directora fintech,,0,,0.00,
"colombia,directorio,fintech",directorio colombia fintech,,0,,0.00,
"asociados,directorio,fintech,found",directorio de founder's de las fintechs asociadas,,0,,0.00,
"asociados,directorio,fintech,found,pdf",directorio de founder's de las fintechs asociadas.pdf,,0,,0.00,
"asociados,directorio,fintech,founders,pdf",directorio de founders de las fintechs asociadas.pdf,,0,,0.00,
"directorio,fintech",directorio fintech,,0,,0.00,
"diritto,fintech",diritto del fintech,,0,,0.00,
"allvp,discovery,fintech,research",discovery fintech allvp research,,0,,0.00,
"aplicaciones,banco,diseño,fintech",diseño aplicaciones para la banca fintech,,0,,0.00,
"desarrollo,diseño,fintech,productos,servicio",diseño y desarrollo de productos y servicios en fintech,,0,,0.00,
"disminucion,fintech,inversion,riesgo,usando",disminucion del riesgo en inversion usando las fintech,,0,,0.00,
"caracter,disposicion,fintech,general,ley",disposiciones de carácter general ley fintech,,0,,0.00,
"disrupcion,fintech",disrupcion fintech,,0,,0.00,
"disrupcion,fintech",disrupción fintech,,0,,0.00,
"colombia,distribuidora,fintech",distribuidor fintech colombia,,0,,0.00,
"distrital,fintech",distrito fintech,,0,,0.00,
"acerca,bogota,dialogo,fintech",diálogo acerca de fintech en bogotá,,0,,0.00,
"dofa,fintech",dofa fintech,,0,,0.00,
"dofa,fintech",dofa sobre fintech,,0,,0.00,
"fintech,nacido",donde nace fintech,,0,,0.00,
"cada,dos,fintech,tres",dos de cada tres fintech ya tienen,,0,,0.00,
"avanzado,cada,desarrollo,dos,fintech,tres",dos de cada tres fintech ya tienen un desarrollo avanzado,,0,,0.00,
"dragonfly,fintech",dragonfly fintech,,0,,0.00,
"colombia,dtc,fintech",dtc fintech colombia,,0,,0.00,
"dubai,fintech,hiv",dubai fintech hive,,0,,0.00,
"duke,fintech,law,policia,universidad",duke university fintech law and policy,,0,,0.00,
"discurso,duque,fintech",duque fintech discurso,,0,,0.00,
"advertising,easy,fintech",easy advertising fintech,,0,,0.00,
"advertising,awards,easy,fintech",easy advertising fintech awards,,0,,0.00,
"easy,fintech,transfer",easy transfer fintech,,0,,0.00,
"economia,fintech",economia fintech,,0,,0.00,
"argentina,ecosistema,fintech",ecosistema fintech argentina,,0,,0.00,
"chile,ecosistema,fintech",ecosistema fintech chile,,0,,0.00,
"definicion,ecosistema,fintech",ecosistema fintech definicion,,0,,0.00,
"ecosistema,españa,fintech",ecosistema fintech en españa,,0,,0.00,
"ecosistema,españa,fintech",ecosistema fintech españa,,0,,0.00,
"ecosistema,fintech,gif",ecosistema fintech gif,,0,,0.00,
"ecosistema,fintech,latam",ecosistema fintech latam,,0,,0.00,
"edificio,fintech,medellin",edificio fintech medellin,,0,,0.00,
"edtech,fintech,next",edtech the next fintech,,0,,0.00,
"colombia,edwin,fintech,zacipa",edwin zacipa colombia fintech,,0,,0.00,
"colombia,director,edwin,fintech,zacipa",edwin zacipa director de colombia fintech,,0,,0.00,
"edx,fintech,introduction",edx introduction to fintech,,0,,0.00,
"efecty,fintech",efecty fintech,,0,,0.00,
"egulatory,fintech,framework",egulatory framework fintech,,0,,0.00,
"colombia,ejemplos,fintech",ejemplo de fintech en colombia,,0,,0.00,
"ejemplos,fintech,primera",ejemplo de los primeros fintech,,0,,0.00,
"ejemplos,fintech,proyecto",ejemplo proyectos de fintech,,0,,0.00,
"casa,ejemplos,exito,fintech",ejemplos de casos exitosos fintech,,0,,0.00,
"ejemplos,fintech,mundo",ejemplos de fintech en el mundo,,0,,0.00,
"ejemplos,fintech,servicio",ejemplos de servicios fintech,,0,,0.00,
"ejemplosproyectos,fintech",ejemplosproyectos de fintech,,0,,0.00,
"bilur,compañía,crear,fintech,londinense,r",el bilur creado por la compañía londinense r fintech,,0,,0.00,
"anif,ecosistema,fintech",el ecosistema fintech anif,,0,,0.00,
"emprendimiento,fintech",el emprendimiento fintech,,0,,0.00,
"colombia,digitales,fintech,pago",el estado de las fintechs de pagos digitales en colombia,,0,,0.00,
"2019,50,fintech,forbes",el forbes fintech 50 para 2019,,0,,0.00,
"fintech,futuro",el futurismo fintech,,0,,0.00,
"fintech,futuro",el futuro de fintech,,0,,0.00,
"fintech,futuro,pdf",el futuro es fintech pdf,,0,,0.00,
"fintech,impacto",el impacto del fintech,,0,,0.00,
"actividades,exhaust,fintech,informe,mas",el informe mas exhaustivo sobre la actividad fintech,,0,,0.00,
"fintech,gran,oportunidades,paises",el país tiene una gran oportunidad en las fintech,,0,,0.00,
"fintech,sector,supervisor,vision",el sector fintech desde la vision del supervisor,,0,,0.00,
"america,fintech,inicio,latino,tercera",el tercero de américa latina en iniciativas fintech,,0,,0.00,
"fintech,tiempo",el tiempo fintech,,0,,0.00,
"conforman,elementos,fintech",elementos que conforman las fintech,,0,,0.00,
"elementos,eric,fintech,horesnyi,revolution,slide",elements of the fintech revolution by eric horesnyi slides,,0,,0.00,
"elephant,fintech",elephant fintech,,0,,0.00,
"elevado,fintech",elevate fintech,,0,,0.00,
"elinvar,fintech",elinvar fintech,,0,,0.00,
"elon,fintech,musk",elon musk fintech,,0,,0.00,
"embajada,fest,fintech,israel,realizar",embajada de israel realizó el fintech fest,,0,,0.00,
"empleo,fintech,llegar",empleo con la llegada de las fintech,,0,,0.00,
"empleo,fintech",empleo en fintech,,0,,0.00,
"cali,empleo,fintech",empleos.fintech cali,,0,,0.00,
"emploi,fintech",emploi fintech,,0,,0.00,
"employment,fintech",employer fintech,,0,,0.00,
"colombia,emprea,fintech",empreas fintech en colombi,,0,,0.00,
"desarrollo,ecosistema,emprendedor,fintech,jalon",emprendedores jalonan desarrollo del ecosistema fintech,,0,,0.00,
"76,colombia,crecer,emprendimiento,fintech",emprendimientos fintech crecieron un 76 en colombia,,0,,0.00,
"america,emprendimiento,fintech,latino",emprendimientos fintech en américa latina,,0,,0.00,
"america,blog,emprendimiento,fintech,latino",emprendimientos fintech en américa latina blog,,0,,0.00,
"colombia,emprendimiento,fintech",emprendimientos fintech en colombia,,0,,0.00,
"empresa,fintech,gestion,servicio",empresa fintech gestion de servicios,,0,,0.00,
"empresa,fintech,lider",empresa lider fintech,,0,,0.00,
"afiliados,colombia,empresa,fintech",empresas afiliadas a colombia fintech,,0,,0.00,
"afiliados,empresa,fintech",empresas afiliadas a fintech,,0,,0.00,
"asociados,colombia,empresa,fintech",empresas asociadas a colombia fintech,,0,,0.00,
"colombia,empresa,fintech,trabajo",empresas colombia que trabajan en fintech,,0,,0.00,
"credito,empresa,fintech,reporte",empresas de credito a reportados fintech,,0,,0.00,
"empresa,fintech,venezuela",empresas de fintech en venezuela,,0,,0.00,
"empresa,fintech,prestamos",empresas de fintech para prestamos,,0,,0.00,
"empresa,financiera,fintech,pertenecientes",empresas financieras pertenecientes a fintech,,0,,0.00,
"asesoria,empresa,fintech",empresas fintech asesoria,,0,,0.00,
"biblioteca,empresa,fintech,sena",empresas fintech biblioteca sena,,0,,0.00,
"blockchain,empresa,fintech,futuro",empresas fintech blockchain futuro,,0,,0.00,
"brasil,empresa,fintech",empresas fintech brasil,,0,,0.00,
"colombiano,empresa,fintech",empresas fintech colombianas,,0,,0.00,
"asesoria,empresa,fintech",empresas fintech de asesoria,,0,,0.00,
"empresa,fintech,mundo",empresas fintech en el mundo,,0,,0.00,
"empresa,fintech,medellin",empresas fintech en medellin,,0,,0.00,
"empresa,fintech,venezuela",empresas fintech en venezuela,,0,,0.00,
"empresa,españa,fintech",empresas fintech españa,,0,,0.00,
"colombia,empresa,financial,fintech,grande,mas",empresas fintech financiamiento mas grande en colombia,,0,,0.00,
"empresa,fintech,internacionales",empresas fintech internacionales,,0,,0.00,
"colombia,empresa,fintech,grande,mas",empresas fintech mas grande en colombia,,0,,0.00,
"empresa,fintech,grande,mas,mundo",empresas fintech mas grandes del mundo,,0,,0.00,
"empresa,fintech,invertir",empresas fintech para invertir,,0,,0.00,
"bolsa,cotizar,empresa,fintech",empresas fintech que cotizan en bolsa,,0,,0.00,
"colombia,empresa,fintech",empresas que son fintech en colombia,,0,,0.00,
"empresa,fintech,ley,regular",empresas reguladas por la ley fintech,,0,,0.00,
"emprestame,fintech",emprestame fintech,,0,,0.00,
"emresa,fintech",emresa fintech,,0,,0.00,
"180,2018,45,colombia,fintech",en colombia hay 180 fintech 45 más que en 2018,,0,,0.00,
"colombia,fintech,regular,tal",en colombia las fintech como tal son reguladas,,0,,0.00,
"colombia,crear,fintech,permiso,requiere",en colombia se requiere permiso para crear una fintech,,0,,0.00,
"fintech,hongos,kong,momento",en hong kong moment fintech es,,0,,0.00,
"años,fintech,latinoamerica,llegar",en que año llega fintech latinoamerica,,0,,0.00,
"años,fintech,nacido",en que año nacen las fintech,,0,,0.00,
"años,fintech,nacido,pdf",en que año nacen las fintech pdf,,0,,0.00,
"consiste,fintech",en que consiste la fintech,,0,,0.00,
"consite,fintech",en que consiten la fintech,,0,,0.00,
"fintech,vamos",en que vamos en fintech,,0,,0.00,
"colombia,enbanco,fintech",enbanca colombia fintech,,0,,0.00,
"encompass,fintech",encompass fintech,,0,,0.00,
"campaign,ensure,fintech,inbound,marketing,success",ensure your fintech inbound marketing campaign is successful,,0,,0.00,
"entidades,fintech,intervienen",entidades que intervienen en las fintech,,0,,0.00,
"entorno,fintech",entorno fintech,,0,,0.00,
"entorno,fintech,funcion",entorno fintech que es y como funciona,,0,,0.00,
"colombia,empresa,erick,fintech,rincon",erick rincon empresa colombia fintech,,0,,0.00,
"erika,fintech",erik fintech,,0,,0.00,
"afrontamiento,banco,desafio,fintech,mayor",es el fintech el mayor desafío que afronta la banca,,0,,0.00,
"esado,fintech",esade fintech,,0,,0.00,
"especial,fintech,republica",especial fintech la republica,,0,,0.00,
"credito,establecimietnos,fintech,inveto,puede",establecimietnos de credito pueden invetir en fintech,,0,,0.00,
"estadistica,fintech",estadisticas fintech,,0,,0.00,
"arte,fintech",estado del arte fintech,,0,,0.00,
"arte,colombia,fintech",estado del arte fintech colombia,,0,,0.00,
"colombia,estatuto,fintech",estatutos colombia fintech,,0,,0.00,
fintech,esto es fintech,,0,,0.00,
"comercial,estrategias,fintech",estrategia comercial para una fintech,,0,,0.00,
"estrategias,fintech,marketing",estrategia de marketing para fintech,,0,,0.00,
"estrategias,fintech",estrategia fintech,,0,,0.00,
"estrategias,fintech",estrategia fintech que es,,0,,0.00,
"estrategias,fintech",estrategias fintech,,0,,0.00,
"estructura,fintech",estructura de fintech,,0,,0.00,
"estructura,fintech",estructura de las fintech,,0,,0.00,
"estructura,financiera,fintech",estructura financiera de una fintech,,0,,0.00,
"estructura,fintech,organizacion",estructura organizacional de las fintech,,0,,0.00,
"empresa,estudio,fintech,tecnica",estudio tecnico de una empresa fintech,,0,,0.00,
"estudio,fintech,tecnica",estudio tecnico de una fintech,,0,,0.00,
"colombia,estudio,fintech",estudios sobre fintech en colombia,,0,,0.00,
"eventbrite,fintech,meetup,vienna",eventbrite fintech meetup vienna,,0,,0.00,
"ccb,eventos,fintech,noviembre",evento fintech ccb noviembre,,0,,0.00,
"2020,eventos,fintech",eventos fintech 2020,,0,,0.00,
"bogota,eventos,fintech,mayo",eventos fintech bogota mayo,,0,,0.00,
"2018,colombia,eventos,fintech",eventos fintech colombia 2018,,0,,0.00,
"2020,colombia,eventos,fintech",eventos fintech colombia 2020,,0,,0.00,
"colombia,evolucion,fintech",evolucion de fintech en colombia,,0,,0.00,
"colombia,evolucion,fintech",evolucion fintech en colombia,,0,,0.00,
"evolución,fintech",evolución de las fintech,,0,,0.00,
"company,example,fintech",examples of fintech companies,,0,,0.00,
"experience,fintech",experian fintech,,0,,0.00,
"experiential,fintech,marketing",experiential marketing for fintech,,0,,0.00,
"explicacion,fintech",explicacion de fintech,,0,,0.00,
"adoptar,ey,fintech,index",ey fintech adoption index,,0,,0.00,
"2017,adoptar,ey,fintech,index",ey fintech adoption index 2017,,0,,0.00,
"2018,adoptar,ey,fintech,index",ey fintech adoption index 2018,,0,,0.00,
"2019,adoptar,ey,fintech,index",ey fintech adoption index 2019,,0,,0.00,
"ey,financiera,fintech,innovación",ey innovative finance fintech,,0,,0.00,
"capital,eye,fintech",eye capital fintech,,0,,0.00,
"f10,fintech,meetup,wien",f10 fintech meetup wien,,0,,0.00,
"facebook,fintech,live",facebook live fintech,,0,,0.00,
"digital,facebook,fintech,live,onboarding",facebook live fintech onboarding digital,,0,,0.00,
"facil,fintech",facil fintech,,0,,0.00,
"factores,fintech,legal",factores legales fintech,,0,,0.00,
"factores,fintech,mirar",factores que miran las fintechs,,0,,0.00,
"farmapp,fintech",farmapp fintech,,0,,0.00,
"fee,fintech,transaction",fee transaction fintech,,0,,0.00,
"eftps,fee,fintech,transaction",fee transaction fintech eftps,,0,,0.00,
"fig,fintech",fig fintech,,0,,0.00,
"colombia,finaktiva,fintech",finaktiva colombia fintech,,0,,0.00,
"finaktiva,fintech",finaktiva fintech,,0,,0.00,
"final,fintech",finality fintech,,0,,0.00,
"alternativas,financial,fintech",financia alternativa y fintech,,0,,0.00,
"2019,alternativas,financial,fintech",financia alternativa y fintech 2019,,0,,0.00,
"2019,alternativas,financial,fintech",financiación alternativa y fintech 2019,,0,,0.00,
"financial,fintech,informe,technology",financial information technologies fintech,,0,,0.00,
"board,financial,fintech,stability",financial stability board fintech,,0,,0.00,
"action,financial,fintech,plan,technology",financial technology fintech action plan,,0,,0.00,
"blockchain,contract,financial,fintech,smart,technology",financial technology fintech blockchain smart contracts,,0,,0.00,
"consulta,financial,fintech,technology",financial technology fintech consulting,,0,,0.00,
"challenge,eu,financial,fintech,prospectiva,technology",financial technology fintech prospects and challenges for the eu,,0,,0.00,
"financial,fintech,time",financial times fintech,,0,,0.00,
"credito,financiera,fintech",financiera creditos tuya es de fintech,,0,,0.00,
"credito,financiera,fintech",financiera creditos tuya fintech,,0,,0.00,
"colombia,financiera,fintech,juriscoop",financiera juriscoop a colombia fintech,,0,,0.00,
"credito,empresa,estan,financiera,fintech",financieras y empresas de creditos que estan con fintech,,0,,0.00,
"complementaridad,finanzas,fintech",finanza complementare fintech,,0,,0.00,
"finanzas,fintech",finanzas fintech,,0,,0.00,
"fincolombia,fintech",fincolombia fintech,,0,,0.00,
"fincolombiana,fintech",fincolombiana fintech,,0,,0.00,
"finnosummit,fintech,lendit,miami",finnosummit miami by lendit fintech,,0,,0.00,
"colombia,finnovista,fintech",finnova fintech colombi,,0,,0.00,
"crowdfunding,finnovista,fintech,german,jaramillo",finnova fintech s.a.s crowdfunding german jaramillo,,0,,0.00,
"bid,finnovista,fintech",finnovista bid fintech,,0,,0.00,
"america,colombia,finnovista,fintech,latino,mapa",finnovista colombia en el mapa fintech en américa latina,,0,,0.00,
"2019,finnovista,fintech",finnovista fintech 2019,,0,,0.00,
"colombia,finnovista,fintech",finnovista fintech para colombia,,0,,0.00,
"2018,finnovista,fintech,radar",finnovista fintech radar 2018,,0,,0.00,
"2019,finnovista,fintech,radar",finnovista fintech radar 2019,,0,,0.00,
"colombia,finnovista,fintech,radar",finnovista fintech radas colombia,,0,,0.00,
"colombia,finnovista,fintech,reporte",finnovista report fintech colombia,,0,,0.00,
"colombia,finovate,fintech,reporte",finovista reporte fintech colombia,,0,,0.00,
"colombia,endeavor,finsocial,fintech,grande,paso",finsocial de grandes pasos con colombia fintech y endeavor,,0,,0.00,
"fintec,fintech",fintec o fintech,,0,,0.00,
"100,fintech,ranking",fintech 100 rankings,,0,,0.00,
"123,fintech,seguridad",fintech 123 seguro,,0,,0.00,
"2002,fintech",fintech 2002,,0,,0.00,
"2012,fintech",fintech 2012,,0,,0.00,
"2017,fintech",fintech 2017,,0,,0.00,
"2017,bogota,fintech",fintech 2017 bogota,,0,,0.00,
"2017,colombia,conference,fintech",fintech 2017 conference colombia,,0,,0.00,
"2018,fintech",fintech 2018,,0,,0.00,
"2019,fintech",fintech 2019,,0,,0.00,
"2019,app,fintech,mejor",fintech 2019 mejores app,,0,,0.00,
"2019,fintech,pdf",fintech 2019 pdf,,0,,0.00,
"2020,fintech",fintech 2020,,0,,0.00,
"250,fintech",fintech 250,,0,,0.00,
"50,fintech",fintech 50,,0,,0.00,
"bancaria,fintech,nivel",fintech a nivel bancario,,0,,0.00,
"actor,fintech,propone,puede",fintech a que actores se les puede proponer,,0,,0.00,
"fintech,monde,travers",fintech a travers le monde,,0,,0.00,
"abaco,fintech",fintech abaco,,0,,0.00,
"abc,fintech,superintendencia",fintech abc superintendencia,,0,,0.00,
"aberdeen,fintech",fintech aberdeen,,0,,0.00,
"abu,dhabi,fintech",fintech abu dhabi,,0,,0.00,
"accelerator,fintech,london",fintech accelerator london,,0,,0.00,
"accenture,fintech,pdf",fintech accenture pdf,,0,,0.00,
"account,fintech",fintech accounting,,0,,0.00,
"acquisition,fintech",fintech acquisition,,0,,0.00,
"actualicese,fintech",fintech actualicese,,0,,0.00,
"addie,colombia,fintech",fintech addi colombia,,0,,0.00,
"adoptar,fintech,index",fintech adoption index,,0,,0.00,
"advisory,fintech,venezuela",fintech advisory venezuela,,0,,0.00,
"advocaat,fintech",fintech advocaat,,0,,0.00,
"africa,fintech",fintech africa,,0,,0.00,
"agricola,fintech",fintech agricola,,0,,0.00,
"agricola,fintech",fintech agrícola,,0,,0.00,
"alcohol,fintech,payment",fintech alcohol payments,,0,,0.00,
"algorithm,fintech",fintech algorithms,,0,,0.00,
"2019,ambiental,fintech",fintech ambiental 2019,,0,,0.00,
"amenazas,banco,fintech,pdf",fintech amenaza bancos pdf,,0,,0.00,
"2019,america,fintech",fintech america 2019,,0,,0.00,
"alias,america,fintech",fintech america aliados,,0,,0.00,
"america,fintech,lati",fintech america latian,,0,,0.00,
"2018,america,fintech,latino",fintech america latina 2018,,0,,0.00,
"america,distracom,fintech,towers",fintech america towers distracom,,0,,0.00,
"2019,america,fintech",fintech americas 2019,,0,,0.00,
"2020,america,fintech",fintech americas 2020,,0,,0.00,
"2018,america,conference,fintech",fintech americas conference 2018,,0,,0.00,
"2020,america,conference,fintech",fintech americas conference 2020,,0,,0.00,
"2019,america,fintech,miami",fintech americas miami 2019,,0,,0.00,
"aml,fintech",fintech aml,,0,,0.00,
"aml,compliance,fintech",fintech aml compliance,,0,,0.00,
"amsterdam,fintech",fintech amsterdam,,0,,0.00,
"2018,america,consolidado,crecimiento,fintech,latino",fintech américa latina 2018 crecimiento y consolidación,,0,,0.00,
"analisis,derecho,economica,fintech",fintech analisis economico del derecho,,0,,0.00,
"analytics,fintech",fintech analytics,,0,,0.00,
"analytics,credito,datos,driver,fintech,modelo",fintech analytics data-driven credit modeling,,0,,0.00,
"bank,fintech,know",fintech and banking what do we know,,0,,0.00,
"blockchain,dominique,fintech,guegos",fintech and blockchain dominique guegan,,0,,0.00,
"blockchain,dominique,fintech,guegos,pdf",fintech and blockchain dominique guegan pdf,,0,,0.00,
"blockchain,fintech,recruitment",fintech and blockchain recruiters,,0,,0.00,
"fintech,law",fintech and law,,0,,0.00,
"fintech,proptech",fintech and proptech,,0,,0.00,
"challenge,fintech,opportunities,regtech",fintech and regtech opportunities and challenges,,0,,0.00,
"animado,fintech",fintech animation,,0,,0.00,
"annual,fintech,reporte",fintech annual report,,0,,0.00,
"aplazame,como,fintech",fintech aplazame.com,,0,,0.00,
"aplicaciones,fintech",fintech aplicaciones,,0,,0.00,
"2019,app,fintech",fintech app 2019,,0,,0.00,
"app,development,fintech",fintech app developers,,0,,0.00,
"app,fintech,presupuesto",fintech app para presupuesto,,0,,0.00,
"app,fintech,security",fintech app security,,0,,0.00,
"app,fintech,sweden,use",fintech app used in sweden,,0,,0.00,
"application,fintech,monitor",fintech applications monitoring,,0,,0.00,
"area,fintech",fintech areas,,0,,0.00,
"argentina,fintech,prestamos",fintech argentina prestamos,,0,,0.00,
"argentina,fintech",fintech argentina que es,,0,,0.00,
"article,fintech",fintech articles,,0,,0.00,
"asobancaria,fintech",fintech asobancaria,,0,,0.00,
"asset,fintech,management",fintech asset management,,0,,0.00,
"association,colombia,fintech",fintech association colombia,,0,,0.00,
"aunterbild,australia,fintech",fintech australia aunterbild,,0,,0.00,
"australia,fintech,news",fintech australia news,,0,,0.00,
"2020,awards,fintech",fintech awards 2020,,0,,0.00,
"awards,fintech,wales",fintech awards wales,,0,,0.00,
"bachelor,fintech,germany",fintech bachelor germany,,0,,0.00,
"0,4,banco,fintech",fintech banca 4.0,,0,,0.00,
"banco,fintech,inversion",fintech banca de inversion,,0,,0.00,
"banco,fintech,futuro",fintech banca del futuro,,0,,0.00,
"banco,digital,fintech",fintech banca digital,,0,,0.00,
"bancaria,fintech",fintech bancarias,,0,,0.00,
"bancaria,definicion,fintech",fintech bancarias definicion,,0,,0.00,
"banco,bbva,fintech",fintech banco bbva,,0,,0.00,
"banco,central,fintech",fintech banco central,,0,,0.00,
"banco,desarrollo,fintech,interamericana",fintech banco interamericano de desarrollo,,0,,0.00,
"banco,fintech,mundial",fintech banco mundial,,0,,0.00,
"banco,fintech,popular",fintech banco popular,,0,,0.00,
"banco,colombia,fintech,popular",fintech banco popular colombia,,0,,0.00,
"bancolombia,fintech",fintech bancolombia,,0,,0.00,
"banco,fintech,funcion",fintech bancos como funciona,,0,,0.00,
"account,bank,fintech",fintech bank account,,0,,0.00,
"bank,fintech",fintech bank s.a,,0,,0.00,
"bank,fintech",fintech banken,,0,,0.00,
"bank,company,fintech",fintech banking companies,,0,,0.00,
"bank,example,fintech",fintech banking examples,,0,,0.00,
"africa,bank,fintech,south",fintech banks south africa,,0,,0.00,
"banque,fintech",fintech banque,,0,,0.00,
"barcelona,fintech",fintech barcelona,,0,,0.00,
"area,bay,fintech",fintech bay area,,0,,0.00,
"bcp,fintech",fintech bcp,,0,,0.00,
"bcrp,fintech",fintech bcrp,,0,,0.00,
"bedrijven,fintech",fintech bedrijven,,0,,0.00,
"benefits,end,fintech,user",fintech benefits end user,,0,,0.00,
"benefits,fintech,user",fintech benefits user,,0,,0.00,
"beratung,fintech",fintech beratung,,0,,0.00,
"better,fintech",fintech better,,0,,0.00,
"beverage,fintech,invoice,physical,send",fintech beverage send invoice physical,,0,,0.00,
"beverage,fintech,physical,receipt,send",fintech beverage send receipt physical,,0,,0.00,
"biblioteca,c,fintech",fintech bibliotec c,,0,,0.00,
"biblioteca,fintech,uexternado",fintech biblioteca uexternado,,0,,0.00,
"bid,fintech",fintech bid,,0,,0.00,
"2018,bid,fintech",fintech bid 2018,,0,,0.00,
"2019,bid,fintech",fintech bid 2019,,0,,0.00,
"bid,finnovista,fintech",fintech bid finnovista,,0,,0.00,
"bidang,fintech,pertanian",fintech bidang pertanian,,0,,0.00,
"bidart,fintech",fintech bidart,,0,,0.00,
"bidu,fintech",fintech bidu,,0,,0.00,
"billy,fintech",fintech billy,,0,,0.00,
"bitcoin,dinero,fintech",fintech bitcoin dinero,,0,,0.00,
"blanco,fintech,negro",fintech blanco y negro,,0,,0.00,
"2018,blockchain,fintech",fintech blockchain 2018,,0,,0.00,
"blockchain,colombia,fintech",fintech blockchain colombia,,0,,0.00,
"amazon,book,fintech",fintech books amazon,,0,,0.00,
"bordeaux,fintech",fintech bordeaux,,0,,0.00,
"2019,brasil,fintech",fintech brasil 2019,,0,,0.00,
"broxel,fintech",fintech broxel,,0,,0.00,
"buda,fintech",fintech buda,,0,,0.00,
"account,business,fintech",fintech business account,,0,,0.00,
"business,development,fintech",fintech business development,,0,,0.00,
"business,dashboard,fintech,intelligence",fintech business intelligence dashboard,,0,,0.00,
"business,fintech,loan",fintech business loans,,0,,0.00,
"business,fintech,modelo",fintech business model,,0,,0.00,
"business,canvas,fintech,modelo",fintech business model canvas,,0,,0.00,
"business,fintech,year",fintech business year,,0,,0.00,
"bvc,fintech",fintech bvc,,0,,0.00,
"fintech,google",fintech by google,,0,,0.00,
"fintech,industrial,pdf",fintech by industries pdf,,0,,0.00,
"fintech,pdf,sector",fintech by sectors pdf,,0,,0.00,
"cadetes,fintech",fintech cadet,,0,,0.00,
"cajero,fintech",fintech cajero,,0,,0.00,
"cali,fintech",fintech cali,,0,,0.00,
"california,fintech",fintech california,,0,,0.00,
"camilo,fintech",fintech camilo sea,,0,,0.00,
"camilo,fintech,zea",fintech camilo zea,,0,,0.00,
"campus,fintech,party",fintech campus party,,0,,0.00,
"capital,fintech,group",fintech capital group,,0,,0.00,
"caracas,fintech",fintech caracas,,0,,0.00,
"cara,fintech,opportunities",fintech career opportunities,,0,,0.00,
"caricatura,fintech",fintech caricaturas,,0,,0.00,
"casa,fintech,prezi",fintech case prezi,,0,,0.00,
"casa,fintech,slideshre",fintech case slideshre,,0,,0.00,
"casa,fintech,studio",fintech case study,,0,,0.00,
"bbva,casa,fintech",fintech caso del bbva,,0,,0.00,
"casa,exito,fintech",fintech casos de exito,,0,,0.00,
"cedetes,fintech",fintech cedet,,0,,0.00,
"caribe,centroamerica,fintech",fintech centroamérica y caribe,,0,,0.00,
"chief,digital,fintech,marketing",fintech chief digital marketing,,0,,0.00,
"chief,fintech,marketing,online",fintech chief online marketing,,0,,0.00,
"chile,fintech",fintech chile que es,,0,,0.00,
"chilena,colombia,fintech",fintech chilena en colombia,,0,,0.00,
"actualizar,cifras,fintech,monte,transar",fintech cifras actualizadas de los montos transados,,0,,0.00,
"100,circular,fintech",fintech circular 100,,0,,0.00,
"city,fintech",fintech city,,0,,0.00,
"board,cliente,fintech",fintech client on boarding,,0,,0.00,
"cliente,fintech,onboarding",fintech client onboarding,,0,,0.00,
"automation,cliente,fintech,onboarding",fintech client onboarding automation,,0,,0.00,
"cmo,fintech,recruitment",fintech cmo recruitment,,0,,0.00,
"cnbv,fintech",fintech cnbv,,0,,0.00,
"co,fintech",fintech co,,0,,0.00,
"2019,coin,fintech",fintech coins 2019,,0,,0.00,
"collaboration,fintech",fintech collaboration,,0,,0.00,
"collection,fintech,fundo,size",fintech collective fund size,,0,,0.00,
"collection,fintech,latam",fintech collective latam,,0,,0.00,
"advisor,collection,fintech,robo",fintech collective robo advisors,,0,,0.00,
"2015,colombia,fintech",fintech colombia 2015,,0,,0.00,
"2016,colombia,fintech",fintech colombia 2016,,0,,0.00,
"2017,colombia,fintech",fintech colombia 2017,,0,,0.00,
"2017,banrep,colombia,fintech",fintech colombia 2017 banrep,,0,,0.00,
"2019,colombia,fintech",fintech colombia 2019,,0,,0.00,
"2019,colombia,fintech,sector",fintech colombia 2019 sector,,0,,0.00,
"0,4,colombia,fintech",fintech colombia 4.0,,0,,0.00,
"addie,colombia,fintech",fintech colombia addi,,0,,0.00,
"afinidad,colombia,fintech",fintech colombia afin,,0,,0.00,
"ahorro,colombia,fintech,mano",fintech colombia ahorro a la mano,,0,,0.00,
"billetes,colombia,fintech",fintech colombia billetes,,0,,0.00,
"camilo,colombia,fintech,zea",fintech colombia camilo zea,,0,,0.00,
"colombia,comisiones,fintech",fintech colombia comisiones,,0,,0.00,
"colombia,fintech,funcion",fintech colombia como funciona,,0,,0.00,
"colombia,fintech,inversiones",fintech colombia como inversión,,0,,0.00,
"colombia,credito,fintech,rapido",fintech colombia credito rapido,,0,,0.00,
"colombia,declarar,fintech,renta",fintech colombia declaraciones de renta,,0,,0.00,
"colombia,declarar,fintech,natural,personas,renta",fintech colombia declaraciones de renta persona natural,,0,,0.00,
"colombia,edwin,fintech,zacipa",fintech colombia edwin zacipa,,0,,0.00,
"colombia,empleo,fintech",fintech colombia empleo,,0,,0.00,
"colombia,empresa,fintech",fintech colombia empresas,,0,,0.00,
"colombia,empresa,fintech,tecnologicos",fintech colombia empresas tecnologicas,,0,,0.00,
"0,colombia,empresa,fintech",fintech colombia empresas.0,,0,,0.00,
"colombia,fintech,vivo",fintech colombia en vivo,,0,,0.00,
"colombia,estadistica,fintech",fintech colombia estadisticas,,0,,0.00,
"colombia,factores,fintech",fintech colombia factoring,,0,,0.00,
"colombia,financiera,fintech",fintech colombia financiera,,0,,0.00,
"colombia,finnovista,fintech",fintech colombia finnovista,,0,,0.00,
"colombia,fintech,grafica",fintech colombia grafico,,0,,0.00,
"colombia,fintech,informe",fintech colombia informe,,0,,0.00,
"colombia,fintech,invercion",fintech colombia invercion,,0,,0.00,
"colombia,fintech,inversiones",fintech colombia inversión,,0,,0.00,
"colombia,fintech,marketing,potential",fintech colombia market potential,,0,,0.00,
"2019,colombia,fintech,linea,mejor,prestamo",fintech colombia mejor préstamo en línea 2019,,0,,0.00,
"colombia,fintech,personas",fintech colombia para personas,,0,,0.00,
"colombia,fintech,pymes",fintech colombia para pymes,,0,,0.00,
"colombia,fintech,pereira",fintech colombia pereira,,0,,0.00,
"colombia,fintech,personas",fintech colombia personas,,0,,0.00,
"colombia,facil,fintech,linea,minutos,munic,prestamos",fintech colombia prestamos en línea y fácil en minutos múnica,,0,,0.00,
"colombia,fintech,problemas",fintech colombia problemas,,0,,0.00,
"colombia,fintech,prestamos",fintech colombia préstamos,,0,,0.00,
"colombia,fintech,regulacion",fintech colombia regulacion,,0,,0.00,
"colombia,fintech,regular",fintech colombia regulación,,0,,0.00,
"colombia,fintech,rentabilidad",fintech colombia rentabilidad,,0,,0.00,
"colombia,fintech,sas",fintech colombia sas,,0,,0.00,
"colombia,fintech,nit,sas",fintech colombia sas nit,,0,,0.00,
"colombia,fintech,trabajo",fintech colombia trabajo,,0,,0.00,
"colombia,combinar,fintech",fintech colombia y combinator,,0,,0.00,
"bold,colombiano,fintech",fintech colombiana bold,,0,,0.00,
"2017,colombiano,fintech",fintech colombianas 2017,,0,,0.00,
"colombia,fintech",fintech colombis,,0,,0.00,
"colomvia,fintech",fintech colomvia,,0,,0.00,
"colpatria,fintech",fintech colpatria,,0,,0.00,
"communication,fintech",fintech communications,,0,,0.00,
"fintech,funcionam",fintech como funcionam,,0,,0.00,
"crisis,fintech,inductor",fintech como inductor de crisis,,0,,0.00,
"fintech,lineru",fintech como lineru,,0,,0.00,
"blockchain,economica,empresarial,fintech,marca",fintech como marco económico y empresarial del blockchain,,0,,0.00,
"2019,company,fintech",fintech companies 2019,,0,,0.00,
"bank,company,fintech",fintech companies and banks,,0,,0.00,
"area,bay,company,fintech",fintech companies bay area,,0,,0.00,
"chicago,company,fintech",fintech companies chicago,,0,,0.00,
"company,dublin,fintech",fintech companies dublin,,0,,0.00,
"company,fintech,houston",fintech companies houston,,0,,0.00,
"austin,company,fintech",fintech companies in austin,,0,,0.00,
"chicago,company,fintech",fintech companies in chicago,,0,,0.00,
"company,dublin,fintech",fintech companies in dublin,,0,,0.00,
"company,fintech,ireland",fintech companies in ireland,,0,,0.00,
"company,fintech,seattle",fintech companies in seattle,,0,,0.00,
"company,fintech,sf",fintech companies in sf,,0,,0.00,
"company,fintech,ireland",fintech companies ireland,,0,,0.00,
"advice,company,fintech,legal,spain",fintech companies legal advice spain,,0,,0.00,
"company,fintech,nyc",fintech companies nyc,,0,,0.00,
"company,fintech,francisco,san",fintech companies san francisco,,0,,0.00,
"company,fintech,stock",fintech companies stock,,0,,0.00,
"company,fintech,marketing,stock",fintech companies stock market,,0,,0.00,
"company,fintech,watch",fintech companies to watch,,0,,0.00,
"company,fintech,toronto",fintech companies toronto,,0,,0.00,
"company,fintech,uk",fintech companies uk,,0,,0.00,
"ai,company,fintech,use",fintech companies using ai,,0,,0.00,
"competir,fintech",fintech competencies,,0,,0.00,
"distracom,fintech",fintech con distracom,,0,,0.00,
"distracom,fintech,tower",fintech con distracom tower,,0,,0.00,
"fintech,python",fintech con python,,0,,0.00,
"2018,conference,fintech",fintech conference 2018,,0,,0.00,
"2019,conference,fintech,new,york",fintech conference 2019 new york,,0,,0.00,
"conference,dublin,fintech",fintech conference dublin,,0,,0.00,
"2017,conference,fintech",fintech conferences 2017,,0,,0.00,
"2019,conference,fintech",fintech conferences 2019,,0,,0.00,
"2020,conference,fintech",fintech conferences 2020,,0,,0.00,
"2019,connect,fintech",fintech connect 2019,,0,,0.00,
"cliente,conocimiento,fintech,imagenes",fintech conocimiento de clientes imagenes,,0,,0.00,
"animado,cliente,conocimiento,fintech,imagenes",fintech conocimiento de clientes imagenes animadas,,0,,0.00,
"consulta,fintech,london",fintech consultancy london,,0,,0.00,
"consulta,fintech,service",fintech consulting services,,0,,0.00,
"copywriting,fintech",fintech copywriter,,0,,0.00,
"copywriting,fintech,service",fintech copywriting services,,0,,0.00,
"corporal,fintech,firma,law",fintech corporate law firm,,0,,0.00,
"cosas,fintech,è",fintech cos è,,0,,0.00,
"course,fintech,usa",fintech course in usa,,0,,0.00,
"bangalore,course,fintech",fintech courses in bangalore,,0,,0.00,
"can,course,fintech",fintech courses in canada,,0,,0.00,
"course,delhi,fintech",fintech courses in delhi,,0,,0.00,
"course,fintech,ireland",fintech courses ireland,,0,,0.00,
"cous,fintech",fintech couse,,0,,0.00,
"crdito,fintech",fintech crditos,,0,,0.00,
"crecimiento,fintech",fintech crecimiento,,0,,0.00,
"credicorp,fintech",fintech credicorp,,0,,0.00,
"credissimo,fintech",fintech credissimo,,0,,0.00,
"credito,fintech,risk",fintech credit risk,,0,,0.00,
"brasil,credito,fintech",fintech creditas brasil,,0,,0.00,
"brazil,credito,fintech",fintech creditas brazil,,0,,0.00,
"brasil,credito,fintech",fintech credito brasil,,0,,0.00,
"croudfunding,fintech",fintech croudfunding,,0,,0.00,
"colombia,crowd,fintech",fintech crowd colombia,,0,,0.00,
"crowdfunding,fintech,lisa",fintech crowdfunding lisa,,0,,0.00,
"crowdfunding,fintech,lisa,simoson",fintech crowdfunding lisa simoson,,0,,0.00,
"bank,cryptocurrency,fintech",fintech cryptocurrency banks,,0,,0.00,
"credito,fintech",fintech créditos,,0,,0.00,
"cucuta,fintech",fintech cucuta,,0,,0.00,
"cundinamarca,fintech",fintech cundinamarca,,0,,0.00,
"cundinamrca,fintech",fintech cundinamrca,,0,,0.00,
"curious,fintech",fintech curious,,0,,0.00,
"cyber,fintech,security",fintech cyber security,,0,,0.00,
"dapositivas,fintech",fintech dapositivas,,0,,0.00,
"datos,fintech,privacy",fintech data privacy,,0,,0.00,
"datos,fintech,protection",fintech data protection,,0,,0.00,
"datos,fintech,science",fintech data science,,0,,0.00,
"davivienda,fintech,historioa",fintech davivienda historioa,,0,,0.00,
"babco,fintech,retail",fintech de babca retail,,0,,0.00,
"banco,fintech,retail",fintech de banca retail,,0,,0.00,
"brasil,credito,fintech",fintech de credito en brasil,,0,,0.00,
"credito,fintech",fintech de creditos,,0,,0.00,
fintech,fintech de donde es,,0,,0.00,
"españa,fintech",fintech de españa,,0,,0.00,
"financial,fintech",fintech de financiamiento,,0,,0.00,
"colombia,fintech,inversion",fintech de inversion en colombia,,0,,0.00,
"fintech,pago",fintech de pago,,0,,0.00,
"colombia,fintech,prestamos",fintech de prestamos colombia,,0,,0.00,
"colombia,fintech,seguridad",fintech de seguros en colombia,,0,,0.00,
"decode,fintech,mckinsey",fintech decoded mckinsey,,0,,0.00,
"colombia,definicion,fintech",fintech definicion colombia,,0,,0.00,
"definiciòn,fintech",fintech definiciòn,,0,,0.00,
"definition,fintech,pdf",fintech definition pdf,,0,,0.00,
"definizione,fintech",fintech definizione,,0,,0.00,
"degree,fintech",fintech degree,,0,,0.00,
"deloitte,fintech,pdf",fintech deloitte pdf,,0,,0.00,
"deposito,fintech",fintech depositos,,0,,0.00,
"deposito,fintech",fintech deposits,,0,,0.00,
"comercial,derecho,fintech",fintech derecho comercial,,0,,0.00,
"descripcion,fintech,probelams",fintech descripcion del probelam,,0,,0.00,
"descripcion,fintech,probelmas",fintech descripcion del probelma,,0,,0.00,
"conference,development,fintech",fintech developer conference,,0,,0.00,
"development,fintech,group",fintech developer groups,,0,,0.00,
"development,fintech,meetup",fintech developer meetup,,0,,0.00,
"company,development,fintech",fintech development company,,0,,0.00,
"diagrama,fintech,proceso",fintech diagrama del proceso,,0,,0.00,
"animado,dibujos,fintech",fintech dibujos animados,,0,,0.00,
"digital,fintech,marketing",fintech digital marketing,,0,,0.00,
"digital,fintech,transformers",fintech digital transformation,,0,,0.00,
"dinero,fintech",fintech dinero,,0,,0.00,
"disruptiva,fintech",fintech disruption,,0,,0.00,
"disruptiva,fintech,pdf",fintech disruption pdf,,0,,0.00,
"distribucion,fintech",fintech distribucion,,0,,0.00,
"distribucion,fintech,productos",fintech distribucion de productos,,0,,0.00,
"distribucion,financieros,fintech,productos",fintech distribucion de productos financiero,,0,,0.00,
"distribucion,financieros,fintech,productos",fintech distribucion de productos financieros,,0,,0.00,
"conference,dubai,exhibition,fintech",fintech dubai conference & exhibition,,0,,0.00,
"dublin,fintech",fintech dublin,,0,,0.00,
"economia,fintech,naranja",fintech economia naranja,,0,,0.00,
"ecosystem,fintech,pdf,reporte",fintech ecosystem report pdf,,0,,0.00,
"edtech,fintech,healthtech",fintech edtech y healthtech,,0,,0.00,
"bermudas,educativa,fintech",fintech education bermuda,,0,,0.00,
"center,educativa,fintech",fintech education center,,0,,0.00,
"educativa,fintech,india",fintech education india,,0,,0.00,
"educativa,fintech,loan",fintech education loan,,0,,0.00,
"educativa,fintech,malaysia",fintech education malaysia,,0,,0.00,
"educativa,fintech,programa",fintech education program,,0,,0.00,
"educativa,fintech,singapore",fintech education singapore,,0,,0.00,
"educativa,fintech,technology",fintech education technology,,0,,0.00,
"educativa,fintech,uday",fintech education uday,,0,,0.00,
"efectos,fintech,negativo",fintech efectos negativos,,0,,0.00,
"cliente,creacion,eje,fintech,valor",fintech el cliente como eje de creación de valor,,0,,0.00,
"email,fintech",fintech email,,0,,0.00,
"emprendimiento,fintech",fintech emprendimientos,,0,,0.00,
"empresarial,fintech",fintech empresarial,,0,,0.00,
"alemania,fintech",fintech en alemania,,0,,0.00,
"america,fintech,latino",fintech en américa latina,,0,,0.00,
"2018,america,consolidado,crecimiento,fintech,latino",fintech en américa latina 2018 crecimiento y consolidación,,0,,0.00,
"china,fintech",fintech en china,,0,,0.00,
"2019,colombia,fintech",fintech en colombia 2019,,0,,0.00,
"61,aumento,años,ciento,colombia,fintech",fintech en colombia aumentaron 61 por ciento en un año,,0,,0.00,
"colombia,fintech,oficial,pagina",fintech en colombia pagina oficial,,0,,0.00,
"colombia,fintech,pdf",fintech en colombia pdf,,0,,0.00,
"colombia,fintech,polemica",fintech en colombia polemica,,0,,0.00,
"colombia,fintech,politica",fintech en colombia politica,,0,,0.00,
"colombia,comercial,fintech,industrial,superintendencia",fintech en colombia superintendencia de industria y comercio,,0,,0.00,
"colombia,fintech",fintech en colombis,,0,,0.00,
"cauca,fintech",fintech en el cauca,,0,,0.00,
"2017,fintech,mundo",fintech en el mundo 2017,,0,,0.00,
"2019,fintech,mundo",fintech en el mundo 2019,,0,,0.00,
"bancomext,fintech,mundo",fintech en el mundo bancomext,,0,,0.00,
"fintech,mundo,pdf",fintech en el mundo pdf,,0,,0.00,
"financieros,fintech,sector",fintech en el sector financiero,,0,,0.00,
"finaciero,fintech,intermacional,sister",fintech en el siste a finaciero intermacional,,0,,0.00,
"2018,españa,fintech",fintech en españa 2018,,0,,0.00,
"europa,fintech,regulacion",fintech en europa regulacion,,0,,0.00,
"fintech,francia",fintech en francia,,0,,0.00,
"fintech,honkong",fintech en honkong,,0,,0.00,
"academia,fintech",fintech en la academia,,0,,0.00,
"banco,fintech",fintech en la banca,,0,,0.00,
"fintech,reina,unidos",fintech en reino unido,,0,,0.00,
"fintech,soacha",fintech en soacha,,0,,0.00,
"cauca,fintech,pdf,valle",fintech en valle del cauca pdf,,0,,0.00,
"enable,fintech,technology",fintech enabling technologies,,0,,0.00,
"enviar,factura,fintech,fisica",fintech envio factura fisica,,0,,0.00,
"envpio,factura,fintech,fisica",fintech envpio factura fisica,,0,,0.00,
"equity,fintech,research",fintech equity research,,0,,0.00,
"espa,fintech",fintech espaa,,0,,0.00,
"espanol,fintech",fintech espanola,,0,,0.00,
"2018,españa,fintech",fintech españa 2018,,0,,0.00,
"2019,españa,fintech",fintech españa 2019,,0,,0.00,
"españa,fintech,ing",fintech españa con ing,,0,,0.00,
"españa,fintech",fintech españa españa,,0,,0.00,
"cosumidor,estatuto,fintech",fintech estatuto del cosumidor,,0,,0.00,
"banque,et,fintech",fintech et banque,,0,,0.00,
"etimologico,fintech,historia",fintech etimology history,,0,,0.00,
"david,europa,fintech,martinez",fintech europe david martinez,,0,,0.00,
"europea,fintech",fintech europeo,,0,,0.00,
"europea,fintech",fintech europeo como es,,0,,0.00,
"europea,fintech,historia",fintech europeo historia,,0,,0.00,
"ebitda,ev,fintech",fintech ev ebitda,,0,,0.00,
"ev,fintech,sale",fintech ev sales,,0,,0.00,
"2019,eventos,fintech,june,new,york",fintech event 2019 new york june,,0,,0.00,
"eventos,fintech,singapore",fintech event singapore,,0,,0.00,
"2019,eventos,fintech",fintech events 2019,,0,,0.00,
"2019,eventos,fintech,india",fintech events 2019 india,,0,,0.00,
"2020,eventos,fintech",fintech events 2020,,0,,0.00,
"2019,eventos,fintech",fintech events in 2019,,0,,0.00,
"2019,eventos,fintech,india",fintech events in india 2019,,0,,0.00,
"eventos,fintech,london",fintech events london,,0,,0.00,
"2018,eventos,fintech,uk",fintech events uk 2018,,0,,0.00,
"america,evolucion,fintech,latino",fintech evolucion en america latina,,0,,0.00,
"america,evolucion,fintech,latino,tesis",fintech evolucion en america latina tesis,,0,,0.00,
"executive,fintech,recruitment",fintech executive recruiters,,0,,0.00,
"executive,fintech,search",fintech executive search,,0,,0.00,
"consulta,executive,fintech,search",fintech executive search consultants,,0,,0.00,
"exhibition,fintech",fintech exhibition,,0,,0.00,
"exhibition,fintech,singapore",fintech exhibition singapore,,0,,0.00,
"exito,fintech",fintech exitosa,,0,,0.00,
"america,colombia,extranjero,fintech,latino",fintech extranjeras en colombia y america latina,,0,,0.00,
"españa,extranjero,fintech",fintech extranjeras en españa,,0,,0.00,
"ey,fintech,pdf",fintech ey pdf,,0,,0.00,
"credito,fabrica,fintech",fintech fabrica de credito,,0,,0.00,
"facil,fintech",fintech facilidades,,0,,0.00,
"facil,fintech,smarthphone",fintech facilidades con smarthphone,,0,,0.00,
"digitales,factura,fintech",fintech facturas digitales,,0,,0.00,
"2020,fair,fintech",fintech fair 2020,,0,,0.00,
"fast,fintech,trackid,visa",fintech fast track visa,,0,,0.00,
"2018,festival,fintech,news",fintech festival 2018 news,,0,,0.00,
"colombia,fiducia,fintech",fintech fiducias colombia,,0,,0.00,
"filtro,fintech",fintech filtro,,0,,0.00,
"filtro,fintech",fintech filtros,,0,,0.00,
"financial,fintech,technology",fintech financial technologies,,0,,0.00,
"21st,century,financial,financiera,fintech,moderna,technology",fintech financial technology and modern finance in the 21st century,,0,,0.00,
"financial,fintech,firma,technology",fintech financial technology firms,,0,,0.00,
"colombia,financiera,fintech",fintech financiera colombia,,0,,0.00,
"finanzas,fintech",fintech finanzas,,0,,0.00,
"finland,fintech",fintech finland,,0,,0.00,
"finnovista,fintech",fintech finnovista,,0,,0.00,
"fintech,firma",fintech firmaer,,0,,0.00,
"fintech,fondo,inversion",fintech fondos de inversion,,0,,0.00,
"fintech,fondo,pension",fintech fondos de pensiones,,0,,0.00,
"fintech,fondo",fintech fonds,,0,,0.00,
"fintech,fondsdienstleistungen",fintech fondsdienstleistungen,,0,,0.00,
"driver,dummies,fintech,pdf",fintech for dummies pdf drive,,0,,0.00,
"fintech,forge",fintech forge,,0,,0.00,
"fintech,frases",fintech frases,,0,,0.00,
"fintech,free,imagen",fintech free image,,0,,0.00,
"fintech,free,imagen",fintech free images,,0,,0.00,
"fintech,funcion,pdf",fintech funcion pdf,,0,,0.00,
"fintech,fusion,geneva,incubadora,office",fintech fusion incubator offices geneva,,0,,0.00,
"fintech,fx",fintech fx,,0,,0.00,
"2018,fintech,germany",fintech germany 2018,,0,,0.00,
"fintech,gestion",fintech gestion,,0,,0.00,
"biggest,fintech,global,players",fintech global biggest players,,0,,0.00,
"2010,biggest,fintech,global,players",fintech global biggest players 2010,,0,,0.00,
"2019,biggest,fintech,global,players",fintech global biggest players 2019,,0,,0.00,
"expo,fintech,global",fintech global expo,,0,,0.00,
"fintech,glossary",fintech glossary,,0,,0.00,
"academico,fintech,google",fintech google academico,,0,,0.00,
"fintech,gq",fintech gq,,0,,0.00,
"fintech,grant",fintech grants,,0,,0.00,
"fintech,groupp",fintech grouppe,,0,,0.00,
"fintech,growth,latam",fintech growth latam,,0,,0.00,
"fintech,hackathon",fintech hackathon,,0,,0.00,
"fintech,handbook",fintech handbook,,0,,0.00,
"allvp,fintech,handbook,research",fintech handbook allvp research,,0,,0.00,
"fintech,handel",fintech handel,,0,,0.00,
"fintech,hangbook,twitter",fintech hangbook twitter,,0,,0.00,
"allvp,fintech,hangbook,research,twitter",fintech hangbook twitter allvp research,,0,,0.00,
"alvvp,fintech,hangbook,research,twitter",fintech hangbook twitter alvvp research,,0,,0.00,
"business,fintech,harvard,review",fintech harvard business review,,0,,0.00,
"fintech,headhunter,latam",fintech headhunters latam,,0,,0.00,
"fintech,headhunter,latinoamerica",fintech headhunters latinoamerica,,0,,0.00,
"fintech,hiring",fintech hiring,,0,,0.00,
"evolution,fintech,historia",fintech history and evolution,,0,,0.00,
"bid,fintech,honduras",fintech honduras bid,,0,,0.00,
"fintech,hongos,kong",fintech hong kong,,0,,0.00,
"fintech,hosting",fintech hosting,,0,,0.00,
"fintech,houston",fintech houston,,0,,0.00,
"fintech,hubo,world",fintech hubs in the world,,0,,0.00,
"fintech,iberoamericana",fintech iberoamericana,,0,,0.00,
"fintech,ico,tokens",fintech icos tokens,,0,,0.00,
"fintech,id,verificación",fintech id verification,,0,,0.00,
"2019,fintech,ideas",fintech ideas 2019,,0,,0.00,
"2017,colombia,fintech,ideaton",fintech ideaton colombia 2017,,0,,0.00,
"fintech,ilustraciones",fintech ilustration,,0,,0.00,
"fintech,imagen",fintech imagen,,0,,0.00,
"financial,fintech,impacto,service",fintech impact on financial services,,0,,0.00,
"2018,easy,edition,financial,fintech,flash,made,technology",fintech in a flash financial technology made easy 2018 edition,,0,,0.00,
"easy,financial,fintech,flash,made,pdf,technology",fintech in a flash financial technology made easy pdf,,0,,0.00,
"chicago,fintech",fintech in chicago,,0,,0.00,
"fintech,ireland",fintech in ireland,,0,,0.00,
"fintech,futuro",fintech in the future,,0,,0.00,
"fintech,statistics,world",fintech in the world statistics,,0,,0.00,
"fintech,inbound,marketing",fintech inbound marketing,,0,,0.00,
"fintech,incubadora",fintech incubator,,0,,0.00,
"fintech,independencia",fintech independencia,,0,,0.00,
"analysis,fintech,industrial",fintech industry analysis,,0,,0.00,
"challenge,fintech,industrial",fintech industry challenges,,0,,0.00,
"definition,fintech,industrial",fintech industry definition,,0,,0.00,
"fintech,industrial,lawyers",fintech industry lawyers,,0,,0.00,
"fintech,industrial,overview",fintech industry overview,,0,,0.00,
"fintech,industrial,risk",fintech industry risks,,0,,0.00,
"fintech,industrial,pdf,risk",fintech industry risks pdf,,0,,0.00,
"fintech,industrial,staffing",fintech industry staffing,,0,,0.00,
"2020,fintech,industrial,trends",fintech industry trends 2020,,0,,0.00,
"fintech,influencer",fintech influencers,,0,,0.00,
"fintech,info",fintech info,,0,,0.00,
"fintech,infografia",fintech infografia,,0,,0.00,
"fintech,infopedia",fintech infopedia,,0,,0.00,
"fintech,infrastructure,mapa,marketing",fintech infrastructure market map,,0,,0.00,
"fintech,inicio",fintech inicio,,0,,0.00,
"fintech,innovacion",fintech innovacion,,0,,0.00,
"fintech,innovación",fintech innovaciones que no,,0,,0.00,
"fintech,innovación",fintech innovadoras,,0,,0.00,
"2019,fintech,innovación",fintech innovation 2019,,0,,0.00,
"fintech,innovación,overview",fintech innovation an overview,,0,,0.00,
"bridge,c,d,fintech,gap,initial,innovación,techo",fintech innovation initiative bridging the gap between tech and d.c,,0,,0.00,
"axelpreusskuhne,como,fintech,insite,wordpress",fintech insite axelpreusskuhne.wordpress.com,,0,,0.00,
"axelpreusskuhne,como,fintech,https,insite,wordpress",fintech insite https axelpreusskuhne.wordpress.com,,0,,0.00,
"fintech,industrial,insurance",fintech insurance industry,,0,,0.00,
"fintech,innovación,insurance",fintech insurance innovation,,0,,0.00,
"fintech,interes,prestamos",fintech interes en prestamos,,0,,0.00,
"fintech,international,payment",fintech international payments,,0,,0.00,
"colombia,fintech,investment",fintech investment colombia,,0,,0.00,
"colombia,fintech,investment",fintech investment in colombia,,0,,0.00,
"fintech,investment,latam",fintech investment in latam,,0,,0.00,
"2019,fintech,investment,latam,total",fintech investment in latam 2019 total,,0,,0.00,
"2019,fintech,investment,latam,totoal",fintech investment in latam 2019 totoal,,0,,0.00,
"fintech,investment,management",fintech investment management,,0,,0.00,
"fintech,investment,platform",fintech investment platforms,,0,,0.00,
"fintech,investment,softbank",fintech investment softbank,,0,,0.00,
"fintech,investment,ltd",fintech investments ltd,,0,,0.00,
"fintech,germany,investor",fintech investor germany,,0,,0.00,
"fintech,ireland",fintech ireland,,0,,0.00,
"fintech,israel",fintech israel,,0,,0.00,
"boston,consulta,fintech",fintech it consulting boston,,0,,0.00,
"chicago,consulta,fintech",fintech it consulting chicago,,0,,0.00,
"consulta,county,fintech,orange",fintech it consulting orange county,,0,,0.00,
"consulta,fintech,portland",fintech it consulting portland,,0,,0.00,
"consulta,fintech,tampa",fintech it consulting tampa,,0,,0.00,
"fintech,jelentése",fintech jelentése,,0,,0.00,
"fintech,jersey",fintech jersey,,0,,0.00,
"fintech,jose,torres",fintech jose torres,,0,,0.00,
"banco,davivienda,fintech,jose,torres",fintech jose torres banco davivienda,,0,,0.00,
"fintech,keyword",fintech keywords,,0,,0.00,
"fintech,kickstarter",fintech kickstarter,,0,,0.00,
"fintech,koibanx",fintech koibanx,,0,,0.00,
"digitalizar,financieros,fintech,sector",fintech la digitalización del sector financiero,,0,,0.00,
"encarar,financieros,fintech,inesperado,revolución,sector",fintech la inesperada revolución que encara el sector financiero,,0,,0.00,
"fintech,republica",fintech la republica,,0,,0.00,
"fintech,reublica",fintech la reublica,,0,,0.00,
"fintech,grande,mas",fintech las mas grandes,,0,,0.00,
"2018,fintech,latam",fintech latam 2018,,0,,0.00,
"2018,fintech,latam,programa",fintech latam 2018 program,,0,,0.00,
"2018,fintech,latam,programa,vilcap",fintech latam 2018 program vilcap,,0,,0.00,
"bid,fintech,latam",fintech latam bid,,0,,0.00,
"2018,america,consolidado,fintech,growth,latino",fintech latin america 2018 growth and consolidation,,0,,0.00,
"america,fintech,latino",fintech latino america,,0,,0.00,
"2019,fintech,latinoamerica",fintech latinoamerica 2019,,0,,0.00,
"bid,fintech,latinoamerica",fintech latinoamerica bid,,0,,0.00,
"fintech,importancia,latinoamerica,mas",fintech latinoamerica mas importantes,,0,,0.00,
"fintech,latinoamerica,nequi",fintech latinoamerica nequi,,0,,0.00,
"fintech,latinoamerica,pdf",fintech latinoamerica pdf,,0,,0.00,
"fintech,latinoamericana",fintech latinoamericanas,,0,,0.00,
"2019,fintech,latinoamerica",fintech latinoamérica 2019,,0,,0.00,
"fintech,latinoamerica,pdf",fintech latinoamérica pdf,,0,,0.00,
"fintech,firma,law",fintech law firms,,0,,0.00,
"fintech,firma,law,london",fintech law firms london,,0,,0.00,
"fintech,itf,law",fintech law itf,,0,,0.00,
"2018,fintech,law,marcha",fintech law march 2018,,0,,0.00,
"2018,fintech,law,marcha,reuters",fintech law march 2018 reuters,,0,,0.00,
"fintech,law,publicacion",fintech law publicacion,,0,,0.00,
"fintech,law,publico",fintech law publicada,,0,,0.00,
"fintech,law,state,united",fintech law united states,,0,,0.00,
"fintech,lawyer,salario",fintech lawyer salary,,0,,0.00,
"fintech,lawyers,london",fintech lawyers london,,0,,0.00,
"fintech,generator,lead",fintech lead generation,,0,,0.00,
"adviser,fintech,legal",fintech legal adviser,,0,,0.00,
"españa,fintech,lending",fintech lending españa,,0,,0.00,
"fintech,lending,modelo",fintech lending models,,0,,0.00,
"fintech,lending,platform",fintech lending platform,,0,,0.00,
"fintech,lending,platform",fintech lending platforms,,0,,0.00,
"colombia,fintech,ley",fintech ley colombia,,0,,0.00,
"bancaria,fintech,licencia",fintech licencia bancaria,,0,,0.00,
"bancaria,colombia,fintech,licencia",fintech licencia bancario en colombia,,0,,0.00,
"fintech,licor",fintech licor,,0,,0.00,
"fintech,limites",fintech limited,,0,,0.00,
"finanzas,fintech,hacer,pdf,tecnologicos",fintech lo que la tecnología hace por las finanzas pdf,,0,,0.00,
"company,fintech,loan",fintech loan companies,,0,,0.00,
"fintech,loan",fintech loans,,0,,0.00,
"business,dashboard,fintech,intelligence,loan",fintech loans business intelligence dashboard,,0,,0.00,
"fintech,lufax",fintech lufax,,0,,0.00,
"fintech,malaysia",fintech malaysia,,0,,0.00,
"fintech,malta",fintech malta,,0,,0.00,
"fintech,mapa,mentl",fintech mapa mentl,,0,,0.00,
"fintech,latino,maricas",fintech marica latina,,0,,0.00,
"fintech,lead,marketing",fintech market leader,,0,,0.00,
"fintech,marketing,share",fintech market share,,0,,0.00,
"campaign,fintech,marketing",fintech marketing campaigns,,0,,0.00,
"careers,fintech,marketing",fintech marketing careers,,0,,0.00,
"company,fintech,marketing",fintech marketing company,,0,,0.00,
"exeter,fintech,marketing",fintech marketing exeter,,0,,0.00,
"broken,fintech,marketing",fintech marketing is broken,,0,,0.00,
"fintech,marketing,plan",fintech marketing plan,,0,,0.00,
"fintech,marketing,rol",fintech marketing roles,,0,,0.00,
"fintech,marketing,specialist",fintech marketing specialists,,0,,0.00,
"fintech,marketing,strategy",fintech marketing strategy,,0,,0.00,
"fintech,marketing,reporte,strategy",fintech marketing strategy reports,,0,,0.00,
"fintech,marketing,trends",fintech marketing trends,,0,,0.00,
"fintech,marketing,uk",fintech marketing uk,,0,,0.00,
"fintech,importancia,mas,pais",fintech mas importantes del pais,,0,,0.00,
"cllobia,fintech,influyentes,mas",fintech mas influyente de cllobia,,0,,0.00,
"colombia,fintech,mas,usados",fintech mas usadas en colombia,,0,,0.00,
"fintech,masters,ucc",fintech masters ucc,,0,,0.00,
"fintech,matt",fintech matter,,0,,0.00,
"fintech,matters",fintech matters,,0,,0.00,
"fintech,mckinsey,pdf",fintech mckinsey pdf,,0,,0.00,
"feria,financiera,fintech,medellin",fintech medellin feria financiera,,0,,0.00,
"fintech,medio,relatos",fintech media relations,,0,,0.00,
"fintech,melbourne",fintech melbourne,,0,,0.00,
"fintech,flink,mexicana",fintech mexicana flink,,0,,0.00,
"2019,fintech,miami",fintech miami 2019,,0,,0.00,
"bogota,credito,fintech,micro",fintech micro credito bogota,,0,,0.00,
"bogota,fintech,microcredito",fintech microcredito bogota,,0,,0.00,
"fintech,microsoft",fintech microsoft,,0,,0.00,
"fintech,hacienda,minas",fintech min hacienda,,0,,0.00,
"fintech,minhacienda",fintech minhacienda,,0,,0.00,
"fintech,misterio",fintech misteriosa,,0,,0.00,
"colombia,fintech,mobi",fintech mobi colombia,,0,,0.00,
"app,creator,fintech,mobile",fintech mobile app creator,,0,,0.00,
"app,development,fintech,mobile",fintech mobile app development,,0,,0.00,
"fintech,monterrey",fintech monterrey,,0,,0.00,
"fintech,mooc",fintech mooc,,0,,0.00,
"fintech,mortgage",fintech mortgage,,0,,0.00,
"company,fintech,mortgage",fintech mortgage companies,,0,,0.00,
"fintech,lenders,mortgage",fintech mortgage lenders,,0,,0.00,
"colombia,fintech,movii",fintech movii colombia,,0,,0.00,
"fintech,mpow",fintech mpower,,0,,0.00,
"company,fintech,multinational",fintech multinational company,,0,,0.00,
"fintech,mundial",fintech mundial,,0,,0.00,
"fintech,fundo,mutual",fintech mutual funds,,0,,0.00,
"brasil,exito,fintech",fintech más exitosa en brasil,,0,,0.00,
"fintech,münchen",fintech münchen,,0,,0.00,
"fintech,network",fintech network,,0,,0.00,
"2018,fintech,news",fintech news 2018,,0,,0.00,
"fintech,nombre",fintech nombres,,0,,0.00,
"fintech,odf",fintech odf,,0,,0.00,
"empleo,fintech,ofertas",fintech oferta empleo,,0,,0.00,
"fintech,offers",fintech offerings,,0,,0.00,
"fintech,ondersteuning",fintech ondersteuning,,0,,0.00,
"fintech,opentalent",fintech opentalent,,0,,0.00,
"diagrama,fintech,instrumentos,operatividad,proceso",fintech operatividad del instrumento diagrama del proceso,,0,,0.00,
"fintech,opportunities",fintech opportunities,,0,,0.00,
"bank,fintech,opportunities",fintech opportunities for banks,,0,,0.00,
"fintech,organisation",fintech organisation,,0,,0.00,
"fintech,osmosis",fintech osmosis,,0,,0.00,
"fintech,outsorucing",fintech outsoruce,,0,,0.00,
"fintech,outsourcing",fintech outsource,,0,,0.00,
"fintech,outsourcing",fintech outsourcing,,0,,0.00,
"fintech,lending,p2p",fintech p2p lending,,0,,0.00,
"fintech,paiement",fintech paiement,,0,,0.00,
"fintech,papa",fintech paper,,0,,0.00,
"fintech,papa,pdf",fintech paper pdf,,0,,0.00,
"docker,fintech",fintech para docker,,0,,0.00,
"fintech,inversiones",fintech para inversionistas,,0,,0.00,
"dinero,fintech,invertir",fintech para invertir mi dinero,,0,,0.00,
"fintech,pension",fintech para pensiones,,0,,0.00,
"fintech,prestamos,solicitud",fintech para prestamos solicitudes,,0,,0.00,
"fintech,sirve",fintech para que sirve,,0,,0.00,
"fintech,transferencia",fintech para transferencias,,0,,0.00,
"2020,fintech,paris",fintech paris 2020,,0,,0.00,
"fintech,parnterships",fintech parnterships,,0,,0.00,
"fintech,patente",fintech patents,,0,,0.00,
"company,fintech,payment",fintech payment companies,,0,,0.00,
"fintech,payment,pdf",fintech payment pdf,,0,,0.00,
"fintech,payment,process",fintech payment processing,,0,,0.00,
"fintech,payment,system",fintech payment systems,,0,,0.00,
"2018,fintech,pdf",fintech pdf 2018,,0,,0.00,
"colombia,fintech,pdf",fintech pdf en colombia,,0,,0.00,
"español,fintech,pdf",fintech pdf español,,0,,0.00,
"fintech,people",fintech people,,0,,0.00,
"fintech,pereira",fintech pereira,,0,,0.00,
"fintech,perestamo,pymes",fintech perestamo para pyme,,0,,0.00,
"financiera,fintech,payment,personas",fintech personal finance and payments,,0,,0.00,
"fintech,phoenix",fintech phoenix,,0,,0.00,
"fintech,pitch",fintech pitch,,0,,0.00,
"competitividad,fintech,pitch",fintech pitch competition,,0,,0.00,
"deck,example,fintech,pitch",fintech pitch deck examples,,0,,0.00,
"deck,fintech,pitch,ppt",fintech pitch deck ppt,,0,,0.00,
"desk,fintech,pitch",fintech pitch desk,,0,,0.00,
"fintech,night,pitch",fintech pitch night,,0,,0.00,
"fintech,pitchbook",fintech pitchbook,,0,,0.00,
"desarrollo,fintech,nacional,plan",fintech plan nacional de desarrollo,,0,,0.00,
"fintech,plataforma,wall",fintech plataforma wall,,0,,0.00,
"como,fintech,plataforma,walmart",fintech plataforma walmart.com,,0,,0.00,
"financiera,fintech,plataforma",fintech plataformas financieras,,0,,0.00,
"fintech,portal",fintech portal,,0,,0.00,
"fintech,portfolio",fintech portfolio,,0,,0.00,
"fintech,pos",fintech pos,,0,,0.00,
"fintech,pr",fintech pr,,0,,0.00,
"company,fintech,pr",fintech pr companies,,0,,0.00,
"company,fintech,pr,wales",fintech pr companies wales,,0,,0.00,
"fintech,firma,pr",fintech pr firms,,0,,0.00,
"fintech,ppt,presentacion",fintech presentacion ppt,,0,,0.00,
"fintech,pdf,presente",fintech presentation pdf,,0,,0.00,
"fintech,ppt,presente",fintech presentation ppt,,0,,0.00,
"cbinsights,fintech,like,presente",fintech presentations like cbinsights,,0,,0.00,
"fintech,prestagente",fintech prestagente,,0,,0.00,
"ahorro,fintech,prestamos,tradin",fintech prestamos tradin ahorro,,0,,0.00,
"ahorro,fintech,prestamos,trading",fintech prestamos trading ahorro,,0,,0.00,
"equity,fintech,private",fintech private equity,,0,,0.00,
"cambiar,fintech,produce",fintech producividad y cambios,,0,,0.00,
"development,fintech,productos",fintech product development,,0,,0.00,
"cambiar,dr,fintech,gabriel,holanda,productos",fintech productividad y cambios dr gabriel holand,,0,,0.00,
"fintech,productos",fintech productos,,0,,0.00,
"financieros,fintech,productos",fintech productos financieros,,0,,0.00,
"fintech,productos,service",fintech products and services,,0,,0.00,
"fintech,programa",fintech programas,,0,,0.00,
"con,fintech,pros",fintech pros and cons,,0,,0.00,
"fintech,provider",fintech providers,,0,,0.00,
"fintech,proyeccion",fintech proyeccion,,0,,0.00,
"fintech,mundial,nivel,proyeccion",fintech proyecciones a nivel mundial,,0,,0.00,
"colombia,economica,fintech,proyeccion",fintech proyecciones economicas colombia,,0,,0.00,
"fintech,proyecto",fintech proyecto,,0,,0.00,
"fintech,prestamos",fintech préstamos,,0,,0.00,
"fintech,publico,relatos",fintech public relations,,0,,0.00,
"aun,desarrollo,fintech",fintech que aun no se han desarrollado,,0,,0.00,
"conectar,empresa,fintech,inversiones",fintech que conecta a empresas con inversionistas,,0,,0.00,
"espectador,fintech",fintech que es el espectador,,0,,0.00,
"fintech,pdf",fintech que es pdf,,0,,0.00,
"fintech,ppt",fintech que es ppt,,0,,0.00,
fintech,fintech que es y como es,,0,,0.00,
"fintech,funcion,pdf",fintech que es y como funciona pdf,,0,,0.00,
"dinero,fintech,prestamos",fintech que prestan dinero,,0,,0.00,
fintech,fintech quienes son,,0,,0.00,
"avanzado,colombia,espinal,fintech,jaime",fintech qué tanto hemos avanzando en colombia jaime espinosa,,0,,0.00,
"d,fintech,r",fintech r&d,,0,,0.00,
"fintech,rabobank",fintech rabobank,,0,,0.00,
"2019,chile,fintech,radar",fintech radar chile 2019,,0,,0.00,
"2018,colombia,fintech,radar",fintech radar colombia 2018,,0,,0.00,
"2019,colombia,fintech,radar",fintech radar colombia 2019,,0,,0.00,
"fintech,latinoamerica,radar",fintech radar latinoamerica,,0,,0.00,
"2017,fintech,ranking",fintech ranking 2017,,0,,0.00,
"billetersa,fintech,ranking,virtual",fintech ranking de billetersa virtuales,,0,,0.00,
"fintech,london,recruitment",fintech recruiters london,,0,,0.00,
"fintech,new,recruitment,york",fintech recruiters new york,,0,,0.00,
"fintech,recruitment",fintech recruitment,,0,,0.00,
"fintech,london,recruitment",fintech recruitment london,,0,,0.00,
"fintech,ltd,recruitment",fintech recruitment ltd,,0,,0.00,
"colombia,fintech,registro,regular",fintech registration regulation colombia,,0,,0.00,
"awards,fintech,regtech",fintech regtech awards,,0,,0.00,
"colombia,fintech,regulacion",fintech regulacion colombia,,0,,0.00,
"colombia,fintech,regulacion",fintech regulacion de colombia,,0,,0.00,
"fintech,regular",fintech reguladas,,0,,0.00,
"china,fintech,regular",fintech regulation china,,0,,0.00,
"fintech,hino,regular",fintech regulation hina,,0,,0.00,
"brazil,fintech,regular",fintech regulation in brazil,,0,,0.00,
"compliance,fintech,regulatory",fintech regulatory compliance,,0,,0.00,
"challenge,fintech,framework,regulatory",fintech regulatory framework and challenges,,0,,0.00,
"2019,fintech,reporte",fintech report 2019,,0,,0.00,
"accenture,fintech,reporte",fintech report accenture,,0,,0.00,
"ey,fintech,reporte",fintech report ey,,0,,0.00,
"fintech,kpmg,reporte",fintech report kpmg,,0,,0.00,
"fintech,pdf,reporte",fintech report pdf,,0,,0.00,
"fintech,pwc,reporte",fintech report pwc,,0,,0.00,
"fintech,research",fintech research,,0,,0.00,
"fintech,reporte,research",fintech research report,,0,,0.00,
"fintech,revenue",fintech revenue,,0,,0.00,
"fintech,modelo,revenue",fintech revenue models,,0,,0.00,
"fintech,moneda,revista",fintech revista moneda,,0,,0.00,
"bank,fintech,futuro,revolution",fintech revolution banking on the future,,0,,0.00,
"antioquia,fintech,rionegro",fintech rionegro antioquia,,0,,0.00,
"compliance,fintech,risk",fintech risk and compliance,,0,,0.00,
"fintech,risk,supervision",fintech risk supervision,,0,,0.00,
"fintech,robot",fintech robotics,,0,,0.00,
"fintech,rootica",fintech rootic,,0,,0.00,
"fintech,sacar",fintech sac,,0,,0.00,
"fintech,francisco,san",fintech san francisco,,0,,0.00,
"fintech,investment,saving",fintech savings and investments,,0,,0.00,
"fintech,sch",fintech sch,,0,,0.00,
"barcelona,fintech,school",fintech school barcelona,,0,,0.00,
"fintech,scielo",fintech scielo,,0,,0.00,
"fintech,science,sciencedirect",fintech science sciencedirect,,0,,0.00,
"fintech,sciencedirect,scient",fintech scient sciencedirect,,0,,0.00,
"fintech,scotland",fintech scotland,,0,,0.00,
"2018,fintech,scotland",fintech scotland 2018,,0,,0.00,
"ceo,fintech,scotland",fintech scotland ceo,,0,,0.00,
"fintech,seattle",fintech seattle,,0,,0.00,
"fintech,security,standard",fintech security standards,,0,,0.00,
"colombia,fintech,seguridad",fintech seguros colombia,,0,,0.00,
"fintech,seguridad,vida",fintech seguros de vida,,0,,0.00,
"fintech,sektor",fintech sektor,,0,,0.00,
"fintech,india,service",fintech services in india,,0,,0.00,
"fintech,management,service",fintech services management,,0,,0.00,
"fintech,management,pdf,service",fintech services management pdf,,0,,0.00,
"digitales,financieros,fintech,servicio,siglo,xxi",fintech servicios financieros digitales en el siglo xxi,,0,,0.00,
"digitales,financieros,fintech,ideas,principal,servicio,siglo,xxi",fintech servicios financieros digitales en el siglo xxi idea principal,,0,,0.00,
"america,financieros,fintech,latino,servicio",fintech servicios financieros en america latina,,0,,0.00,
"fintech,shark",fintech shark,,0,,0.00,
"brand,fintech,simple",fintech simple branding,,0,,0.00,
"dinero,fintech",fintech sin dinero,,0,,0.00,
"2019,fintech,singapore",fintech singapore 2019,,0,,0.00,
"como,fintech,fortinet,site",fintech site fortinet.com,,0,,0.00,
"co,fintech,gov,site,superfinanciera",fintech site superfinanciera.gov.co,,0,,0.00,
"fintech,slideshare",fintech slideshare,,0,,0.00,
"business,fintech,loan,small",fintech small business loans,,0,,0.00,
"2019,colombia,fintech,sobresalientes",fintech sobresalientes en colombia 2019,,0,,0.00,
"fintech,medio,social",fintech social media,,0,,0.00,
"fintech,softbank",fintech softbank,,0,,0.00,
"company,fintech,software",fintech software companies,,0,,0.00,
"development,fintech,service,software",fintech software development services,,0,,0.00,
"fintech,outsourcing,software",fintech software outsourcing,,0,,0.00,
"fintech,service,software",fintech software services,,0,,0.00,
"fintech,spa",fintech spa,,0,,0.00,
"fintech,india,space",fintech space in india,,0,,0.00,
"fintech,speakers",fintech speakers,,0,,0.00,
"capital,fintech,special,ventura",fintech specialized venture capital,,0,,0.00,
"fintech,fundo,special",fintech speciallized funds,,0,,0.00,
"analytics,fintech,speech",fintech speech analytics,,0,,0.00,
"fintech,staffing",fintech staffing,,0,,0.00,
"18,22,fintech,stage",fintech stage del 18 al 22,,0,,0.00,
"challenge,fintech,startup",fintech startup challenges,,0,,0.00,
"fintech,marketing,startup",fintech startup marketing,,0,,0.00,
"deck,fintech,pitch,presente,startup",fintech startup pitch deck presentation,,0,,0.00,
"2016,fintech,startup",fintech startups 2016,,0,,0.00,
"2017,fintech,startup",fintech startups 2017,,0,,0.00,
"2019,fintech,startup",fintech startups 2019,,0,,0.00,
"conference,fintech,startup",fintech startups conference,,0,,0.00,
"españa,fintech,startup",fintech startups españa,,0,,0.00,
"europa,fintech,startup",fintech startups europe,,0,,0.00,
"fintech,indonesia,startup",fintech startups in indonesia,,0,,0.00,
"fintech,francisco,san,startup",fintech startups in san francisco,,0,,0.00,
"fintech,india,startup",fintech startups india,,0,,0.00,
"america,fintech,latino,startup",fintech startups latin america,,0,,0.00,
"fintech,lista,startup",fintech startups list,,0,,0.00,
"fintech,london,startup",fintech startups london,,0,,0.00,
"fintech,nyc,startup",fintech startups nyc,,0,,0.00,
"fintech,francisco,san,startup",fintech startups san francisco,,0,,0.00,
"fintech,singapore,startup",fintech startups singapore,,0,,0.00,
"aplicaciones,fintech,reordenamiento,sector,startup,tecnologicos",fintech startups y aplicaciones reordenan el sector tecnológico,,0,,0.00,
"fintech,statistics",fintech statistics,,0,,0.00,
"fintech,marketing,stock",fintech stock market,,0,,0.00,
"fintech,stockholm",fintech stockholm,,0,,0.00,
"fintech,stone",fintech stone,,0,,0.00,
"fintech,stratup",fintech stratup,,0,,0.00,
"fintech,loan,student",fintech student loans,,0,,0.00,
"fintech,studio",fintech studie,,0,,0.00,
"2018,fintech,studio",fintech studie 2018,,0,,0.00,
"fintech,studio",fintech studies,,0,,0.00,
"fintech,suiza",fintech suiza,,0,,0.00,
"fintech,internship,summer",fintech summer internship,,0,,0.00,
"financiera,fintech,superintendencia",fintech superintendencia financiera,,0,,0.00,
"fintech,sur",fintech sura,,0,,0.00,
"fintech,survey",fintech survey,,0,,0.00,
"fintech,switzerland",fintech switzerland,,0,,0.00,
"fintech,system",fintech systems,,0,,0.00,
"fintech,talento",fintech talent,,0,,0.00,
"fintech,tasatop",fintech tasatop,,0,,0.00,
"cali,fintech,tate",fintech tat cali,,0,,0.00,
"colombia,fintech,tax",fintech taxes colombia,,0,,0.00,
"financeira,fintech,tecnologia",fintech tecnologia financeira,,0,,0.00,
"financiera,fintech,tecnologicos",fintech tecnología financiera,,0,,0.00,
"cataluña,fintech,maestria,tesis",fintech tesis maestria cataluña,,0,,0.00,
"economica,fintech",fintech the economics,,0,,0.00,
"economist,fintech",fintech the economist,,0,,0.00,
"fintech,new,time,york",fintech the new york times,,0,,0.00,
"fintech,theme",fintech themes,,0,,0.00,
"fintech,leadership,thought",fintech thought leadership,,0,,0.00,
"100,fintech,top",fintech top 100,,0,,0.00,
"fintech,topics",fintech topics,,0,,0.00,
"fintech,toronto",fintech toronto,,0,,0.00,
"fintech,towers",fintech towers,,0,,0.00,
"fintech,tpaga",fintech tpaga,,0,,0.00,
"006,fintech,sp,trackid",fintech trackid sp-006,,0,,0.00,
"attorney,fintech,trademark",fintech trademark attorneys,,0,,0.00,
"español,fintech,traducir",fintech traducir en español,,0,,0.00,
"fintech,trafucir",fintech trafuce,,0,,0.00,
"fintech,trainers",fintech trainers,,0,,0.00,
"2018,fintech,trends",fintech trends 2018,,0,,0.00,
"2019,fintech,trends",fintech trends 2019,,0,,0.00,
"2030,fintech,trends",fintech trends 2030,,0,,0.00,
"2019,fintech,trends",fintech trends in 2019,,0,,0.00,
"2019,fintech,trends,watch",fintech trends to watch in 2019,,0,,0.00,
"comprar,fintech",fintech tu compra,,0,,0.00,
"fintech,progreso",fintech tu progreso,,0,,0.00,
"fintech,türkiye",fintech türkiye,,0,,0.00,
"card,fintech,uk",fintech uk card,,0,,0.00,
"cluster,fintech,uk",fintech uk cluster,,0,,0.00,
"bogota,fintech,uncoference",fintech uncoference bogota,,0,,0.00,
"2018,fintech,unconference",fintech unconference 2018,,0,,0.00,
"2019,fintech,unconference",fintech unconference 2019,,0,,0.00,
"bogota,fintech,unconference",fintech unconference bogota,,0,,0.00,
"2019,bogota,fintech,unconference",fintech unconference bogota 2019,,0,,0.00,
"bogota,finnovista,fintech,unconference",fintech unconference bogotá by finnovating,,0,,0.00,
"chile,fintech,unconference",fintech unconference chile,,0,,0.00,
"colombia,fintech,unconference",fintech unconference colombia,,0,,0.00,
"fintech,lima,unconference",fintech unconference lima,,0,,0.00,
"bank,fintech,und",fintech und banking,,0,,0.00,
"finanzdienstleistungen,fintech,und",fintech und finanzdienstleistungen,,0,,0.00,
"fintech,uniandes",fintech uniandes,,0,,0.00,
"fintech,unigas",fintech unige,,0,,0.00,
"externa,fintech,universidad",fintech universidad externado,,0,,0.00,
"fintech,universidad",fintech universidades,,0,,0.00,
"course,fintech,universidad",fintech university courses,,0,,0.00,
"edinburgh,fintech,universidad",fintech university of edinburgh,,0,,0.00,
"fintech,glasgow,universidad",fintech university of glasgow,,0,,0.00,
"fintech,hongos,kong,universidad",fintech university of hong kong,,0,,0.00,
"fintech,oxford,universidad",fintech university of oxford,,0,,0.00,
"fintech,stirling,universidad",fintech university of stirling,,0,,0.00,
"fintech,toronto,universidad",fintech university of toronto,,0,,0.00,
"fintech,programa,universidad",fintech university program,,0,,0.00,
"fintech,ranking,universidad",fintech university ranking,,0,,0.00,
"fintech,uphold",fintech uphold,,0,,0.00,
"2018,fintech,usa",fintech usa 2018,,0,,0.00,
"company,fintech,usa",fintech usa companies,,0,,0.00,
"fintech,firma,usa",fintech usa firms,,0,,0.00,
"fintech,usage",fintech usage,,0,,0.00,
"casa,fintech,use",fintech use cases,,0,,0.00,
"fintech,user",fintech users,,0,,0.00,
"fintech,use",fintech uses,,0,,0.00,
"fintech,ut",fintech uts,,0,,0.00,
"casa,fintech,studio,ux",fintech ux case study,,0,,0.00,
"fintech,vancouver",fintech vancouver,,0,,0.00,
"bank,challenge,fintech,vc",fintech vc challenger banks,,0,,0.00,
"fintech,venezolanos",fintech venezolanas,,0,,0.00,
"c,fintech,venezuela",fintech venezuela c.a,,0,,0.00,
"ca,fintech,venezuela",fintech venezuela ca,,0,,0.00,
"day,fintech,ventura",fintech venture day,,0,,0.00,
"day,eventos,fintech,ventura",fintech venture day evento,,0,,0.00,
"colombia,fintech,ventura",fintech ventures colombia,,0,,0.00,
"fintech,ventura",fintech venturs,,0,,0.00,
"fintech,smith,vernon",fintech vernon smith,,0,,0.00,
"fintech,vlipco",fintech vlipco,,0,,0.00,
"banco,colombia,fintech,vs",fintech vs bancos en colombia,,0,,0.00,
"financial,fintech,innovación,vs",fintech vs financial innovation,,0,,0.00,
"fintech,vzla",fintech vzla,,0,,0.00,
"fintech,wallet",fintech wallet,,0,,0.00,
"fintech,wave",fintech wave,,0,,0.00,
"fintech,work",fintech we work,,0,,0.00,
"bogota,fintech,work",fintech we work bogota,,0,,0.00,
"fintech,workbogota",fintech we workbogota,,0,,0.00,
"development,fintech,web",fintech web development,,0,,0.00,
"deloitte,fintech",fintech what is deloitte,,0,,0.00,
"fintech,new",fintech what's new,,0,,0.00,
"fintech,next",fintech what's next,,0,,0.00,
"fintech,theme,wordpress",fintech wordpress theme,,0,,0.00,
"fintech,free,theme,wordpress",fintech wordpress theme free,,0,,0.00,
"bank,fintech,work",fintech working with banks,,0,,0.00,
"fintech,panorama,world",fintech world panorama,,0,,0.00,
"fintech,panorama,pdf,world",fintech world panorama pdf,,0,,0.00,
"fintech,pdf,world",fintech world pdf,,0,,0.00,
"fintech,pdf,worldpanorama",fintech worldpanorama pdf,,0,,0.00,
"ai,fintech",fintech y ai,,0,,0.00,
"amlo,fintech",fintech y amlo,,0,,0.00,
"banco,colombia,electronica,fintech",fintech y banca electronica colombia,,0,,0.00,
"banco,fintech,tradicional",fintech y banca tradicional,,0,,0.00,
"analytics,big,datos,fintech",fintech y big data analytics,,0,,0.00,
"bitcoin,fintech",fintech y bitcoin,,0,,0.00,
"digital,economia,fintech,rosario",fintech y economi digital el rosario,,0,,0.00,
"criptografía,economica,fintech",fintech y economía criptográfica,,0,,0.00,
"digital,economica,fintech,rosario",fintech y economía digital el rosario,,0,,0.00,
"financieros,fintech,sector",fintech y el sector financiero,,0,,0.00,
"banco,fintech,tradicional",fintech y la banca tradicional,,0,,0.00,
"banco,fintech,tradicionales",fintech y los bancos tradicionales,,0,,0.00,
"fintech,giro",fintech y los giros,,0,,0.00,
"anti,clavijo,fintech,monopolar,regular,sergio",fintech y regulación anti-monopólica por sergio clavijo,,0,,0.00,
"anti,clavijo,fintech,monopolar,regular,sergio",fintech y regulación anti-monopólica sergio clavijo,,0,,0.00,
"fintech,seguridad",fintech y seguros,,0,,0.00,
"fintech,yunta",fintech yuntas,,0,,0.00,
"africa,fintech",fintech áfrica,,0,,0.00,
"america,caribe,fintech,innovación,latino,sabias",fintech-innovaciones-que-no-sabias-que-eran-de-america-latina-y-caribe,,0,,0.00,
"fintech,japan,landscape,lending,newcomen,reshape",fintech-newcomers-reshape-japan-s-lending-landscape,,0,,0.00,
"fintech,top,unternehmen",fintech-top-unternehmen,,0,,0.00,
"europea,fintech",fintecha europeo,,0,,0.00,
fintech,finteche que es,,0,,0.00,
"banco,caja,fintech,social",fintechs banco caja social,,0,,0.00,
"colombiano,fintech,invertir",fintechs colombianas para invertir,,0,,0.00,
"dundee,fintech",fintechs dundee,,0,,0.00,
"educstivo,fintech,loan",fintechs educstional loans,,0,,0.00,
"colombia,cual,fintech",fintechs en colombia cuales son,,0,,0.00,
"fintech,venezuela",fintechs en venezuela,,0,,0.00,
"fintech,payment,system",fintechs in the payment system,,0,,0.00,
"america,bid,caribe,financiera,fintech,innovación,latino",fintechs innovación financiera en américa latina y el caribe bid,,0,,0.00,
"bank,fintech,london",fintechs london banking,,0,,0.00,
"fintech,são",fintechs o que são,,0,,0.00,
"fintech,tradução",fintechs tradução,,0,,0.00,
"abogado,fintech,firma",firmas de abogados fintech,,0,,0.00,
"fintech,firma",firmas de fintech,,0,,0.00,
"accelerator,fintech,fis",fis fintech accelerator,,0,,0.00,
"fintech,flint",flinto fintech,,0,,0.00,
"2017,awards,fintech,florin",florin.fintech awards 2017,,0,,0.00,
"fintech,fondo",fondos para fintech,,0,,0.00,
"fintech,formacion",formacion en fintech,,0,,0.00,
"fintech,forrest",forrester fintech,,0,,0.00,
"fintech,foundry",foundry fintech,,0,,0.00,
"celebra,fintech,frases",frases celebres de fintech,,0,,0.00,
"fintech,frases",frases de fintech,,0,,0.00,
"fintech,frases",frases fintech,,0,,0.00,
"empresa,fintech,fuerza,venta",fuerza de ventas empresa fintech,,0,,0.00,
"fintech,fuerza,portada",fuerzas porter fintech,,0,,0.00,
"fintech,funcion",funcionamiento fintech,,0,,0.00,
"cumple,fintech,funcion",funciones que cumplen las fintech,,0,,0.00,
"ad,fintech,funny",funny fintech ads,,0,,0.00,
"brand,fintech,funny",funny fintech brands,,0,,0.00,
"fintech,futuro",future in fintech,,0,,0.00,
"2020,fintech,futuro",future of fintech 2020,,0,,0.00,
"agenda,fintech,futuro",future of fintech agenda,,0,,0.00,
"awards,fintech,futuro",future of fintech awards,,0,,0.00,
"cb,fintech,futuro,insight",future of fintech cb insights,,0,,0.00,
"fintech,futuro,india",future of fintech in india,,0,,0.00,
"fintech,futuro",future of fintech+,,0,,0.00,
"fintech,futuro,ny",future of fintechs ny,,0,,0.00,
"banco,dash,fintech,futuro",futuro banca dash fintech,,0,,0.00,
"banco,fintech,futuro",futuro banca fintech,,0,,0.00,
"fintech,futuro",futuro de fintech,,0,,0.00,
"fintech,futuro",futuro del fintech,,0,,0.00,
"fintech,futuro",futuros del fintech,,0,,0.00,
"amazon,b250,fintech,ga",ga b250 fintech amazon,,0,,0.00,
"b250,cpu,fintech,ga,support",ga b250 fintech cpu support,,0,,0.00,
"b250,fintech,ga,manual",ga b250 fintech manual,,0,,0.00,
"b250,fintech,ga,mining",ga b250 fintech mining,,0,,0.00,
"0,1,b250,fintech,ga,rev",ga b250 fintech rev 1.0,,0,,0.00,
"b250,fintech,ga,review",ga b250 fintech review,,0,,0.00,
"0,1,b250,fintech,ga",ga-b250-fintech 1.0,,0,,0.00,
"12x,b250,fintech,ga,mining,motherboard,pci",ga-b250-fintech 12x pcie mining motherboard,,0,,0.00,
"atx,b250,fintech,ga",ga-b250-fintech atx,,0,,0.00,
"b250,bitcoin,fintech,ga",ga-b250-fintech bitcoin,,0,,0.00,
"b250,caracteristicas,fintech,ga",ga-b250-fintech caracteristicas,,0,,0.00,
"b250,deltron,fintech,ga",ga-b250-fintech deltron,,0,,0.00,
"b250,drivers,fintech,ga",ga-b250-fintech drivers,,0,,0.00,
"1151,b250,fintech,ga,lga",ga-b250-fintech lga 1151,,0,,0.00,
"2,b250,fintech,ga,m",ga-b250-fintech m.2,,0,,0.00,
"fintech,ganador",ganadores fintech,,0,,0.00,
"b250,fintech,gb",gb b250 fintech,,0,,0.00,
"fintech,gdpr",gdpr fintech,,0,,0.00,
"fintech,gemex,sas,w,zinobe",gemex o y w zinobe sas fintech,,0,,0.00,
"empleo,fintech,generacion",generacion de empleo con las fintech,,0,,0.00,
"empleo,fintech,generacion",generacion de empleo en fintech,,0,,0.00,
"fintech,geru",geru fintech,,0,,0.00,
"finanzas,fintech,gestion,personalidad",gestion de finanzas personales fintech,,0,,0.00,
"fintech,gestion,plataforma",gestion de una plataforma fintech,,0,,0.00,
"atx,b250,fintech,gigabyte",gigabyte b250 atx fintech,,0,,0.00,
"4,b250,fintech,gigabyte",gigabyte b250 fintech 4,,0,,0.00,
"atx,avr,b250,fintech,gigabyte",gigabyte b250 fintech atx avr,,0,,0.00,
"b250,caracteristicas,fintech,gigabyte",gigabyte b250 fintech caracteristicas,,0,,0.00,
"b250,ddr4,fintech,gigabyte",gigabyte b250 fintech ddr4,,0,,0.00,
"b250,fintech,gigabyte,lana,soporte,wake",gigabyte b250 fintech soporta wake on lan,,0,,0.00,
"b250,caracteristicas,fintech,gigabyte",gigabyte b250-fintech caracteristicas,,0,,0.00,
"atx,b250,fintech,ga,gigabyte,mining,motherboard",gigabyte ga b250 fintech atx mining motherboard,,0,,0.00,
"b250,caracteristicas,fintech,ga,gigabyte",gigabyte ga b250 fintech caracteristicas,,0,,0.00,
"b250,cpu,fintech,ga,gigabyte,support",gigabyte ga b250 fintech cpu support,,0,,0.00,
"b250,fintech,ga,gigabyte,manual",gigabyte ga b250 fintech manual,,0,,0.00,
"b250,fintech,ga,gigabyte,mining",gigabyte ga b250 fintech mining,,0,,0.00,
"b250,fintech,ga,gigabyte,mb,mining",gigabyte ga b250 fintech mining mb,,0,,0.00,
"1151,b250,fintech,ga,gigabyte,socket",gigabyte ga b250 fintech socket 1151,,0,,0.00,
"b250,caracteristicas,fintech,ga,gigabyte",gigabyte ga-b250-fintech caracteristicas,,0,,0.00,
"b250,fintech,ga,gigabyte,intel,lga1151",gigabyte ga-b250-fintech lga1151 intel,,0,,0.00,
"b250,fintech,ga,gigabyte,mining,motherboard",gigabyte ga-b250-fintech mining motherboard,,0,,0.00,
"fintech,gisermo",gisermo fintech,,0,,0.00,
"example,fintech,give",give a fintech example,,0,,0.00,
"adoptar,fintech,global,index",global fintech adoption index,,0,,0.00,
"fintech,generator,global,hubo",global fintech hubs generation,,0,,0.00,
"fintech,global,index",global fintech index,,0,,0.00,
"2020,fintech,global,index",global fintech index 2020,,0,,0.00,
"city,fintech,global,index,ranking",global fintech index city rankings,,0,,0.00,
"2017,fintech,global,pwc,reporte",global fintech report 2017 pwc,,0,,0.00,
"2018,fintech,global,reporte",global fintech report 2018,,0,,0.00,
"2018,fintech,global,pwc,reporte",global fintech report pwc 2018,,0,,0.00,
"fintech,global,sa",global fintech sa,,0,,0.00,
"2018,fintech,global,survey",global fintech survey 2018,,0,,0.00,
"fintech,global,uk",global fintech uk,,0,,0.00,
"example,fintech,good,profile,summary",good profile summary examples fintechs,,0,,0.00,
"colombia,doc,fintech,google",google docs colombia fintech,,0,,0.00,
"fintech,google,launchpad",google launchpad fintech,,0,,0.00,
"fintech,gooseberry",gooseberry fintech,,0,,0.00,
"fintech,grafica",graficas fintech,,0,,0.00,
"colombia,comunidad,fintech,gremio,lideres",gremio o comunidad que lidera el fintech en colombia,,0,,0.00,
"fintech,grpo,internat,plataforma,sicus",grpo de sicusion en internat sobre plataformas fintech,,0,,0.00,
"aval,bolivar,clave,fintech,grupo",grupo aval y grupo bolívar son clave para las fintech,,0,,0.00,
"colombia,fintech,grupo,investigacion",grupo de investigacion fintech en colombia,,0,,0.00,
"colombia,fintech,grupo,trabajo",grupo fintech colombia trabajo,,0,,0.00,
"fintech,gulungo",gulungo fintech,,0,,0.00,
"fintech,gusta",gusto fintech,,0,,0.00,
"fintech,guia",guía fintech,,0,,0.00,
"fintech,hacer,historia,mundo",haciendo historia en el mundo fintech,,0,,0.00,
"bogota,fintech,hackaton",hackaton fintech bogota,,0,,0.00,
"course,fintech,harvard",harvard fintech course,,0,,0.00,
"course,fintech,harvard,online",harvard fintech online course,,0,,0.00,
"fintech,peak,reach",have we reached peak fintech,,0,,0.00,
"fintech,seguridad",hay seguridad con la fintech,,0,,0.00,
"asrlarian,fintech,henry",henry asrlarian fintech,,0,,0.00,
"colombia,fintech,historia",historia de fintech en colombia,,0,,0.00,
"fintech,historia,linea,tiempo",historia de fintech linea de tiempo,,0,,0.00,
"fintech,historia,mundo",historia de las fintech en el mundo,,0,,0.00,
"europa,fintech,historia",historia de las fintech en europa,,0,,0.00,
"006,fintech,historia,sp,trackid",historia de las fintech trackid sp-006,,0,,0.00,
"fintech,holland",holland fintech,,0,,0.00,
"fintech,homeparte",homeparte fintech,,0,,0.00,
"fintech,homespot",homespot fintech,,0,,0.00,
"fintech,hottest",hottest fintech,,0,,0.00,
"fintech,hottest,startup",hottest fintech startups,,0,,0.00,
"fintech,house",house of fintech,,0,,0.00,
"bank,can,face,fintech",how can banks face fintech,,0,,0.00,
"bank,can,fintech,help",how can fintech help banks,,0,,0.00,
"fintech,work",how does fintech work,,0,,0.00,
"china,fast,fintech,grow",how fast is fintech growing in china,,0,,0.00,
"bank,fintech,traditional",how fintech and traditional banking,,0,,0.00,
"2017,bank,fintech,studio,traditional",how fintech and traditional banking study 2017,,0,,0.00,
"bank,disruptiva,fintech",how fintech is disrupting banking,,0,,0.00,
"bank,fintech,futuro,shaping",how fintech is shaping the future of banking,,0,,0.00,
"fintech,start",how fintech started,,0,,0.00,
"fintech,work",how fintech works,,0,,0.00,
"bank,disruptiva,fintech",how is fintech disrupting banking,,0,,0.00,
"build,fintech,startup",how to build a fintech startup,,0,,0.00,
"cfa,fintech,mix,ventura",how to mix fintech and cfa on a venture,,0,,0.00,
"fintech,start,startup",how to start a fintech startup,,0,,0.00,
"bogota,co,convocatoria,emprendedor,empresa,enteros,especiales,fintech,http,www",http www.enter.co especiales empresas convocatoria-emprendedores-fintech-bogota,,0,,0.00,
"como,doc,fintech,google,https,spreadsheet",https docs.google.com spreadsheets fintech,,0,,0.00,
"colombia,como,doc,fintech,google,https,spreadsheet",https docs.google.com spreadsheets fintech colombia,,0,,0.00,
"cb,como,emt,eventos,fintech,futuro,https,insight",https events cb insights com future of fintech emt,,0,,0.00,
"2018,calendario,co,colombiafintech,fintech,https,lendit,usa,www",https www.colombiafintech.co calendario lendit-fintech-usa-2018,,0,,0.00,
"fintech,hubo",hubs fintech,,0,,0.00,
"er,fintech,hva",hva er fintech,,0,,0.00,
"fintech,hydrogen",hydrogen fintech,,0,,0.00,
"fintech,iban",iban fintech,,0,,0.00,
"2017,fintech,idc,ranking",idc fintech rankings 2017,,0,,0.00,
"fintech,ideas,innovacion",ideas de innovacion con las fintech,,0,,0.00,
"fintech,ideas,mejor,puede",ideas fintech que se pueden mejorar,,0,,0.00,
"fintech,ideas",ideas para fintech,,0,,0.00,
"fintech,ie",ie fintech,,0,,0.00,
"fintech,ieb",ieb fintech,,0,,0.00,
"banco,digital,fintech,ieb",iebs fintech y banca digital,,0,,0.00,
"fintech,ifc,portafolio",ifc portafolio fintech,,0,,0.00,
"fintech,ifc,org",ifc.org fintech,,0,,0.00,
"fintech,ifp,ley",ifpe ley fintech,,0,,0.00,
"annual,colombia,fintech,ii,meet",ii colombia fintech annual meeting,,0,,0.00,
"fintech,imagen,microcredito",imagen de fintech y microcredito,,0,,0.00,
"finsocial,fintech,imagen",imagen finsocial fintech,,0,,0.00,
"fintech,imagen",imagen fintech,,0,,0.00,
"chatbot,fintech,imagenes",imagenes de chatbots y fintechs,,0,,0.00,
"empresa,fintech,imagenes,mision",imagenes mision de una empresa fintech,,0,,0.00,
"fintech,imix",imix fintech,,0,,0.00,
"bank,fintech,impacto",impact of fintech on banks,,0,,0.00,
"financial,fintech,impacto,ley,sector",impacto ley de financiamiento en el sector fintech,,0,,0.00,
"desarrollo,fintech,impacto,negativo",impacto negativo al desarrollas las fintech,,0,,0.00,
"fintech,impacto",impactos fintech,,0,,0.00,
"colombia,fintech,impato,negativo",impato negativo de la fintech en colombia,,0,,0.00,
"colombiano,empresa,fintech,implementacion",implementacion de fintech en las empresas colombianas,,0,,0.00,
"fintech,importancia",importancia de fintech,,0,,0.00,
"fintech,importancia",importancia de la fintech,,0,,0.00,
"actual,fintech,importancia",importancia de la fintech en la actualidad,,0,,0.00,
"cotidiana,fintech,importancia,vida",importancia de la fintech en la vida cotidiana,,0,,0.00,
"abogado,fintech,importancia",importancia de los abogados en fintech,,0,,0.00,
"fintech,impuesto",impuestos fintech,,0,,0.00,
"cerca,fintech,inbestigar",inbestigaciones a cerca de las fintech,,0,,0.00,
"fintech,increase",increase fintech,,0,,0.00,
"fintech,incremento,prestamos,via",incremento de préstamos vía fintech,,0,,0.00,
"fintech,independent,silicona,valley,valuation",independent valuation fintech silicon valley,,0,,0.00,
"fintech,industrial",industria fintech que es,,0,,0.00,
"fintech,informacion",informacion fintech,,0,,0.00,
"bid,fintech,informe",informe bid fintech,,0,,0.00,
"americalaina,bid,empredimiento,fintech,informe",informe de empredimientos fintech en americalaina bid,,0,,0.00,
"argentina,ecosistema,fintech,informe",informe ecosistema fintech argentino,,0,,0.00,
"bid,fintech,informe",informe fintech bid,,0,,0.00,
"2018,america,consolidado,crecimiento,fintech,informe,latino",informe fintech en américa latina 2018 crecimiento y consolidación,,0,,0.00,
"fintech,inicio",iniciativa fintech,,0,,0.00,
"banco,bogota,fintech,inicio",iniciativa fintech banco bogota,,0,,0.00,
"fintech,inicio",inicio de fintech,,0,,0.00,
"fintech,innoavioc",innoavioc fintech,,0,,0.00,
"fintech,innovacion,neocio",innovacion en neocios fintech,,0,,0.00,
"fintech,innovacion",innovacion fintech,,0,,0.00,
"fintech,innovación",innovaciones fintech,,0,,0.00,
"2018,fintech,innovación,tecnologicos",innovaciones tecnologicas 2018 fintech,,0,,0.00,
"fintech,futuro,innovación,payment",innovation in payments the future is fintech,,0,,0.00,
"company,fintech,innovación",innovative fintech companies,,0,,0.00,
"fintech,instroduccion",instroduccion al fintech,,0,,0.00,
"create,fintech,giving,insurance,loan,student,universidad",insurance fintech was created giving loans to students from university,,0,,0.00,
"fintech,insurtech",insurtech y fintech,,0,,0.00,
"fintech,insurtech,mismo",insurtech y fintech son lo mismo,,0,,0.00,
"artificial,fintech,impulso,inteligencia",inteligencia artificial como impulso del fintech,,0,,0.00,
"fintech,international,uab",international fintech uab,,0,,0.00,
"fintech,internet,things",internet of things fintech,,0,,0.00,
"dispositivos,fintech,internet,movil",internet y dispositivos moviles en fintech,,0,,0.00,
"financiera,fintech,intiucuon,ley,tecnologia",intiucuon de tecnologia financiera ley fintech,,0,,0.00,
"fintech,introduccion",introduccion a las fintech,,0,,0.00,
"fintech,introduction",introduction to fintech,,0,,0.00,
"fintech,inversion,productos",inversion en productos fintech,,0,,0.00,
"colombia,fintech,inversion",inversion fintech colombia,,0,,0.00,
"agro,fintech,inversiones,sas",inversiones agro fintech sas,,0,,0.00,
"colombia,fintech,inversiones",inversiones en fintech colombia,,0,,0.00,
"fintech,inversiones,start,up",inversiones en fintech y start ups,,0,,0.00,
"fintech,inversiones,startup",inversiones en fintech y startups,,0,,0.00,
"fintech,inversiones,latinoamerica",inversión fintech en latinoamérica,,0,,0.00,
"angel,fintech,inversor",inversores angeles en fintech,,0,,0.00,
"bancolombia,fintech,invertir",invertir fintech bancolombia,,0,,0.00,
"colombia,fintech,investment,latam",invest latam colombia fintech,,0,,0.00,
"fintech,investigacion",investigacion sobre fintech,,0,,0.00,
"2017,fintech,investment",investment fintech 2017,,0,,0.00,
"fintech,investment,softbank",investments softbank in fintech,,0,,0.00,
"financiera,fintech,invoice",invoice financing fintech,,0,,0.00,
"fintech,irregulares",irregularidades en fintech,,0,,0.00,
"fintech,good,jersey",is jersey good for fintech,,0,,0.00,
"fintech,good,php",is php good for fintech,,0,,0.00,
"eventos,fintech,israel",israel evento fintech,,0,,0.00,
"fintech,itf",itf fintech,,0,,0.00,
"fintech,itf,ley",itf ley fintech,,0,,0.00,
"fintech,institucion,itf,ley,pago",itf ley fintech pagos institucion pagos,,0,,0.00,
"fintech,ivalley,talk",ivalley fintech talk,,0,,0.00,
"duque,fintech,ivan",ivan duque fintech,,0,,0.00,
"fintech,ivanna,zauzich",ivanna zauzich fintech,,0,,0.00,
"fintech,jeffery,latam",jefferies latam fintech,,0,,0.00,
"fintech,jeffries,latam",jeffries latam fintech,,0,,0.00,
"castaño,financieros,fintech,jorge,superintendencia",jorge castaño superintendente financiero fintech,,0,,0.00,
"cadaver,fintech,juliana,ruiz",juliana cadavid ruiz fintech,,0,,0.00,
"colombia,directo,fintech,junta",junta directiva colombia fintech,,0,,0.00,
"fintech,junta",juntos fintech,,0,,0.00,
"fintech,justificacion",justificacion de fintech,,0,,0.00,
"342,fintech,fleishman,kevin",kevin fleishman 342 fintech,,0,,0.00,
"fintech,kin",kin fintech,,0,,0.00,
"fintech,kitco",kitces fintech,,0,,0.00,
"accelerator,fintech,kiwibank",kiwibank fintech accelerator,,0,,0.00,
"fintech,klein,latam",kleiner fintech latam,,0,,0.00,
"fintech,kredicity",kredicity fintech,,0,,0.00,
"fintech,kreditech",kreditech fintech,,0,,0.00,
"fintech,kredivo",kredivo fintech,,0,,0.00,
"colombia,fintech,kushki",kushki colombia fintech,,0,,0.00,
"fintech,kyc",kyc fintech,,0,,0.00,
"fintech,innovación,l",l'innovation fintech,,0,,0.00,
"alianza,fintech,iberoamerica",la alianza fintech iberoamerica,,0,,0.00,
"alinza,fintech,iberoamerica",la alinza fintech iberoamerica,,0,,0.00,
"capital,europa,fintech",la capital fintech de europa es,,0,,0.00,
"fintech,importancia",la importancia del fintech,,0,,0.00,
"fintech,inversiones,mundial",la inversión mundial en fintech,,0,,0.00,
"empresa,españa,fintech,mejor",la mejor empresa de el fintech en españa,,0,,0.00,
"especial,fintech,republica",la republica especial fintech,,0,,0.00,
"fintech,revolución",la revolución fintech,,0,,0.00,
"fintech,innovación,latinoamerica,startup",la startup fintech más innovadora de latinoamérica,,0,,0.00,
"fintech,tendencias",la tendencia fintech,,0,,0.00,
"fintech,tendencias",la tendencia fintech que es,,0,,0.00,
"fintech,laboratorio",laboratorio fintech,,0,,0.00,
"bank,brazil,fintech,lab",labs bank brazil fintech,,0,,0.00,
"colombia,fintech,lachevere",lachevere fintech colombia,,0,,0.00,
"colombia,fintech,lachevre",lachevre fintech colombia,,0,,0.00,
"2009,fintech,lana",lane 2009 fintech,,0,,0.00,
"2009,fintech,lana,pdf",lane 2009 fintech pdf,,0,,0.00,
"8,fintech,manera",las 8 maneras de fintech,,0,,0.00,
"acelerar,banco,desaparicion,fintech,tradicionales,transformers",las fintech aceleran la transformación o desaparición de bancos tradicionales,,0,,0.00,
"acelerar,banco,desaparicion,fintech,tradicionales,transformers",las fintech acelerarán la transformación o desaparición de bancos tradicionales,,0,,0.00,
"amenazas,bradford,fintech,henry,oportunidades,sicard,u",las fintech amenaza u oportunidad por henry bradford sicard,,0,,0.00,
"000,58,atras,fintech,millones,mundo",las fintech atraen us 58.000 millones en el mundo,,0,,0.00,
"definicion,fintech",las fintech definicion,,0,,0.00,
"aseguradora,fintech,sector",las fintech del sector asegurador,,0,,0.00,
"financieros,fintech,sistema",las fintech en el sistema financiero,,0,,0.00,
"desempleo,fintech,genero",las fintech generan desempleo,,0,,0.00,
"china,existen,fintech,mas",las fintech mas existosas en china,,0,,0.00,
"colombia,fintech,mas,valio",las fintech mas valiosas de colombia,,0,,0.00,
"colaborativo,economia,fintech,relacion",las fintech y su relacion con la economia colaborativa,,0,,0.00,
"continuo,disparo,fintech,global,inversiones",las inversiones globales en fintech continúan disparadas,,0,,0.00,
"empresa,fintech,mejor",las mejores empresa fintech,,0,,0.00,
"empresa,fintech,mejor",las mejores empresas fintech,,0,,0.00,
"fintech,mejor,mundo",las mejores fintech del mundo,,0,,0.00,
"fintech,startup",las startups fintech,,0,,0.00,
"2019,fintech,latam,marketing",latam fintech market 2019,,0,,0.00,
"fintech,latam,news",latam fintech news,,0,,0.00,
"fintech,latam,ticketcode",latam fintech ticketcode,,0,,0.00,
"fintech,latest",latest fintech,,0,,0.00,
"fintech,innovación,latest",latest fintech innovations,,0,,0.00,
"fintech,latest,trends",latest fintech trends,,0,,0.00,
"fintech,latini",latinia fintech,,0,,0.00,
"expansión,fintech,foco,latinoamerica",latinoamérica será el foco de expansión de las fintech,,0,,0.00,
"fintech,launchpad,startup",launchpad startup fintech,,0,,0.00,
"fintech,investment,lavca",lavca fintech investments,,0,,0.00,
"datos,fintech,lavca,vc",lavca fintech vc data,,0,,0.00,
"fintech,lawyers",lawyers fintech,,0,,0.00,
"fintech,found,global,leaf",leaf global fintech founder,,0,,0.00,
"fintech,legal,rec,techo",legal tech rec tech fintech,,0,,0.00,
"europa,fintech,legislacion",legislacion de las fintech en europa,,0,,0.00,
"fintech,italia,legislacion",legislacion fintech en italia,,0,,0.00,
"fintech,legislacion,panama",legislacion fintech panama,,0,,0.00,
"fintech,legislacion,ley,secundaria",legislacion secundaria ley fintech,,0,,0.00,
"conference,connect,fintech,lemon",lemon connect fintech conference,,0,,0.00,
"2020,fintech,lendit",lendit fintech 2020,,0,,0.00,
"2018,fintech,lendlt,usa",lendlt fintech usa 2018,,0,,0.00,
"fintech,leo",leo fintech,,0,,0.00,
fintech,les fintech,,0,,0.00,
"fintech,let,talk",let's talk fintech,,0,,0.00,
"company,fintech,hold,lexin",lexin fintech holdings company,,0,,0.00,
"fintech,lexin,similar,state,united",lexin fintech what similar in united states,,0,,0.00,
"fintech,investment,lexin",lexin investing in fintech,,0,,0.00,
"2019,fintech,ley",ley fintech 2019,,0,,0.00,
"2019,fintech,ley,pdf",ley fintech 2019 pdf,,0,,0.00,
"analisis,fintech,ley",ley fintech analisis,,0,,0.00,
"análisis,fintech,ley",ley fintech análisis,,0,,0.00,
"argentina,fintech,ley",ley fintech argentina,,0,,0.00,
"beneficios,fintech,ley",ley fintech beneficios,,0,,0.00,
"2018,agosto,colombia,fintech,ley",ley fintech colombia agosto 2018,,0,,0.00,
"2,consejero,fintech,ift,ley",ley fintech consejero en 2 ift,,0,,0.00,
"costo,fintech,ley,rico",ley fintech costa rica,,0,,0.00,
"crowdfunding,fintech,ley",ley fintech crowdfunding,,0,,0.00,
"definicion,fintech,ley",ley fintech definicion,,0,,0.00,
"diputados,fintech,ley",ley fintech diputados,,0,,0.00,
"dofa,fintech,ley",ley fintech dof,,0,,0.00,
"colombia,fintech,ley",ley fintech en colombia,,0,,0.00,
"fintech,ley,mundo",ley fintech en el mundo,,0,,0.00,
"españa,fintech,ley",ley fintech en españa,,0,,0.00,
"fintech,ley,uruguay",ley fintech en uruguay,,0,,0.00,
"españa,fintech,ley",ley fintech españa,,0,,0.00,
"fintech,ley,origen",ley fintech origen,,0,,0.00,
"2018,fintech,ley,pdf",ley fintech pdf 2018,,0,,0.00,
"fintech,ley",ley fintech que es,,0,,0.00,
"fintech,ley,regular,secundaria",ley fintech regulación secundaria,,0,,0.00,
"fintech,ley,seguridad",ley fintech seguros,,0,,0.00,
"fintech,ley,venezuela",ley fintech venezuela,,0,,0.00,
"desventajas,fintech,ley,ventajas",ley fintech ventajas y desventajas,,0,,0.00,
"fintech,ley,regular,secundaria",ley fintech y su regulación secundaria,,0,,0.00,
"fintech,ley,mexicana",ley mexicana de fintech,,0,,0.00,
"autorizado,fintech,funcion,ley",ley que autoriza el funcionamiento de las fintech,,0,,0.00,
"fintech,ley,mundo",leyes fintech en el mundo,,0,,0.00,
"blanco,fintech,libro,regulacion",libro blanco de la regulacion fintech,,0,,0.00,
"fintech,libro",libro de fintech,,0,,0.00,
"fintech,futuro,libro",libro el futuro de fintech,,0,,0.00,
"fintech,futuro,libro,pdf",libro el futuro es fintech pdf,,0,,0.00,
"finanzas,fintech,hacer,libro,tecnologicos",libro fintech lo que la tecnología hace por las finanzas,,0,,0.00,
"digital,espanol,fintech,libro,onboarding",libros espanol onboarding digital fintech,,0,,0.00,
"colombia,fintech,licencia",licencia fintech colombia,,0,,0.00,
"fintech,licencia,pnd,temporales",licencias temporales fintech pnd,,0,,0.00,
"fintech,lideres,mundo",lideres fintech en el mundo,,0,,0.00,
"fintech,lienzo,osterwalder",lienzo de osterwalder fintech,,0,,0.00,
"fintech,lima",lima fintech,,0,,0.00,
"fintech,limites",limitaciones de las fintech,,0,,0.00,
"fintech,linea,tiempo",linea de tiempo de fintech,,0,,0.00,
"colombia,fintech,linea,tiempo",linea de tiempo de fintech en colombi a,,0,,0.00,
"colombia,fintech,linea,tiempo",linea de tiempo de las fintech en colombia,,0,,0.00,
"colombia,fintech,line",lineas fintech en colombia,,0,,0.00,
"colombia,fintech,lineru",lineru colombia fintech,,0,,0.00,
"fintech,lineru",lineru es de fintech,,0,,0.00,
"fintech,lineru,rapicredit",lineru rapicredit fintech,,0,,0.00,
"company,fintech,lista,usa",list of fintech companies in usa,,0,,0.00,
"company,fintech,lista,uk",list of uk fintech companies,,0,,0.00,
"colombia,empresa,fintech,lista",lista de empresas fintech en colombia,,0,,0.00,
"colombia,fintech,lista",lista de las fintech en colombia,,0,,0.00,
"colombia,em,fintech,lista,presa",listado de em presas fintech en colombia,,0,,0.00,
"argentina,fintech,lista",listado de fintech en argentina,,0,,0.00,
"fintech,lista,mundo",listado de fintech en el mundo,,0,,0.00,
"fintech,insumos,lista,necesario",listado de insumos necesarios para una fintech,,0,,0.00,
"empresa,españa,fintech,lista",listado empresas fintech españa,,0,,0.00,
"colombia,fintech,lista",listado fintech colombia,,0,,0.00,
"financiera,fintech,llm,project",llm fintech project finance,,0,,0.00,
"debe,fintech,ley,saber",lo que debes saber de la ley fintech,,0,,0.00,
"fintech,lombardia",lombardia fintech,,0,,0.00,
"fintech,loot",loot fintech,,0,,0.00,
"4,colombiano,empuje,estan,fintech,motor",los 4 motores que estan empujando a las fintech colombianas,,0,,0.00,
"colombiano,cuatro,empuje,fintech,motor",los cuatro motores que están empujando a las fintech colombianas,,0,,0.00,
"desafio,enfrentar,fintech,legal",los desafíos legales que enfrentan las fintech,,0,,0.00,
"fintech,mas,paises",los paises con mas fintech,,0,,0.00,
"financieros,fintech,riesgo",los riesgos financieros de las fintech,,0,,0.00,
"fintech,riesgo",los riesgos que tienen las fintech,,0,,0.00,
"fintech,lqn",lqn fintech,,0,,0.00,
"como,fintech,lu",lu.com what is fintech,,0,,0.00,
"colombiano,fintech,industrial,lugar",lugar de la industria fintech colombiana,,0,,0.00,
"fintech,luke",luka fintech,,0,,0.00,
"fintech,lynk",lynk fintech,,0,,0.00,
"fintech,m,ventura",m y a fintech y ventura que es,,0,,0.00,
"application,fintech,insuzracteh,learning,machine",machine learning application insuzracteh fintech,,0,,0.00,
"fintech,macrovu",macrovu fintech,,0,,0.00,
"colombia,fintech,makers",makers colombia fintech,,0,,0.00,
"ecosistema,fintech,mapa,mundo",mapa ecosistemas fintech en el mundo,,0,,0.00,
"argentina,fintech,mapa",mapa fintech argentina,,0,,0.00,
"colombia,fintech,mapa",mapa fintech colombia,,0,,0.00,
"fintech,maquina,marca,sa,tasatop",maquinando fintech sa marca es tasatop,,0,,0.00,
"colombia,fintech,legal,marca",marco legal de las fintech en colombia,,0,,0.00,
"fintech,legal,marca",marco legal fintech,,0,,0.00,
"fintech,legal,marca,regulatory",marco legal y regulatorio fintech,,0,,0.00,
"colombia,fintech,legañas,marca",marco legañ de las fintech en colombia,,0,,0.00,
"colombia,fintech,marca,regulatory",marco regulatorio para fintech en colombia,,0,,0.00,
"fintech,marca,teorico",marco teorico fintech,,0,,0.00,
"fintech,marketing",marketing and fintech,,0,,0.00,
"crucial,fintech,marketing,success",marketing is crucial to fintech success,,0,,0.00,
"fintech,masschallenge",masschallenge fintech,,0,,0.00,
"accelerator,fintech,masschallenge",masschallenge fintech accelerator,,0,,0.00,
"2,fintech,master",master 2 fintech,,0,,0.00,
"2,blockchain,fintech,master",master 2 fintech blockchain,,0,,0.00,
"2,blockchain,fintech,frances,master",master 2 fintech blockchain france,,0,,0.00,
"blockchain,fintech,frances,master,paris",master blockchain fintech france paris,,0,,0.00,
"blockchain,fintech,frances,master",master en blockchain y fintech france,,0,,0.00,
"blockchain,fintech,frances,master,paris",master en blockchain y fintech france paris,,0,,0.00,
"fintech,madre,master",master en fintech madrid,,0,,0.00,
"estocolmo,fintech,master",master fintech estocolmo,,0,,0.00,
"fintech,francia,master",master fintech francia,,0,,0.00,
"fintech,frances,master",master in fintech france,,0,,0.00,
"fintech,master,sorbonne",master in fintech sorbonne,,0,,0.00,
"financiera,fintech,llm,master,project",master in llm fintech project finance,,0,,0.00,
"fintech,master,oficial,online",master oficial online fintech,,0,,0.00,
"fintech,mastercard,startup,stella,team",mastercard teams up with stellar fintech startup,,0,,0.00,
"fintech,maximo",maximo fintech,,0,,0.00,
"b250,fintech,gb,mb",mb gb b250 fintech,,0,,0.00,
"b250,ddr4,fintech,gb,mb,svl",mb gb b250 fintech svl ddr4,,0,,0.00,
"2018,fintech,mckinsey,reporte",mckinsey fintech report 2018,,0,,0.00,
"fintech,frances,meilleur,start",meilleures start up fintech france,,0,,0.00,
"colombia,fintech,mejor",mejor fintech colombia,,0,,0.00,
"app,fintech,mejor",mejores apps fintech,,0,,0.00,
"ejemplos,fintech,flyer,mejor",mejores ejemplos de flyers para fintech,,0,,0.00,
"2019,colombia,fintech,mejor",mejores fintech colombia 2019,,0,,0.00,
"colombia,fintech,mejor",mejores fintech en colombia,,0,,0.00,
"fintech,latinoamerica,mejor",mejores fintech latinoamerica,,0,,0.00,
"fintech,inversiones,mejor",mejores fintech para inversionistas,,0,,0.00,
"fintech,mejor,plataforma",mejores plataformas fintech,,0,,0.00,
"fintech,mejor,practica",mejores prácticas fintech,,0,,0.00,
"fintech,mejor,tasa",mejores tasas fintech,,0,,0.00,
"fintech,mensajes,motivacion",mensaje de motivacion de fintech,,0,,0.00,
"colombia,fintech,mesfix",mesfix colombia fintech,,0,,0.00,
"fintech,mesfix",mesfix fintech,,0,,0.00,
"comecial,credito,fintech,micro",micro credito para comeciantes fintech,,0,,0.00,
"fintech,kpis,loan,micro",micro loans kpis fintech,,0,,0.00,
"africa,fintech,kpis,loan,micro",micro loans kpis fintech africa,,0,,0.00,
"africa,econopmico,fintech,lending,micro,united",micro-lending in africa fintech unit econopmics,,0,,0.00,
"fintech,microcredito",microcredit fintech,,0,,0.00,
"fintech,microcresitos",microcresitos fintech,,0,,0.00,
"españa,fintech,microred",microrer fintech españa,,0,,0.00,
"bogota,fintech,microsoft",microsoft bogota fintech,,0,,0.00,
"españa,fintech,microverse",microver fintech españa,,0,,0.00,
"fintech,micrpprestamos",micrpprestamos fintech,,0,,0.00,
"colombia,fintech,miembros",miembros colombia fintech,,0,,0.00,
"colombia,fintech,miembros",miembros fintech colombia,,0,,0.00,
"banck,fintech,millenials,mind,top,traditional",millenials and fintech are top of mind for traditional bancks,,0,,0.00,
"empresa,fintech,mision",mision de una empresa fintech,,0,,0.00,
"empresa,fintech,mision,vision",mision y vision de empresa fintech,,0,,0.00,
"certificate,course,fintech,mito,online",mit online fintech certificate course,,0,,0.00,
"certificate,commerce,course,fintech,futuro,mito,online",mit online fintech certificate course future commerce,,0,,0.00,
"fintech,mobile",mobile fintech,,0,,0.00,
"administracion,fintech,modelo,productos,servicio",modelo de administracion de productos y servicios fintech,,0,,0.00,
"financieros,fintech,modelo",modelo financiero fintech,,0,,0.00,
"excel,financieros,fintech,modelo",modelo financiero fintech excel,,0,,0.00,
"colombia,fintech,modelo",modelo fintech en colombia,,0,,0.00,
"fintech,modelo",modelos del fintech,,0,,0.00,
"fintech,ley,modelo,novedad",modelos novedosos ley fintech,,0,,0.00,
"definicion,fintech,modulo",modulo fintech definicion,,0,,0.00,
"fintech,momento",moment fintech,,0,,0.00,
"12,fintech,latino,mortal",mortalidad de las fintech en a latina es del 12,,0,,0.00,
"actividades,fintech",most active fintech,,0,,0.00,
"actividades,allvp,fintech,research",most active fintech allvp research,,0,,0.00,
"company,fintech,innovación",most innovative fintech companies,,0,,0.00,
"fintech,relevantes",most relevant fintech,,0,,0.00,
"brasil,fintech,relevantes",most relevant fintech brasil,,0,,0.00,
"fintech,fundo,vc",most vc funded fintechs,,0,,0.00,
"b250,fintech,ga,gigabyte,motherboard",motherboard gigabyte ga b250 fintech,,0,,0.00,
"colombia,fintech,motor",motores fintech colombia,,0,,0.00,
"fintech,movie",movi fintech,,0,,0.00,
"colombia,fintech,movii",movii colombia fintech,,0,,0.00,
"fintech,mover",moví fintech,,0,,0.00,
"fintech,mp,rapicredi",mp rapicredi fintech,,0,,0.00,
"fintech,mpe",mpe fintech,,0,,0.00,
"bancaire,digitalisation,fintech,inseec,msc",msc fintech & digitalisation bancaire inseec,,0,,0.00,
"capital,fintech,msw",msw capital fintech,,0,,0.00,
"fintech,mylo",mylo fintech,,0,,0.00,
"fintech,nacido,pim",nace pimes la fintech,,0,,0.00,
"fintech,nacido,pymes",nace pymes de fintech,,0,,0.00,
"company,fintech,name",name of fintech companies,,0,,0.00,
"fintech,nara",naro fintech,,0,,0.00,
"facebook,fintech,global,leaf,nat,robinson",nat robinson leaf global fintech facebook,,0,,0.00,
"fintech,global,instagram,leaf,nat,robinson",nat robinson leaf global fintech instagram,,0,,0.00,
"fintech,global,leaf,nat,robinson,twitter",nat robinson leaf global fintech twitter,,0,,0.00,
"fintech,nel",nelo fintech,,0,,0.00,
"fintech,netinfo",netinfo fintech,,0,,0.00,
"company,fintech,new",new companies fintech,,0,,0.00,
"fintech,new,platform,trading",new fintech trading platform,,0,,0.00,
"fintech,new,trends",new trends in fintech,,0,,0.00,
"colombia,fintech,nit",nit colombia fintech,,0,,0.00,
"colombia,fintech,nit",nit de colombia fintech,,0,,0.00,
"empresa,fintech,nombre",nombres de empresas fintech,,0,,0.00,
"2019,fintech,nombre",nombres de fintech 2019,,0,,0.00,
"fintech,nombre",nombres para fintech,,0,,0.00,
"fintech,normas",normas de fintech,,0,,0.00,
"colombia,fintech,normas",normas fintech colombia,,0,,0.00,
"colombia,fintech,normatividad",normativa fintech colombia,,0,,0.00,
"existencia,fintech,normatividad",normatividad existente sobre fintech,,0,,0.00,
"fintech,notaria",notary fintech,,0,,0.00,
"fintech,noti,relevantes",notias relevantes sobre el fintech,,0,,0.00,
"despues,fintech,ntes",ntes y despues de fintech,,0,,0.00,
"fintech,nueva,tendencias",nuevas tendencias fintech,,0,,0.00,
"apuestas,banco,desarrollo,dilema,fintech,international,nueva",nuevo dilema en la banca desarrollo interno o apuesta fintech,,0,,0.00,
"banco,desarrollo,dilema,fintech,international,nueva,puesto",nuevo dilema en la banca desarrollo interno o puesta fintech,,0,,0.00,
"fintech,number,world",number of fintech in the world,,0,,0.00,
"fintech,number,startup",number of fintech startups,,0,,0.00,
"colombia,fintech,numero",numero de fintech en colombia,,0,,0.00,
"fintech,mundo,numero",numero de fintech en el mundo,,0,,0.00,
"colombia,fintech,numero",numero de fintechs en colombia,,0,,0.00,
"enfocado,financieros,fintech,numero,sector",numero enfocadas fintech en el sector financiero,,0,,0.00,
"conference,fintech,nxtp",nxtp fintech conference,,0,,0.00,
"fintech,lab,nxtp",nxtp labs fintech,,0,,0.00,
"conference,fintech,lab,nxtp",nxtp labs fintech conference,,0,,0.00,
"2020,conference,empire,fintech,ny",ny empire fintech conference 2020,,0,,0.00,
"especificaciones,fintech,objetivos",objetivo específico fintech,,0,,0.00,
"fintech,futuro,objetivos",objetivo fintech futuro,,0,,0.00,
"banco,conectar,fintech,medio,obligaciones,pago",obliga a los bancos a conectarse fintech medios de pago,,0,,0.00,
"comercial,fintech,ofertas,pricing,productos,servicio",oferta comercial y pricing de productos y servicios fintech,,0,,0.00,
"fintech,ofertas,valor",oferta de valor fintech,,0,,0.00,
"colombia,fintech,ola",olas de fintech en colombia,,0,,0.00,
"digital,fintech,onboarding",onboarding digital fintech,,0,,0.00,
"fintech,loan,online,top",online loans top fintech,,0,,0.00,
"bank,fintech,open",open banking and fintech,,0,,0.00,
"fintech,open,source",open source fintech,,0,,0.00,
"fintech,operacion",operacion fintech,,0,,0.00,
"fintech,operatividad",operatividad del fintech,,0,,0.00,
"fintech,opiniones",opiniones sobre las fintech,,0,,0.00,
"colombia,fintech,opiniones",opiniones sobre las fintech en colombia,,0,,0.00,
"fintech,organizacion",organizacion fintech,,0,,0.00,
"fintech,origen",origen de fintech,,0,,0.00,
"europa,fintech,origen",origen de las fintech en europa,,0,,0.00,
"fintech,original,word",origin of word fintech,,0,,0.00,
"fintech,original,pdf,word",origin word fintech pdf,,0,,0.00,
"fintech,oscar",oscar fintech,,0,,0.00,
"fintech,gutierres,oscar",oscar gutierre fintech,,0,,0.00,
"costo,fintech,oxford,programme",oxford fintech programme cost,,0,,0.00,
"fintech,oxford,universidad",oxford university fintech,,0,,0.00,
"costo,fintech,oxford,programa,universidad",oxford university fintech program cost,,0,,0.00,
"fintech,oxford,programme,universidad",oxford university fintech programme,,0,,0.00,
"fintech,p4s",p4s fintech,,0,,0.00,
"colombia,fintech,miller,pablo",pablo miller de fintech colombia,,0,,0.00,
"digitales,fintech,pago",pagos digitales fintech,,0,,0.00,
"clave,fintech,palabras",palabras claves en las fintech,,0,,0.00,
"clave,fintech,mas,palabras,usados",palabras claves mas usadas para fintech,,0,,0.00,
"colorear,combinar,fintech,paleta",paleta de colores combinaciones para fintech,,0,,0.00,
"campo,colorear,financieros,fintech,paleta",paleta de colores en el campo financiero o fintech,,0,,0.00,
"colombia,fintech,panorama",panorama fintech en colombia,,0,,0.00,
"fintech,futuro,panorama",panorama futuro de fintech,,0,,0.00,
"fintech,sirve",para que sirve fintech,,0,,0.00,
"colombia,fintech,sirve",para que sirve la fintech en colombia,,0,,0.00,
"credecianles,dian,fintech,pide",para qué piden las fintech las credecianles de la dian,,0,,0.00,
"credenciales,dian,fintech,pide",para qué piden las fintech las credenciales de la dian,,0,,0.00,
"conforman,elementos,fintech,partes",partes o elementos que conforman las fintech,,0,,0.00,
"fintech,payit",payit fintech,,0,,0.00,
"banco,crecimiento,fintech,peligro,startup",peligran los bancos con el crecimiento de las startups fintech,,0,,0.00,
"fintech,pensamiento",pensamiento fintech,,0,,0.00,
"fintech,perfil",perfil fintech,,0,,0.00,
"aval,fintech,ley,persa",perso avalado por la ley fintech,,0,,0.00,
"fintech,ley,persa",perso ley fintech,,0,,0.00,
"fintech,knight,peter",peter knight fintech,,0,,0.00,
"fintech,phoenix",phoenix fintech,,0,,0.00,
"fintech,php",php for fintech,,0,,0.00,
"fintech,good,php",php good for fintech,,0,,0.00,
"a50e0681060176f28c5a,afilar,email,fintech,pii",pii_email_a50e0681060176f28c5a esta afilada a fintech,,0,,0.00,
"e1cd7a0a646c8f8008b1,email,fintech,pii",pii_email_e1cd7a0a646c8f8008b1 fintech,,0,,0.00,
"fintech,pilares",pilares del fintech,,0,,0.00,
"fintech,pim",pimes fintech,,0,,0.00,
"fintech,pitchbull",pitchbull fintech,,0,,0.00,
"colombia,fintech,piu",piu fintech de colombia,,0,,0.00,
"b250,fintech,ga,gigabyte,mining,mãe,placa",placa mãe gigabyte ga b250 fintech mining,,0,,0.00,
"fintech,placement",placement fintech,,0,,0.00,
"desarrollo,fintech,nacional,plan",plan nacional de desarrollo fintech,,0,,0.00,
"fintech,plan,project,webdesign",plan your fintech webdesign project,,0,,0.00,
"financial,fintech,plataforma,prestamos",plataformas fintech de financiación en préstamos,,0,,0.00,
"colombia,fintech,plataforma",plataformas fintech en colombia,,0,,0.00,
"fijo,fintech,plaza",plazo fijo fintech,,0,,0.00,
"fintech,play,plug",plug and play fintech,,0,,0.00,
"fintech,policia,principles",policy principles for fintech,,0,,0.00,
"crez,fintech,poligono",poligon fintech creze,,0,,0.00,
"fintech,nacional,politica",politica nacional de fintech,,0,,0.00,
"colombia,fintech,politica",politicas de la fintech en colombia,,0,,0.00,
"colombia,fintech,politica,restrictiva",politicas restrictivas de la fintech en colombia,,0,,0.00,
"fintech,polygon",polygon fintech,,0,,0.00,
"crez,fintech,polygon",polygon fintech creze,,0,,0.00,
"fintech,importancia",por que son importantes las fintech,,0,,0.00,
"crear,fintech",porque se creo el fintech,,0,,0.00,
"fintech,surge",porque surgen las fintech,,0,,0.00,
"fintech,ifc,portafolio",portafolio fintech ifc,,0,,0.00,
"argentina,fintech,posgrados",posgrado fintech argentina,,0,,0.00,
"colombia,fintech,powwi",powwi colombia fintech,,0,,0.00,
"fintech,ppt",ppt de las fintech,,0,,0.00,
"fintech,formato,ppt",ppt de las fintech formato,,0,,0.00,
"fintech,pqs",pqs fintech,,0,,0.00,
"agentur,fintech,pr",pr agentur fintech,,0,,0.00,
"fintech,fundo,pre,seed,usa",pre-seed fintech funds usa,,0,,0.00,
"colobia,fintech,preglamentacion",preglamentacion para las fintech en colobia,,0,,0.00,
"fintech,preguntas",pregunta sobre fintech,,0,,0.00,
"fintech,preguntas",preguntas fintech,,0,,0.00,
"colombia,fintech,preguntas",preguntas fintech en colombia,,0,,0.00,
"fintech,preguntas",preguntas sobre fintech,,0,,0.00,
"condiciones,etapa,fintech,licencia,prepara",preparan una licencia condicionada y por etapas para las fintech,,0,,0.00,
"can,fintech,preparar,tsunami",preparing canada for the fintech tsunami,,0,,0.00,
"colombia,fintech,presidente",presidente de colombia fintech,,0,,0.00,
"fintech,presidente",presidente de fintech,,0,,0.00,
"colombia,fintech,presidente",presidente de fintech colombia,,0,,0.00,
"fintech,prestamos,rapido",presta rapido fintech,,0,,0.00,
"fintech,prestamos",prestamos con fintech,,0,,0.00,
"fintech,prestamos,reporte",prestamos con fintech para reportados,,0,,0.00,
"fintech,prestamos,rgntina",prestamos en rgntina fintech,,0,,0.00,
"bogota,fintech,prestamos",prestamos fintech bogota,,0,,0.00,
"fintech,personalidad,prestamos,reporte",prestamos personales para reportados con fintech,,0,,0.00,
"fintech,prestamos",prestamos por fintech,,0,,0.00,
"fintech,parav,prestamos,reporte",prestamos por fintech parav reportados,,0,,0.00,
"colombia,desarrollo,fintech,presupuesto",presupuesto desarrollo fintech colombia,,0,,0.00,
"fintech,prevision",previse fintech,,0,,0.00,
"banco,fintech,inglaterra,primer",primer banco fintech de inglaterra,,0,,0.00,
"2018,colombia,fintech,peiu,primera",primera fintech en colombia peiu 2018,,0,,0.00,
"aspectos,fintech,principales,texto",principales aspectos del texto de fintech,,0,,0.00,
"empresa,fintech,principales",principales empresas fintech,,0,,0.00,
"fintech,mundo,principales",principales fintech en el mundo,,0,,0.00,
"fintech,private,wealth",private wealth y fintech,,0,,0.00,
"conultorio,empresa,fintech,private,wealth",private wealth y fintech empresas de conultoria,,0,,0.00,
"financieros,fintech,problemas,sistema",problemas de las fintech al sistema financiero,,0,,0.00,
"colombia,fintech,problematica",problematica de fintech colombia,,0,,0.00,
"fintech,problemas",problems in fintech,,0,,0.00,
"fintech,probux",probux fintech,,0,,0.00,
"fintech,haveriana,probux,u",probux fintech u haveriana,,0,,0.00,
"fintech,pago,proceso",procesador de pago fintech,,0,,0.00,
"fintech,proceso,superfinanciera",proceso fintech ante superfinanciera,,0,,0.00,
"alcanzar,fintech,optima,producion",producion optima a alcanzar en una fintech,,0,,0.00,
"0,4,digital,enfocado,fintech,productos,propio,tecnologicos",producto digital propio enfocado en tecnologías 4.0 fintech,,0,,0.00,
"fintech,productos",producto fintech,,0,,0.00,
"fintech,productos",producto fintecha,,0,,0.00,
"financieros,fintech,productos",productos financieros fintech,,0,,0.00,
"financieros,fintech,innovación,productos",productos financieros innovadores fintech,,0,,0.00,
"clavijo,fintech,profundización,sergio,servicio,via",profundización de servicios vía fintech por sergio clavijo,,0,,0.00,
"fintech,programa,region",programa regional fintech,,0,,0.00,
"2016,fintech,programa,region",programa regional fintech 2016,,0,,0.00,
"application,fintech,programa",programming for fintech applications,,0,,0.00,
"fintech,prologo",prologo fintech,,0,,0.00,
"colombiano,como,dinero,fintech,prometedor",prometedoras fintech colombianas dinero.com,,0,,0.00,
"api,fintech,prometeo",prometeo fintech api,,0,,0.00,
"colombiano,como,dinero,fintech,promotedoras",promotedoras fintech colombianas dinero.com,,0,,0.00,
"fintech,pronux",pronux fintech,,0,,0.00,
"fintech,propuesta,valor",propuesta de valor fintech,,0,,0.00,
"2017,colombia,fintech,propuesta",propuestas fintech colombia 2017,,0,,0.00,
"con,fintech,pros",pros and cons of fintech,,0,,0.00,
"contra,empresa,fintech,pros",pros y contras empresas fintech,,0,,0.00,
"contra,fintech,pros",pros y contras fintech,,0,,0.00,
"fintech,prosper",prosper fintech,,0,,0.00,
"fintech,lending,prosper",prosper lending fintech,,0,,0.00,
"consumidor,fintech,proteccion",proteccion al consumidor en fintech,,0,,0.00,
"datos,fintech,protocolo,transaccionales",protocolo de datos transaccionales fintech,,0,,0.00,
"colombia,fintech,ley,proyecto",proyecto de ley fintech colombia,,0,,0.00,
"banco,fintech,proyecto",proyectos de banca fintech,,0,,0.00,
"fintech,proyecto",proyectos de fintech,,0,,0.00,
"colombia,fintech,prestamos",préstamos fintech colombia,,0,,0.00,
"fintech,psd2",psd2 fintech,,0,,0.00,
"fintech,law,publicacion",publicacion fintech law,,0,,0.00,
"fintech,ley,publicacion",publicacion ley fintech,,0,,0.00,
"company,fintech,publico,trade",publicly traded fintech companies,,0,,0.00,
"fintech,puentelab",puentelab fintech,,0,,0.00,
"fintech,pwc",pwc fintech,,0,,0.00,
"fintech,pdf,pwc",pwc fintech pdf,,0,,0.00,
"fintech,pwc,reporte",pwc fintech report,,0,,0.00,
"2017,fintech,global,pwc,reporte",pwc global fintech report 2017,,0,,0.00,
"2018,fintech,global,pwc,reporte",pwc global fintech report 2018,,0,,0.00,
"2017,fintech,global,pwc,survey",pwc global fintech survey 2017,,0,,0.00,
"2018,fintech,global,pwc,survey",pwc global fintech survey 2018,,0,,0.00,
"compañía,fintech,q",q son compañías fintech,,0,,0.00,
"fintech,qe",qe es una fintech,,0,,0.00,
"fintech,qu8e",qu8e es fintech,,0,,0.00,
"fintech,quais,sao,tipos",quais sao os tipos de fintech,,0,,0.00,
"banco,fintech,manejo",que bancos manejan el fintech,,0,,0.00,
"campo,colorear,financieros,fintech,trabajo",que colores para trabajar en el campo financiero o fintech,,0,,0.00,
"campo,colorear,financieros,fintech,utiliza",que colores utilizar en el campo financiero o fintech,,0,,0.00,
"encierra,fintech",que encierra fintech,,0,,0.00,
"baap,fintech",que es baap fintech,,0,,0.00,
"crowdfunding,fintech",que es crowdfunding fintech,,0,,0.00,
"bosa,condensador,fintech",que es el estado de condensado bose fintech,,0,,0.00,
"finanzas,fintech",que es el fintech finanzas,,0,,0.00,
"fintech,modelo",que es el modelo fintech,,0,,0.00,
"emprendimiento,fintech",que es emprendimiento fintech,,0,,0.00,
"emprendimiento,fintech",que es emprendimientos fintech,,0,,0.00,
"empresa,fintech",que es empresas fintech,,0,,0.00,
"fenomeno,fintech",que es fenómeno fintech,,0,,0.00,
"fintech,nacido",que es fintech como nace,,0,,0.00,
"emprendimiento,fintech",que es fintech en emprendimiento,,0,,0.00,
"español,fintech",que es fintech es español,,0,,0.00,
"financieros,fintech",que es fintech financiero,,0,,0.00,
"fintech,friends",que es fintech friendly,,0,,0.00,
"administrativo,fintech,kyc",que es fintech kyc administrator,,0,,0.00,
"fintech,oroyfinanzas",que es fintech oroyfinanzas,,0,,0.00,
"fintech,resumen",que es fintech resumen,,0,,0.00,
"006,fintech,sp,trackid",que es fintech trackid sp-006,,0,,0.00,
"fintech,funcion",que es fintech y como funciona,,0,,0.00,
"fintech,insurteh",que es fintech y insurteh,,0,,0.00,
"administrativo,fintech,kyc",que es fintecha kyc administrator,,0,,0.00,
"fintech,house",que es house of fintech,,0,,0.00,
"fintech,hubo",que es hubs fintech,,0,,0.00,
"fintech,inclusion",que es inclusion fintech,,0,,0.00,
"fintech,insurtech",que es insurtech y fintech,,0,,0.00,
"fintech,ley",que es la ley de fintech,,0,,0.00,
"colombia,fintech,urf",que es la urf colombia en fintech,,0,,0.00,
fintech,que es las fintech,,0,,0.00,
"fintech,ley",que es ley fintech,,0,,0.00,
"aliatu,fintech,plataforma",que es plataforma fintech aliatu,,0,,0.00,
"fintech,sandbox",que es sandbox fintech,,0,,0.00,
"fintech,tal",que es tala en fintech,,0,,0.00,
"esquema,fintech",que es un esquemas fintech,,0,,0.00,
"compañia,fintech",que es una compañia fintech,,0,,0.00,
"company,fintech",que es una fintech company,,0,,0.00,
"api,fintech",que es una fintech y una api,,0,,0.00,
"fintech,unbanked",que es unbanked fintech,,0,,0.00,
"fintech,sas,zinobe",que es zinobe sas fintech,,0,,0.00,
"esstartups,fintech",que esstartups fintech,,0,,0.00,
"fintech,paso",que esta pasando con las fintech,,0,,0.00,
"exito,fintech",que fintech exiten,,0,,0.00,
"colombia,fintech",que fintech hay en colombia,,0,,0.00,
"colombia,dep,fintech,futuro",que futuro depara las fintech en colombia,,0,,0.00,
"colombia,fintech,hacer",que hace colombia fintech,,0,,0.00,
"fintech,hacer",que hace fintech,,0,,0.00,
"colombia,fintech,ley,rige",que leyes rigen a las fintech en colombia,,0,,0.00,
"aparicion,fintech,motivos",que motiva la aparicion de las fintech,,0,,0.00,
"colombia,fintech,porcentaje,representa",que porcentaje representa colombia en las fintech,,0,,0.00,
"fintech,problemas,resuelve",que problemas resuelven las fintech,,0,,0.00,
"fintech,requiere",que requiere una fintech,,0,,0.00,
"contempla,fintech,segmento",que segmentos contempla fintech,,0,,0.00,
"colombia,contempla,fintech,segmento",que segmentos contempla fintech en colombia,,0,,0.00,
"contempla,fin,fintech,sector,segmento",que segmentos contempla fintech en el sector finan,,0,,0.00,
"fintech,segmento",que segmentos tiene fintech,,0,,0.00,
"fintech,significa,terminal",que significa el termino fintech,,0,,0.00,
"español,fintech,significa",que significa en español fintech,,0,,0.00,
"emprendimiento,fintech",que son emprendimientos fintech,,0,,0.00,
"fintech,pdf",que son fintech pdf,,0,,0.00,
"condusef,fintech",que son las fintech condusef,,0,,0.00,
"fintech,pdf",que son las fintech pdf,,0,,0.00,
"fintech,startup",que son las fintech startup,,0,,0.00,
"estan,fintech",que son las fintech y porque estan,,0,,0.00,
"fintech,startup",que son las startups fintech,,0,,0.00,
"fintech,las",que son lasa fintech,,0,,0.00,
"emprendimiento,fintech",que son los emprendimientos fintech,,0,,0.00,
"encierra,fintech,temas",que temas encierra fintech,,0,,0.00,
"fintech,palabras,traducir",que traduce la palabra fintech,,0,,0.00,
"afecta,empresa,fintech,variables",que variables afectan a las empresas fintech,,0,,0.00,
"afecta,empresa,fintech,macroeconomicos,variables",que variables macroeconomicas afectan a empresas fintech,,0,,0.00,
"africa,fintech,kpis,loan,quick",quick loans africa fintech kpis,,0,,0.00,
"colombia,fintech",quien es colombia fintech,,0,,0.00,
fintech,quien es fintech,,0,,0.00,
"fintech,prestamos,servicio",quienes prestan el servicio de fintech,,0,,0.00,
"fintech,què",què es fintech,,0,,0.00,
"fintech,pdf",qué es fintech pdf,,0,,0.00,
"fintech,hacer",qué hace una fintech,,0,,0.00,
"fintech,servicio",qué son servicios fintech,,0,,0.00,
"empresa,fintech,logros,puede,ventajas",qué ventajas puede lograr una empresa fintech,,0,,0.00,
"d,fintech,r",r&d for fintech,,0,,0.00,
"fintech,fundo,rakuten",rakuten fintech fund,,0,,0.00,
"colombia,empresa,fintech,online,prestamos,ranking",ranking de empresas fintech de prestamos online en colombia,,0,,0.00,
"colombia,fintech,ranking",ranking fintech colombia,,0,,0.00,
"fintech,latinoamerica,ranking",ranking fintech latinoamerica,,0,,0.00,
"credito,fintech,rapi",rapi credit fintech,,0,,0.00,
"colombia,fintech,rapicredit",rapicredit colombia fintech,,0,,0.00,
"correo,fintech,rapicredit",rapicredit fintech correo,,0,,0.00,
"direccion,fintech,rapicredit",rapicredit fintech direccion,,0,,0.00,
"fintech,rapicredit",rapicredit fintech s.a,,0,,0.00,
"fintech,rapicredit,telefono",rapicredit fintech teléfono,,0,,0.00,
"colombia,fintech,grupo,pertenece,rapicredit",rapicredit pertenece al grupo de colombia fintech,,0,,0.00,
"credito,fintech,rapi,rapido",rapidos rapi creditos fintech,,0,,0.00,
"fintech,rapicredit,rapido",rapidos rapicredit fintech,,0,,0.00,
"credito,fintech,rapido,rappi",rapidos rappi creditos fintech,,0,,0.00,
"credito,fintech,rappi",rappi creditos fintech,,0,,0.00,
"ayuda,fintech,rappipay",rappipay la fintech que ayudara,,0,,0.00,
"fintech,rapport",rapport fintech,,0,,0.00,
"fintech,rasil",rasil fintech,,0,,0.00,
"company,estate,fintech,real",real estate fintech companies,,0,,0.00,
"conference,estate,fintech,real",real estate fintech conference,,0,,0.00,
"estate,fintech,fundo,real",real estate fintech fund,,0,,0.00,
"estate,fintech,investor,real",real estate fintech investors,,0,,0.00,
"estate,fintech,real,startup",real estate fintech startups,,0,,0.00,
"estate,fintech,real,trends",real estate fintech trends,,0,,0.00,
"estate,fintech,investment,real",real estate investment fintech,,0,,0.00,
"colombia,fintech,recon",recon colombia es una fintech,,0,,0.00,
"colombia,fintech,recun",recun colombia fintech,,0,,0.00,
"fintech,humano,recursos",recursos humanos fintech,,0,,0.00,
"fintech,humano,oscend,recursos",recursos humanos oscenda fintech,,0,,0.00,
"costo,fintech,reduccion",reduccion de costos fintech,,0,,0.00,
"fintech,inversion,reglamentacion,sector",reglamentacion de la inversion en el sector fintech,,0,,0.00,
"colombia,fintech,reglamentacion",reglamentacion de las fintech en colombia,,0,,0.00,
"colombia,fintech,reglamentacipn",reglamentacipn fintech colombia,,0,,0.00,
"fintech,ley,reglamento",reglamento ley fintech,,0,,0.00,
"fintech,new,regtech",regtech is the new fintech,,0,,0.00,
"fintech,new,regtech",regtech the new fintech,,0,,0.00,
"colombia,fintech,regulacion",regulacion de fintech en colombia,,0,,0.00,
"colombia,fintech,regulacion",regulacion de las fintech en colombia,,0,,0.00,
"europa,fintech,regulacion",regulacion de las fintech en europa,,0,,0.00,
"fintech,mundial,nivel,regulacion",regulacion fintech a nivel mundial,,0,,0.00,
"alemania,fintech,regulacion",regulacion fintech en alemania,,0,,0.00,
"america,fintech,latino,regulacion",regulacion fintech en america latina,,0,,0.00,
"america,fintech,latino,lloreda,regulacion",regulacion fintech en america latina lloreda,,0,,0.00,
"fintech,mundo,regulacion",regulacion fintech en el mundo,,0,,0.00,
"españa,fintech,regulacion",regulacion fintech en españa,,0,,0.00,
"fintech,inglaterra,regulacion",regulacion fintech en inglaterra,,0,,0.00,
"españa,fintech,regulacion",regulacion fintech españa,,0,,0.00,
"empresa,fintech,pago,regulacion",regulacion fintech para empresas de pagos,,0,,0.00,
"fintech,regulacion,sobe",regulacion sobe fintech,,0,,0.00,
"colombia,fintech,regulaciòn",regulaciòn de las fintech en colombia,,0,,0.00,
"colombia,fintech,regular",regulación de las fintech en colombia,,0,,0.00,
"colombia,fintech,regular",regulación fintech colombia,,0,,0.00,
"fintech,mundo,regular",regulación fintech en el mundo,,0,,0.00,
"fintech,regular",regulación para las fintech,,0,,0.00,
"fintech,regulasi",regulasi fintech,,0,,0.00,
"company,fintech,regular,state,united",regulations for fintech companies in united states,,0,,0.00,
"fintech,relacion,sedpe",relacion de fintech con sedpes,,0,,0.00,
"confirmar,factores,fintech,relacion",relacion entre el fintech y factoring y confirming,,0,,0.00,
"fintech,relacion,sedpe",relacion sedpes con fintech,,0,,0.00,
"fintech,rendimiento",rendimiento fintech,,0,,0.00,
"fintech,renta",renting fintech,,0,,0.00,
"fintech,reporte",reporte fintech,,0,,0.00,
"colombia,fintech,representa",representante de fintech en colombia,,0,,0.00,
"afiliacion,colombia,fintech,requiisitos",requiisitos afiliacion colombi fintech,,0,,0.00,
"fintech,monte,requisitos",requisitos para montar una fintech,,0,,0.00,
"fintech,requisitos",requisitos para una fintech,,0,,0.00,
"fintech,resumen",resumen de fintech,,0,,0.00,
"fintech,ley,resumen",resumen ley fintech,,0,,0.00,
"fintech,reto",retos de las fintech,,0,,0.00,
"fintech,reto",retos del fintech,,0,,0.00,
"colombia,fintech,informacion,reto,tecnologia",retos del fintech informacion y tecnologia colombia,,0,,0.00,
"fintech,regulatory,reto",retos del fintech regulatorios,,0,,0.00,
"colombia,fintech,regulatory,reto",retos del fintech regulatorios colombia,,0,,0.00,
"fintech,perone,reto",retos del fintech y s peronal,,0,,0.00,
"fintech,personas,reto",retos del fintech y su personal,,0,,0.00,
"fintech,reto",retos fintech,,0,,0.00,
"banco,fintech,reto,tradicional",retos fintech banca tradicional,,0,,0.00,
"colombia,fintech,retun",retun colombia fintech,,0,,0.00,
"dinero,fintech,revista",revista dinero fintech,,0,,0.00,
"cibernetica,colombia,fintech,fraude,riesgo",riesgo de fraude cibernetico fintech en colombia,,0,,0.00,
"colombia,fintech,riesgo",riesgo fintech colombia,,0,,0.00,
"fintech,limites,riesgo",riesgos y limitaciones de las fintech,,0,,0.00,
"fintech,humano,riqueza,talento",riqueza de las fintech en el talento humano,,0,,0.00,
"fintech,pdf,risk",risk fintech pdf,,0,,0.00,
"fintech,management,risk",risk management for fintech,,0,,0.00,
"fintech,riskmathics",riskmathics fintech,,0,,0.00,
"fintech,global,robeco",robeco global fintech,,0,,0.00,
"fintech,robin",robin fintech,,0,,0.00,
"bank,fintech,rol",role of fintech in banking,,0,,0.00,
"fintech,roostify",roostify fintech,,0,,0.00,
"fintech,rostify",rostify fintech,,0,,0.00,
"fintech,ltd,pvt,rupeek",rupeek fintech pvt ltd,,0,,0.00,
"fintech,ruta",ruta fintech,,0,,0.00,
"fintech,réglementation",réglementation fintech,,0,,0.00,
"fintech,saldo",saldo de las fintech,,0,,0.00,
"2019,colombia,executive,fintech,sale",sales executive fintech colombia 2019,,0,,0.00,
"colombia,fintech,sandbox",sandbox colombia fintech,,0,,0.00,
"españa,fintech,sandbox",sandbox fintech españa,,0,,0.00,
"fintech,new,sandbox,york",sandbox fintech new york,,0,,0.00,
"fintech,meta,santander",santander mis metas fintech,,0,,0.00,
"2016,fintech,schueffel",schueffel 2016 fintech,,0,,0.00,
"fintech,scoring",scoring fintech,,0,,0.00,
"fintech,invierte,qeda,scotiabank",scotiabank y qed invierten en fintech,,0,,0.00,
"fintech,found,play,plug,president,robinson,scott,vice",scott robinson founder & vice president plug and play fintech,,0,,0.00,
"fintech,rgulation,scrap,screen",screen scrapping rgulation fintech,,0,,0.00,
"colombia,fintech,secrto",secrto fintech colombia,,0,,0.00,
"financieros,fintech,sector",sector financiero con fintech,,0,,0.00,
"ejemplos,financieros,fintech,sector",sector financiero con fintech ejemplos,,0,,0.00,
"colombia,fintech,sector",sector fintech colombia,,0,,0.00,
"colombia,fintech,sector,studio",sectoral study colombia fintech,,0,,0.00,
"fintech,sector,studio",sectoral study fintech,,0,,0.00,
"fintech,sector",sectores de fintech,,0,,0.00,
"colombia,fintech,sectorial,studio",sectorial study colombia fintech,,0,,0.00,
"fintech,industrial,sedete",sedet industria fintech,,0,,0.00,
"colombia,fintech,sedpe",sedpe colombia fintech,,0,,0.00,
"fintech,sedpe",sedpes fintech,,0,,0.00,
"fintech,fundig,seed",seed fundig for fintech,,0,,0.00,
"fintech,fundo,seed",seed funding for fintech,,0,,0.00,
"fintech,investor,seed",seed investor for fintech,,0,,0.00,
"fintech,investor,seed",seed investors for fintech,,0,,0.00,
"fintech,investor,latam,seed",seed investors for fintech latam,,0,,0.00,
"fintech,segmentacion",segmentacion de fintech,,0,,0.00,
"capital,colombia,fintech,mueve,segmento",segmento de fintech colombia que capital mueven,,0,,0.00,
"colombia,dibnero,fintech,mas,mueve,segmento",segmento de fintech colombia que mas mueve dibnero,,0,,0.00,
"colombia,fintech,segmento,vamos",segmento fintech en colombia en qué vamos,,0,,0.00,
"fintech,segmento",segmentos de fintech,,0,,0.00,
"fintech,segmento",segmentos de las fintech,,0,,0.00,
"colombia,fintech,sempli",sempli colombia fintech,,0,,0.00,
"fintech,sempli",semply fintech,,0,,0.00,
"fintech,separa",sepes y fintech,,0,,0.00,
"dia,fintech,septimo",septimo dias fintechs,,0,,0.00,
"fintech,serie",serie fintech,,0,,0.00,
"fintech,servicio",servicios de las fintech,,0,,0.00,
"fintech,servicio,ua",servicios de ua fintech,,0,,0.00,
"financieros,fintech,particulares,servicio",servicios financieros para particulares fintech,,0,,0.00,
"empresa,fintech,servicio,tradicionales",servicios fintech en la empresas tradicionales,,0,,0.00,
"colombia,fintech,servicio,tic",servicios tic en colombia con fintech,,0,,0.00,
"como,fintech,servicio",servicios.com fintech,,0,,0.00,
"fintech,shareppy",shareppy fintech,,0,,0.00,
"fintech,shopify",shopify for fintech,,0,,0.00,
"contabilidad,fintech,significado",significado contabilidad fintech,,0,,0.00,
"fintech,llc,simply",simply fintech llc,,0,,0.00,
"association,fintech,singapore",singapore fintech association,,0,,0.00,
"datos,fintech,singapore",singapore fintech data,,0,,0.00,
"2017,festival,fintech,singapore",singapore fintech festival 2017,,0,,0.00,
"fintech,sipi",sipi fintech,,0,,0.00,
"financieros,fintech,sistema",sistema financiero fintech,,0,,0.00,
"fintech,sistema",sistemas fintech,,0,,0.00,
"colombia,fintech,slack",slack colombia fintech,,0,,0.00,
"fintech,slack",slack fintech,,0,,0.00,
"contract,fintech,smart",smart contracts fintech,,0,,0.00,
"fintech,sme",sme fintech,,0,,0.00,
"fintech,smith,vernon",smith vernon fintech,,0,,0.00,
"colombia,fintech,soporte,valor",sobre que valores se soportan las fintech en colombia,,0,,0.00,
"fintech,sociedad",sociedad fintech,,0,,0.00,
"fintech,sociedad,venezuela",sociedad fintech de venezuela,,0,,0.00,
"fintech,sociedad,venezuela",sociedad fintech venezuela,,0,,0.00,
"fintech,sociedad,venezolanos",sociedad venezolana de fintech,,0,,0.00,
"fintech,nueva,sociedad,tecnologicos,venezolanos",sociedad venezolana de fintech y nuevas tecnologías,,0,,0.00,
"colombia,fintech,objetivos,social,sociedades",sociedades que tiene como objeto social el fintech en colombia,,0,,0.00,
"fintech,sofia",sofi que es fintech,,0,,0.00,
"credito,fintech,solicitar",solicitar un credito por fintech,,0,,0.00,
"fintech,panama,solucion",soluciones fintech s.a panama,,0,,0.00,
"economia,fintech,naranja",son las fintech economia naranja,,0,,0.00,
"fintech,neobancos",son los neobancos fintechs,,0,,0.00,
"fintech,sorbonne",sorbonne fintech,,0,,0.00,
"3,fintech,master,sotbonne",sotbonne fintech master 3,,0,,0.00,
"fintech,start",start your own fintech,,0,,0.00,
"fintech,llama,monedero,startup",startup de fintech llamada monedero,,0,,0.00,
"argentina,fintech,startup",startup fintech argentina,,0,,0.00,
"colombia,fintech,startup",startup fintech colombia,,0,,0.00,
"company,fintech,startup",startup fintech companies,,0,,0.00,
"fintech,startup,weekend",startup weekend fintech,,0,,0.00,
"fintech,startupbootcamp",startupbootcamp fintech,,0,,0.00,
"credito,fintech,startup",startups de credito fintech,,0,,0.00,
"colombia,fintech,startup",startups fintech en colombia,,0,,0.00,
"colombia,fintech,starup",starups colombia fintech,,0,,0.00,
"fintech,stirling",stirling fintech,,0,,0.00,
"fintech,strart,tendencias",strart up fintech tendencias,,0,,0.00,
"fintech,subcomision",subcomision fintech,,0,,0.00,
"2019,calendario,fintech,subcomision",subcomision fintech calendario 2019,,0,,0.00,
"financiera,fintech,superintendencia",superintendencia financiera fintech,,0,,0.00,
"financiera,fintech,superintendencia",superintendencia financiera y fintech,,0,,0.00,
"castaño,financieros,fintech,jorge,superintendencia",superintendente financiero jorge castaño fintech,,0,,0.00,
"colombia,fintech,surgimiento",surgimiento de colombia fintech,,0,,0.00,
"fintech,surgimiento",surgimiento de fintech,,0,,0.00,
"app,fintech,swap",swap app fintech,,0,,0.00,
"fintech,swarp",swarp fintech,,0,,0.00,
"association,fintech,ta",ta associates fintech,,0,,0.00,
"fintech,huffington,pos,revolution,talk",talking about a fintech revolution the huffington pos,,0,,0.00,
"fintech,taller",taller fintech,,0,,0.00,
"colombia,fintech,taller",taller fintech en colombia,,0,,0.00,
"fintech,taller",taller sobre fintech,,0,,0.00,
"fintech,tally",tally fintech,,0,,0.00,
"fintech,tan",tan tan fintech,,0,,0.00,
"atx,b250,fintech,ga,gigabyte,madre,tarjeta",tarjeta madre gigabyte atx ga-b250-fintech,,0,,0.00,
"fintech,tasatop",tasatop fintech,,0,,0.00,
"fintech,tatiana,urbano",tatiana urban fintech,,0,,0.00,
"fintech,taxi",taxi fintech,,0,,0.00,
"fintech,loan,taxi",taxi loan fintech,,0,,0.00,
"fintech,tec",teca fintech,,0,,0.00,
"fintech,onu,tecnologia",tecnologia fintech onu,,0,,0.00,
"fintech,tecnologia",tecnologias de las fintech,,0,,0.00,
"fintech,significa,tecnologicos",tecnología fintech que significa,,0,,0.00,
"0,4,fintech,tecnologicos",tecnologías 4.0 fintech,,0,,0.00,
"europa,fintech,tecnologicos",tecnologías fintech en europa,,0,,0.00,
"colombia,direccion,fintech,prestamos,rapudo,tekefono",tekefono y direccion de presta rapudo fintech de colombia,,0,,0.00,
"fintech,telefono",telefono de fintech,,0,,0.00,
"bogota,fintech,rapicredit,telefono",telefono de rapicredit fintech bogota,,0,,0.00,
"fintech,prestamos,rapido,telefono",telefono presta rapido fintech,,0,,0.00,
"fintech,prestamos,rapudo,telefono",telefono presta rapudo fintech,,0,,0.00,
"colombia,direccion,fintech,prestamos,rapido,telefono",telefono y direccion de presta rapido fintech colombia,,0,,0.00,
"fintech,telefono",telefonos de fintech,,0,,0.00,
"colombia,fintech,telefono",teléfono colombia fintech,,0,,0.00,
"fintech,investment,tencent",tencent fintech investments,,0,,0.00,
"2019,fintech,tendance",tendance fintech 2019,,0,,0.00,
"fintech,tendance",tendances fintech,,0,,0.00,
"big,blockchain,datos,fintech,tendencias",tendencias de fintech big data y blockchain,,0,,0.00,
"colombia,fintech,tendencias",tendencias de fintech en colombia,,0,,0.00,
"big,blockchain,datos,fintech,tendencias",tendencias en fintech big data y blockchain,,0,,0.00,
"2019,fintech,tendencias",tendencias fintech 2019,,0,,0.00,
"2020,fintech,tendencias",tendencias fintech 2020,,0,,0.00,
"fintech,latinoamericana,productos,tendencias",tendencias latinoamericanas de productos fintech,,0,,0.00,
"colombia,fintech,terminal",terminos para el fintech en colombia,,0,,0.00,
"condiciones,fintech,terminal",terminos y condiciones del fintech,,0,,0.00,
"colombia,condiciones,fintech,terminal",terminos y condiciones del fintech en colombia,,0,,0.00,
"colombia,condiciones,financiera,fintech,terminal",terminos y condiciones financieras del fintech en colombia,,0,,0.00,
"administracion,financiera,fintech,tesis",tesis de administracion financiera fintech,,0,,0.00,
"fintech,ley,tesis",tesis sobre ley fintech,,0,,0.00,
"best,country,fintech",the countries with best fintechs,,0,,0.00,
"book,download,fintech",the fintech book download,,0,,0.00,
"book,fintech,free,pdf",the fintech book free pdf,,0,,0.00,
"book,fintech,kpmg",the fintech book kpmg,,0,,0.00,
"book,download,fintech,pdf",the fintech book pdf download,,0,,0.00,
"book,download,fintech,free,pdf",the fintech book pdf free download,,0,,0.00,
"book,fintech,review",the fintech book review,,0,,0.00,
"book,chishti,fintech,susanna",the fintech book susanne chishti,,0,,0.00,
"ecosystem,fintech,pdf,reporte",the fintech ecosystem report pdf,,0,,0.00,
"book,fintech,futuro",the future of fintech book,,0,,0.00,
"2020,fintech,global,index",the global fintech index 2020,,0,,0.00,
"fintech,tik",tika fintech,,0,,0.00,
"fintech,timeline",timeline fintech,,0,,0.00,
"fintech,industrial,timeline",timeline fintech industry,,0,,0.00,
"colombia,fintech,tipos",tipos de fintech en colombia,,0,,0.00,
"brasil,fintech,tipos",tipos de fintech no brasil,,0,,0.00,
"fintech,pdf,tipos",tipos de fintech pdf,,0,,0.00,
"fintech,startup,tipos",tipos de startup fintech,,0,,0.00,
"fintech,tivo",tiva fintech,,0,,0.00,
"fintech,tking",tking fintech,,0,,0.00,
fintech,todo sobre las fintech,,0,,0.00,
"fintech,tomorrow",tomorrow fintech,,0,,0.00,
"20,company,fintech,top",top 20 fintech companies,,0,,0.00,
"5,app,fintech,personas,top",top 5 apps to personal fintech,,0,,0.00,
"50,company,fintech,top",top 50 fintech companies,,0,,0.00,
"card,debito,fintech,top",top debit card fintech,,0,,0.00,
"book,fintech,top",top fintech books,,0,,0.00,
"2019,company,fintech,top",top fintech companies 2019,,0,,0.00,
"company,fintech,london,top",top fintech companies in london,,0,,0.00,
"2020,eventos,fintech,top",top fintech events 2020,,0,,0.00,
"fintech,firma,law,top",top fintech law firms,,0,,0.00,
"fintech,lenders,top",top fintech lenders,,0,,0.00,
"company,fintech,software,top",top fintech software companies,,0,,0.00,
"fintech,stock,top",top fintech stocks,,0,,0.00,
"fintech,firma,pr,top",top pr firms for fintech,,0,,0.00,
"company,estate,fintech,real,top",top real estate fintech companies,,0,,0.00,
"fintech,top,uk",top uk fintechs,,0,,0.00,
"fintech,toss",toss fintech,,0,,0.00,
"fintech,tour",tours fintech,,0,,0.00,
"colombia,fintech,tour",tours fintech colombia,,0,,0.00,
"colombia,fintech,tpaga",tpaga colombia fintech,,0,,0.00,
"fintech,tpaga",tpaga fintech,,0,,0.00,
"fintech,trabajo",trabajar con fintech,,0,,0.00,
"fin,fintech,grado,trabajo",trabajo fin de grado fintech,,0,,0.00,
"fintech,investigacion,trabajo",trabajos de investigacion sobre fintech,,0,,0.00,
"fintech,investigacion,scielo,trabajo",trabajos de investigacion sobre fintech scielo,,0,,0.00,
"fintech,trabajo",trabajos de las fintech,,0,,0.00,
"fintech,traductor",traductor fintech,,0,,0.00,
"fintech,tranquilidad",tranquil fintech,,0,,0.00,
"fintech,transferwise",transferwise fintech,,0,,0.00,
"empresa,fintech,tradicional,transformacion",transformacion de una empresa tradicional a una fintech,,0,,0.00,
"digital,fintech,transformacion",transformacion digital fintech,,0,,0.00,
"fintech,travel",travel fintechs,,0,,0.00,
"around,fintech,opt,people,trends",trends around people opting for fintech,,0,,0.00,
"around,fintech,opt,people,trends",trends around people opting for fintech us,,0,,0.00,
"fintech,modelo,negigocio",tu modelo de negigocio fintech,,0,,0.00,
"colombia,fintech,twitter",twitter colombia fintech,,0,,0.00,
"allvp,discovery,fintech,research,top,twitter",twitter top discovery fintech allvp research,,0,,0.00,
"allvp,fintech,research,top,twitter,vc",twitter top vc fintech allvp research,,0,,0.00,
"colombia,fintech,ualet",ualet colombia fintech,,0,,0.00,
"fintech,ualet",ualet fintech,,0,,0.00,
"fintech,metodo,ualet",ualet metodo fintech,,0,,0.00,
"fintech,sandbox,uk",uk fintech sandbox,,0,,0.00,
"fintech,startup,uk",uk fintech startups,,0,,0.00,
"fintech,mundo,ultino",ultinas fintech del mundo,,0,,0.00,
"colombia,conclucion,fintech",una conclucion sobre colombia fintech,,0,,0.00,
"efectos,fintech,giro,puede,realizar",una fintech puede realizar giros efectivo,,0,,0.00,
"alusivas,fintech,frases",una frase alusiva a las fintech,,0,,0.00,
"fintech,frases",una frase de las fintech,,0,,0.00,
"fintech,unbanked",unbanked fintech,,0,,0.00,
"fintech,unconference",unconference fintech,,0,,0.00,
"fintech,unternehmensfinanzierung",unternehmensfinanzierung fintech,,0,,0.00,
"2019,eventos,fintech,india,upcoming",upcoming fintech events in india 2019,,0,,0.00,
"fintech,urf",urf fintech,,0,,0.00,
"fintech,usuario",usuarios fintech,,0,,0.00,
"api,fintech,material,utilidad",utilidad del api en materia de fintech,,0,,0.00,
"emprendimiento,fintech,uue",uue es un emprendimiento fintech,,0,,0.00,
"fintech,valiu",valiu fintech,,0,,0.00,
"empresa,fintech,valoracion",valoracion de las empresas fintech,,0,,0.00,
"fintech,utiliza,variables",variables que utilizan las fintech,,0,,0.00,
"fintech,ve",ve fintech,,0,,0.00,
"fintech,veneficios",veneficios de las fintech,,0,,0.00,
"banco,fintech,veneficios",veneficios de las fintech para los bancos,,0,,0.00,
"ahora,cuenta,fintech,sociedad,venezuela",venezuela ahora cuenta con una sociedad fintech,,0,,0.00,
"fintech,venezuela",venezuela fintech,,0,,0.00,
"empresa,fintech,ventajas",ventajas de una empresa fintech,,0,,0.00,
"fintech,ventajas",ventajas del fintech,,0,,0.00,
"fintech,ley,ventajas",ventajas ley fintech,,0,,0.00,
"desventajas,fintech,pdf,ventajas",ventajas y desventajas de fintech pdf,,0,,0.00,
"desventajas,empresa,fintech,ventajas",ventajas y desventajas de las empresas fintech,,0,,0.00,
"desventajas,fintech,utiliza,ventajas",ventajas y desventajas de utilizar fintech,,0,,0.00,
"desventajas,fintech,ventajas",ventajas y desventajas del fintech,,0,,0.00,
"fintech,ventasjas",ventasjas del fintech,,0,,0.00,
"fintech,smith,vernon",vernons smith fintech,,0,,0.00,
"fintech,verte",vert fintech,,0,,0.00,
"blanco,fintech,victoria",victoria blanco fintech,,0,,0.00,
"company,fintech,marketing,videos",video marketing company fintech,,0,,0.00,
"fintech,videos",videos fintech,,0,,0.00,
"fintech,superfinanciera,videos",videos fintech superfinanciera,,0,,0.00,
"capital,fintech,village",village capital fintech,,0,,0.00,
"2018,capital,fintech,village",village capital fintech 2018,,0,,0.00,
"2019,capital,fintech,village",village capital fintech 2019,,0,,0.00,
"2018,capital,fintech,latam,village",village capital fintech latam 2018,,0,,0.00,
"2019,capital,fintech,latam,village",village capital fintech latam 2019,,0,,0.00,
"2017,capital,fintech,latinoamerica,village",village capital fintech latinoamérica 2017,,0,,0.00,
"2018,capital,fintech,latinoamerica,village",village capital fintech latinoamérica 2018,,0,,0.00,
"empresa,fintech,vision",vision de una empresa fintech,,0,,0.00,
"empresa,fintech,vision",vision empresas fintech,,0,,0.00,
"fintech,vivo",vive fintech,,0,,0.00,
"fintech,vre,web",vrear web para fintech,,0,,0.00,
"60,cb,fintech,insight,wallet",wallets 60 wallets fintech cb insights,,0,,0.00,
fintech,we are fintech,,0,,0.00,
"capital,fintech,web",web capital fintech,,0,,0.00,
"fintech,web",web fintech,,0,,0.00,
"fintech,kapital,web",web kapital fintech,,0,,0.00,
"capital,fintech,wedding",wed capital fintech,,0,,0.00,
"fintech,wep",wepa fintech,,0,,0.00,
fintech,what a fintech is,,0,,0.00,
fintech,what fintech do,,0,,0.00,
"considered,fintech",what is considered fintech,,0,,0.00,
"bloomberg,fintech",what is fintech bloomberg,,0,,0.00,
"disruptiva,fintech",what is fintech disruption,,0,,0.00,
"fintech,pdf",what is fintech pdf,,0,,0.00,
"fintech,pdf,pwc",what is fintech pwc pdf,,0,,0.00,
"fintech,q",what is fintech q&a,,0,,0.00,
"fintech,pdf,q",what is fintech q&a pdf,,0,,0.00,
"fintech,startup",what is fintech startups,,0,,0.00,
"economist,fintech",what is fintech the economist,,0,,0.00,
"fintech,mayor,posible,ser,va,whatsapp",whatsapp va a ser posiblemente la mayor fintech,,0,,0.00,
"fintech,start",when fintech started,,0,,0.00,
"fintech,first,said,stanford,word",when was the first stanford fintech word said,,0,,0.00,
"fintech,first,said,stanford,word",when was the first stanford fintech's word said,,0,,0.00,
"fintech,head",where is fintech headed,,0,,0.00,
"fintech,platform,use",which platforms do fintechs use,,0,,0.00,
"app,fintech,label,white",white label fintech apps,,0,,0.00,
"fintech,software,whitelabel",whitelabel fintech software,,0,,0.00,
"fintech,softwre,whitel",whitelable fintech softwre,,0,,0.00,
"fintech,ltd",who is fintech ltd,,0,,0.00,
"fintech,want,work",why do you want to work in fintech,,0,,0.00,
"fintech,industrial,want,work",why do you want to work in the fintech industry,,0,,0.00,
"attrractive,fintech",why fintech are attrractive,,0,,0.00,
"fintech,latino",why fintech in latin,,0,,0.00,
"fintech,industrial",why fintech industry,,0,,0.00,
"fintech,importancia",why fintech is important,,0,,0.00,
"fintech,one,promise",why fintech is one of the most promising,,0,,0.00,
"excita,fintech",why is fintech exciting,,0,,0.00,
"die,fintech,industrial,verändert,welt,wie",wie die fintech-industrie die welt verändert,,0,,0.00,
"fintech,geld,verdient,wie",wie fintech geld verdient,,0,,0.00,
"bank,fintech,helfer,kann,wie",wie kann fintech banken helfen,,0,,0.00,
"auf,auswirkt,bank,fintech,sich,wie",wie sich fintech auf banken auswirkt,,0,,0.00,
"economica,fintech,forum,world",world economic forum fintech,,0,,0.00,
"economica,fintech,forum,futuro,world",world economic forum the future of fintech,,0,,0.00,
"2018,fintech,pdf,reporte,world",world fintech report 2018 pdf,,0,,0.00,
"2018,fintech,reporte,world",world report fintech 2018,,0,,0.00,
"fintech,investment,worldwide",worldwide fintech investment,,0,,0.00,
"fintech,xrp",xrp fintech,,0,,0.00,
"como,fintech,vamos",y cómo vamos con las fintech,,0,,0.00,
"bank,brazil,fintech,yellow",yellow bank brazil fintech,,0,,0.00,
"bank,fintech,yellow",yellow bank fintech,,0,,0.00,
"bank,fintech,nueva,yellow",yellow bank nueva fintech,,0,,0.00,
"bank,brasil,fintech,nueva,yellow",yellow bank nueva fintech brasil,,0,,0.00,
"fintech,peppa,yellow",yellow pepper fintech,,0,,0.00,
"fintech,yellowpepper",yellowpepper fintech,,0,,0.00,
"apoyo,fintech",yo apoyo fintech,,0,,0.00,
"fintech,yodlee",yodlee fintech,,0,,0.00,
"fintech,yseop",yseop fintech,,0,,0.00,
"fintech,yunta",yuntas fintech,,0,,0.00,
"fintech,telefono,zinobe",zinobe fintech telefono,,0,,0.00,
"fintech,sas,zinobe",zinobe sas fintech,,0,,0.00,
"direccion,fintech,sas,zinobe",zinobe sas fintech direccion,,0,,0.00,
"fintech,sas,zinobe",zinobe sas fintech que es,,0,,0.00,
"fintech,sas,telefono,zinobe",zinobe sas fintech telefono,,0,,0.00,
"careers,fintech,zoe",zoe fintech careers,,0,,0.00,
"abaco,fintech",ábaco fintech,,0,,0.00,
"area,fintech,ley",área de la ley fintech,,0,,0.00,
