Groups,Keyword,Intent,Volume,Keyword Difficulty,CPC (USD),SERP Features
"intelectual,propiedad",propiedad intelectual,Informational,2400,27,0.62,"AI Overview, Video, Video carousel, People also ask, Related searches"
"intelectual,mundial,organizaciones,propiedad",organización mundial de la propiedad intelectual,Informational,480,36,0.00,"Video, Video carousel, People also ask, Knowledge panel, Related searches"
"intelectual,propiedad",que es la propiedad intelectual,Informational,480,36,0.00,"AI Overview, Instant answer, Video, People also ask, Related searches"
"colombia,intelectual,propiedad",propiedad intelectual en colombia,Informational,390,20,0.24,"AI Overview, Video, Video carousel, People also ask, Related searches"
"autores,derecho,intelectual,propiedad",propiedad intelectual y derechos de autor,Informational,390,21,0.27,"Sitelinks, AI Overview, Video, Related searches"
"especializacion,intelectual,propiedad",especializacion en propiedad intelectual,Informational,260,,1.40,"Video, Related searches, Ads bottom"
"ejemplos,intelectual,propiedad",propiedad intelectual ejemplos,Informational,140,22,0.00,"AI Overview, Image pack, Video carousel, People also ask, Related searches"
"diplomado,intelectual,propiedad",diplomado propiedad intelectual,Informational,110,,0.42,"Video, Related searches, Ads bottom"
"intelectual,ley,propiedad",ley de propiedad intelectual,Informational,110,30,0.00,"Video, Video carousel, People also ask, Related searches"
"colombia,intelectual,ley,propiedad",ley de propiedad intelectual colombia,Informational,110,23,0.00,"AI Overview, Video, Video carousel, Related searches"
"intelectual,maestria,propiedad",maestria en propiedad intelectual,Informational,110,15,2.48,"Sitelinks, Video, Related searches, Ads bottom"
"intelectual,propiedad,proteccion",proteccion de la propiedad intelectual,Informational,110,21,0.00,"AI Overview, Video, People also ask, Related searches"
"abogado,intelectual,propiedad",abogado de propiedad intelectual,Commercial,90,20,0.57,"Reviews, People also ask, Local pack, Related searches"
"abogado,intelectual,propiedad",abogados propiedad intelectual,Commercial,90,24,0.69,"Reviews, People also ask, Local pack, Related searches"
"derecho,intelectual,propiedad",derechos de propiedad intelectual,Informational,90,31,0.32,"Sitelinks, AI Overview, Video, Video carousel, People also ask, Knowledge panel, Related searches"
"intelectual,propiedad,tipos",tipos de propiedad intelectual,Informational,90,19,0.00,"Sitelinks, AI Overview, Image pack, Video, Video carousel, Related searches"
"delito,intelectual,propiedad",delitos contra la propiedad intelectual,Informational,70,16,0.00,"AI Overview, Image pack, Video, People also ask, Related searches"
"derecho,intelectual,propiedad",derecho propiedad intelectual,Informational,70,27,0.76,"Sitelinks, AI Overview, Video, Related searches"
"derecho,intelectual,propiedad",derechos propiedad intelectual,Informational,70,24,0.76,"Sitelinks, AI Overview, Video, People also ask, Related searches"
"colombia,intelectual,propiedad",que es la propiedad intelectual en colombia,Informational,70,17,0.00,"AI Overview, Video, People also ask, Related searches"
"derecho,intelectual,propiedad",derecho de propiedad intelectual,Informational,50,28,0.28,"Sitelinks, AI Overview, Video, Video carousel, People also ask, Related searches"
"diferencia,industrial,intelectual,propiedad",diferencia entre propiedad intelectual y propiedad industrial,Informational,50,19,0.00,"AI Overview, Video, Related searches"
"europea,intelectual,oficina,propiedad,union",oficina de propiedad intelectual de la unión europea,Navigational,50,29,0.00,"Sitelinks, Video, Video carousel, People also ask, Knowledge panel, Related searches"
"industrial,intelectual,propiedad",propiedad intelectual y propiedad industrial,Informational,50,26,0.00,"Sitelinks, AI Overview, Video, People also ask, Related searches"
"derecho,intelectual,propiedad",que es propiedad intelectual en derecho,Informational,50,28,0.00,"Sitelinks, AI Overview, Video, Video carousel, People also ask, Related searches"
"dia,intelectual,propiedad",dia de la propiedad intelectual,Informational,40,20,0.00,"Sitelinks, Instant answer, Image pack, Video, Video carousel, People also ask, Knowledge panel, Related searches"
"dia,intelectual,mundial,propiedad",dia mundial de la propiedad intelectual,Informational,40,23,0.00,"Sitelinks, Instant answer, Image, Video, Video carousel, Knowledge panel, Related searches"
"colombia,intelectual,propiedad,registro",donde se registra la propiedad intelectual en colombia,Informational,40,,0.00,"AI Overview, Video, People also ask, Related searches"
"dia,intelectual,mundial,propiedad",día mundial de la propiedad intelectual,Navigational,40,23,0.00,"Sitelinks, Instant answer, Image, Image pack, Video, Video carousel, Short videos, People also ask, Knowledge panel, Related searches"
"abogado,empleo,intelectual,propiedad",empleo abogado propiedad intelectual,Commercial,40,17,0.00,"Video, Jobs, Related searches"
"gomez,intelectual,pinzon,propiedad,sas",gomez pinzon propiedad intelectual sas,"Informational, Commercial",40,10,0.00,"Video, Related searches"
"intelectual,ley,propiedad",ley propiedad intelectual,Informational,40,23,0.00,"AI Overview, Video, Video carousel, People also ask, Related searches"
"intelectual,propiedad,significa",que significa propiedad intelectual,,40,,0.00,
"iberoamericana,intelectual,propiedad,revista",revista iberoamericana de propiedad intelectual,,40,,0.00,
"acta,intelectual,propiedad",acta de propiedad intelectual,"Informational, Commercial",30,15,0.00,"Video, People also ask"
"casa,colombia,intelectual,propiedad",casos de propiedad intelectual en colombia,Informational,30,14,0.00,"AI Overview, Video, Video carousel, People also ask, Related searches"
"clausula,intelectual,propiedad",clausula de propiedad intelectual,Informational,30,14,0.00,"AI Overview, Image pack, Video, People also ask, Related searches, See results about"
"clausula,contrato,intelectual,propiedad,servicio",clausula de propiedad intelectual en un contrato de servicios,,30,,0.00,
"codigo,comercial,intelectual,propiedad",codigo de comercio propiedad intelectual,,30,,0.00,
"concepto,intelectual,propiedad",concepto de propiedad intelectual,Informational,30,33,0.00,"Sitelinks, AI Overview, Related searches"
"afecta,como,digitales,intelectual,medio,propiedad",cómo afecta la propiedad intelectual en los medios digitales,Informational,30,15,0.00,"AI Overview, Video, People also ask, Related searches"
"intelectual,propiedad",de la propiedad intelectual,Informational,30,36,0.00,"Sitelinks, AI Overview, Video, Video carousel, People also ask, Related searches"
"delito,intelectual,propiedad",delito propiedad intelectual,,30,,0.00,
"delito,intelectual,propiedad",delitos de propiedad intelectual,,30,,0.00,
"derecho,industrial,intelectual,propiedad",derechos de propiedad intelectual e industrial,Informational,30,21,0.00,"AI Overview, Video, Video carousel, People also ask, Related searches"
"colombia,derecho,intelectual,propiedad",derechos de propiedad intelectual en colombia,Informational,30,21,0.00,"Sitelinks, AI Overview, Video, People also ask, Related searches"
"diferencia,industrial,intelectual,propiedad",diferencia entre propiedad industrial y propiedad intelectual,Informational,30,16,0.00,"AI Overview, Video, Video carousel, Related searches"
"autores,derecho,diferencia,intelectual,propiedad",diferencia entre propiedad intelectual y derechos de autor,"Informational, Transactional",30,,0.00,"AI Overview, Video, Video carousel, Short videos, People also ask, Related searches"
"colombia,diferencia,industrial,intelectual,propiedad",diferencia entre propiedad intelectual y propiedad industrial en colombia,Informational,30,13,0.00,"Sitelinks, AI Overview, Video, Video carousel, Related searches"
"colombia,ejemplos,intelectual,propiedad",ejemplos de propiedad intelectual en colombia,Informational,30,15,0.00,"AI Overview, Video, Video carousel, People also ask, Related searches"
"colombia,especializacion,intelectual,propiedad",especializacion en propiedad intelectual colombia,Commercial,30,13,2.51,"Video, Related searches, Ads top, Ads bottom"
"historia,intelectual,propiedad",historia de la propiedad intelectual,"Informational, Transactional",30,20,0.00,"AI Overview, Image pack, Video, Video carousel, People also ask, Related searches"
"infracciones,intelectual,propiedad",infracción de propiedad intelectual,,30,,0.00,
"intelectual,propiedad",la propiedad intelectual,,30,,0.00,
"autores,colombia,derecho,intelectual,ley,propiedad",ley de derechos de autor y propiedad intelectual en colombia,,30,,0.00,
"intelectual,ley,propiedad,proteger",leyes que protegen la propiedad intelectual,,30,,0.00,
"derecho,intelectual,propiedad",los derechos de propiedad intelectual,,30,,0.00,
"intelectual,maestria,propiedad,uniandes",maestria propiedad intelectual uniandes,,30,,1.69,
"intelectual,normatividad,propiedad",normativa propiedad intelectual,,30,,0.00,
"intelectual,noticias,propiedad",noticias propiedad intelectual,,30,,0.00,
"intelectual,oficina,propiedad",oficina de propiedad intelectual,Informational,30,49,0.21,"Sitelinks, Video, Video carousel, People also ask, Local pack, Related searches"
"intelectual,mundial,ompi,organizaciones,propiedad",organización mundial de la propiedad intelectual ompi,,30,,0.00,
"intelectual,patente,propiedad",patentes y propiedad intelectual,,30,,0.00,
"civil,codigo,intelectual,propiedad",propiedad intelectual codigo civil,,30,,0.00,
"codigo,comercial,intelectual,propiedad",propiedad intelectual codigo de comercio,,30,,0.00,
"empresa,intelectual,propiedad",propiedad intelectual de una empresa,,30,,0.00,
"industrial,intelectual,propiedad",propiedad intelectual e industrial,,30,,0.00,
"indigenas,intelectual,propiedad",propiedad intelectual indigena,,30,,0.00,
"intelectual,propiedad,sic",propiedad intelectual sic,,30,,0.00,
"intelectual,propiedad,unal",propiedad intelectual unal,,30,,0.00,
"colombia,intelectual,propiedad,proteccion",proteccion de la propiedad intelectual en colombia,,30,,0.00,
"derecho,intelectual,propiedad",que es el derecho de propiedad intelectual,,30,,0.00,
"intelectual,ley,propiedad",que es la ley de propiedad intelectual,,30,,0.00,
"intelectual,propiedad,regalias",regalias propiedad intelectual,,30,,0.00,
"intelectual,marca,propiedad,registro",registro de marcas y propiedad intelectual,"Informational, Transactional",30,,0.27,"Video, Video carousel, Related searches, Ads bottom"
"intelectual,propiedad,registro",registro propiedad intelectual,Informational,30,16,0.19,"Video, Video carousel, People also ask, Related searches"
"intelectual,propiedad,respeto",respetar la propiedad intelectual,,30,,0.00,
"intelectual,propiedad,robo",robo de propiedad intelectual,,30,,0.00,
"intelectual,propiedad,sistema",sistema de propiedad intelectual,,30,,0.00,
"intelectual,ley,propiedad,refund,texto",texto refundido de la ley de propiedad intelectual,,30,,0.00,
"abogado,intelectual,propiedad,trabajo",trabajo abogado propiedad intelectual,,30,,0.00,
"intelectual,propiedad,trata",tratados de propiedad intelectual,,30,,0.00,
"abogado,especiales,intelectual,propiedad",abogado especialista en propiedad intelectual,,20,,0.39,
"abogado,intelectual,junior,propiedad",abogado junior propiedad intelectual,,20,,0.00,
"abogado,intelectual,propiedad,vacantes",abogado propiedad intelectual vacante,,20,,0.00,
"abogado,colombia,intelectual,propiedad",abogados propiedad intelectual colombia,,20,,0.50,
"abogado,intelectual,medellin,propiedad",abogados propiedad intelectual medellin,,20,,0.00,
"actividades,intelectual,propiedad",activos de propiedad intelectual,,20,,0.00,
"actividades,intangibles,intelectual,propiedad",activos intangibles propiedad intelectual,,20,,0.00,
"acuerdo,confidencialidad,intelectual,propiedad",acuerdo de confidencialidad propiedad intelectual,,20,,0.00,
"adpic,intelectual,propiedad",adpic propiedad intelectual,,20,,0.00,
"amaya,intelectual,propiedad",amaya propiedad intelectual,,20,,0.00,
"arrendamiento,intelectual,propiedad",arrendamiento de propiedad intelectual,,20,,0.00,
"asesoria,intelectual,propiedad",asesoria propiedad intelectual,,20,,0.00,
"asociacion,colombiano,intelectual,propiedad",asociacion colombiana de propiedad intelectual,,20,,0.00,
"aula,intelectual,propiedad",aula de propiedad intelectual,,20,,0.00,
"bien,intelectual,propiedad",bienes de propiedad intelectual,,20,,0.00,
"caracteristicas,intelectual,propiedad",caracteristicas de la propiedad intelectual,,20,,0.00,
"caracteristicas,intelectual,propiedad",caracteristicas propiedad intelectual,,20,,0.00,
"casa,demanda,intelectual,propiedad",casos de demanda por propiedad intelectual,,20,,0.00,
"casa,intelectual,propiedad",casos de propiedad intelectual,,20,,0.00,
"casa,famosos,intelectual,propiedad",casos famosos de propiedad intelectual,,20,,0.00,
"categoria,intelectual,propiedad",categorias de la propiedad intelectual,,20,,0.00,
"certificado,intelectual,propiedad",certificado de propiedad intelectual,,20,,0.00,
"cesion,derecho,intelectual,propiedad",cesión de derechos de propiedad intelectual,,20,,0.00,
"clases,intelectual,propiedad",clases de propiedad intelectual,,20,,0.00,
"clasificacion,intelectual,propiedad",clasificacion propiedad intelectual,,20,,0.00,
"clausula,contrato,intelectual,prestacion,propiedad,servicio",clausula de propiedad intelectual contrato de prestacion de servicios,,20,,0.00,
"clausula,intelectual,propiedad",clausula propiedad intelectual,,20,,0.00,
"civil,codigo,intelectual,propiedad",codigo civil propiedad intelectual,,20,,0.00,
"colombia,intelectual,propiedad",colombia propiedad intelectual,,20,,0.00,
"comite,intelectual,propiedad",comite de propiedad intelectual,,20,,0.00,
"afecta,digitales,intelectual,medio,propiedad",como afecta la propiedad intelectual en los medios digitales,,20,,0.00,
"intelectual,propiedad,proteger",como proteger la propiedad intelectual,,20,,0.00,
"empresa,intelectual,propiedad,proteger",como proteger la propiedad intelectual de una empresa,,20,,0.00,
"colombia,intelectual,propiedad,proteger",como proteger la propiedad intelectual en colombia,,20,,0.00,
"colombia,intelectual,propiedad,registro",como registrar propiedad intelectual en colombia,,20,,0.15,
"afecta,digitales,intelectual,medio,propiedad",como se afecta la propiedad intelectual en los medios digitales,,20,,0.00,
"intelectual,propiedad,proteger",como se protege la propiedad intelectual,,20,,0.00,
"colombia,intelectual,propiedad,proteger",como se protege la propiedad intelectual en colombia,,20,,0.00,
"colombia,intelectual,propiedad,registro",como se registra la propiedad intelectual en colombia,,20,,0.00,
"andina,comunidad,intelectual,propiedad",comunidad andina propiedad intelectual,,20,,0.00,
"conpes,intelectual,propiedad",conpes propiedad intelectual,,20,,0.00,
"intelectual,propiedad",contra la propiedad intelectual,,20,,0.00,
"contrato,intelectual,propiedad",contrato de propiedad intelectual,,20,,0.00,
"contrato,intelectual,pdf,propiedad",contrato de propiedad intelectual pdf,,20,,0.00,
"contrato,intelectual,propiedad",contrato propiedad intelectual,,20,,0.00,
"convenio,intelectual,paris,propiedad",convenio de paris propiedad intelectual,,20,,0.00,
"convenio,establecimiento,intelectual,mundial,organizaciones,propiedad",convenio que establece la organización mundial de la propiedad intelectual,,20,,0.00,
"colombia,intelectual,ley,propiedad",cual es la ley de propiedad intelectual en colombia,,20,,0.00,
"cual,intelectual,propiedad,tipos",cuales son los tipos de propiedad intelectual,,20,,0.00,
"curso,intelectual,propiedad",curso de propiedad intelectual,,20,,0.32,
"curso,intelectual,ompi,propiedad",curso de propiedad intelectual ompi,,20,,0.00,
"curso,general,intelectual,ompi,propiedad",curso general de propiedad intelectual ompi,,20,,0.00,
"curso,intelectual,propiedad",curso propiedad intelectual,,20,,0.29,
"curso,gratis,intelectual,propiedad",cursos propiedad intelectual gratis,,20,,0.00,
"486,decision,intelectual,propiedad",decision 486 propiedad intelectual,,20,,0.00,
"declaracion,intelectual,propiedad",declaracion de propiedad intelectual,,20,,0.00,
"define,intelectual,propiedad",define propiedad intelectual,,20,,0.00,
"definicion,intelectual,propiedad",definicion de propiedad intelectual,,20,,0.00,
"codigo,delito,intelectual,penal,propiedad",delitos contra la propiedad intelectual codigo penal,,20,,0.00,
"delito,ejemplos,intelectual,propiedad",delitos contra la propiedad intelectual ejemplos,,20,,0.00,
"colombia,delito,intelectual,propiedad",delitos contra la propiedad intelectual en colombia,,20,,0.00,
"demanda,intelectual,propiedad",demanda por propiedad intelectual,,20,,0.00,
"demanda,intelectual,propiedad",demanda propiedad intelectual,,20,,0.00,
"departamento,intelectual,propiedad",departamento de propiedad intelectual,,20,,0.00,
"autores,derecho,intelectual,propiedad",derecho de autor y propiedad intelectual,,20,,0.52,
"derecho,intelectual,paternidad,propiedad",derecho de paternidad propiedad intelectual,,20,,0.00,
"colombia,derecho,intelectual,propiedad",derecho de propiedad intelectual en colombia,,20,,0.00,
"autores,colombia,derecho,intelectual,propiedad",derechos de autor y propiedad intelectual colombia,,20,,0.00,
"autores,derecho,intelectual,ley,propiedad",derechos de autor y propiedad intelectual ley,,20,,0.00,
"autores,derecho,intelectual,pdf,propiedad",derechos de autor y propiedad intelectual pdf,,20,,0.00,
"dibujos,intelectual,propiedad",dibujo propiedad intelectual,,20,,0.00,
"diferencia,intelectual,patente,propiedad",diferencia entre patente y propiedad intelectual,,20,,0.00,
"diferencia,industrial,intelectual,propiedad",diferencia entre propiedad intelectual e industrial,,20,,0.00,
"diferencia,industrial,intelectual,propiedad",diferencia propiedad industrial e intelectual,,20,,0.00,
"diplomado,intelectual,propiedad",diplomado de propiedad intelectual,,20,,0.00,
"direccion,intelectual,propiedad",direccion de propiedad intelectual,,20,,0.00,
"direccion,intelectual,nacional,propiedad",direccion nacional de propiedad intelectual,,20,,0.00,
"diseño,industrial,intelectual,propiedad",diseño industrial propiedad intelectual,,20,,0.00,
"division,intelectual,propiedad",division de la propiedad intelectual,,20,,0.00,
"doctor,intelectual,propiedad",doctorado en propiedad intelectual,,20,,0.00,
"documentos,intelectual,propiedad",documento de propiedad intelectual,,20,,0.00,
"intelectual,propiedad,registro",donde se registra la propiedad intelectual,,20,,0.00,
"ejemplos,intelectual,propiedad",ejemplos de la propiedad intelectual,,20,,0.00,
"ejemplos,intelectual,propiedad",ejemplos de propiedad intelectual,,20,,0.00,
"elementos,intelectual,propiedad",elementos de la propiedad intelectual,,20,,0.00,
"empleo,intelectual,propiedad",empleo propiedad intelectual,,20,,0.00,
"especiales,intelectual,propiedad",especialidad en propiedad intelectual,,20,,1.13,
"especiales,intelectual,propiedad",especialista en propiedad intelectual,,20,,0.47,
"derecho,especializacion,intelectual,propiedad",especializacion en derecho de la propiedad intelectual,,20,,0.00,
"especializacion,externa,intelectual,propiedad",especializacion propiedad intelectual externado,,20,,0.69,
"estatuto,intelectual,propiedad",estatuto propiedad intelectual,,20,,0.00,
"expert,intelectual,propiedad",experto en propiedad intelectual,,20,,0.00,
"explotacion,intelectual,propiedad",explotacion de propiedad intelectual,,20,,0.00,
"explotación,intelectual,propiedad",explotación de la propiedad intelectual,,20,,0.00,
"colombia,firma,intelectual,propiedad",firmas de propiedad intelectual en colombia,,20,,0.34,
"frases,intelectual,propiedad",frases de propiedad intelectual,,20,,0.00,
"gaceta,intelectual,propiedad",gaceta de propiedad intelectual,,20,,0.00,
"gestion,intelectual,propiedad",gestion de la propiedad intelectual,,20,,0.00,
"guia,intelectual,propiedad",guia de propiedad intelectual,,20,,0.00,
"icono,intelectual,propiedad",icono propiedad intelectual,,20,,0.00,
"imagenes,intelectual,propiedad",imagenes de la propiedad intelectual,,20,,0.00,
"imagenes,intelectual,propiedad",imagenes de propiedad intelectual,,20,,0.00,
"imagenes,intelectual,propiedad",imagenes propiedad intelectual,,20,,0.00,
"importancia,intelectual,propiedad",importancia de la propiedad intelectual,,20,,0.00,
"infografia,intelectual,propiedad",infografia de propiedad intelectual,,20,,0.00,
"infracciones,intelectual,propiedad",infraccion a la propiedad intelectual,,20,,0.00,
"infracciones,intelectual,propiedad",infraccion de la propiedad intelectual,,20,,0.00,
"infracciones,intelectual,propiedad",infraccion de propiedad intelectual,,20,,0.00,
"innovación,intelectual,propiedad",innovación y propiedad intelectual,,20,,0.00,
"artificial,intelectual,inteligencia,propiedad",inteligencia artificial propiedad intelectual,,20,,0.00,
"artificial,intelectual,inteligencia,propiedad",inteligencia artificial y propiedad intelectual,,20,,0.00,
"colombia,intelectual,propiedad",la propiedad intelectual en colombia,,20,,0.00,
"divide,intelectual,propiedad",la propiedad intelectual se divide en,,20,,0.00,
"autores,derecho,intelectual,propiedad",la propiedad intelectual y los derechos de autor,,20,,0.00,
"intelectual,legislacion,propiedad",legislacion propiedad intelectual,,20,,0.00,
"2000,603,intelectual,ley,propiedad",ley 603 de 2000 propiedad intelectual,,20,,0.00,
"colombia,intelectual,ley,propiedad",ley de la propiedad intelectual en colombia,,20,,0.00,
"intelectual,ley,propiedad,unidos",ley de propiedad intelectual estados unidos,,20,,0.00,
"colombia,intelectual,ley,propiedad",ley propiedad intelectual colombia,,20,,0.00,
"colombia,intelectual,ley,propiedad",ley propiedad intelectual en colombia,,20,,0.00,
"españa,intelectual,ley,propiedad",ley propiedad intelectual españa,,20,,0.00,
"intelectual,ley,propiedad",ley sobre propiedad intelectual,,20,,0.00,
"colombia,intelectual,ley,propiedad,proteger",leyes que protegen la propiedad intelectual en colombia,,20,,0.00,
"colombia,intelectual,ley,propiedad,regular",leyes que regulan la propiedad intelectual en colombia,,20,,0.00,
"intelectual,libro,propiedad",libros de propiedad intelectual,,20,,0.00,
"intelectual,libro,pdf,propiedad",libros de propiedad intelectual pdf,,20,,0.00,
"gratis,intelectual,libro,pdf,propiedad",libros de propiedad intelectual pdf gratis,,20,,0.00,
"intelectual,licencia,propiedad",licencias propiedad intelectual,,20,,0.00,
"intelectual,litigio,propiedad",litigio propiedad intelectual,,20,,0.00,
"colombia,intelectual,maestria,propiedad",maestria en propiedad intelectual colombia,,20,,1.02,
"españa,intelectual,maestria,propiedad",maestria en propiedad intelectual españa,,20,,0.00,
"intelectual,maestria,propiedad,uniandes",maestria en propiedad intelectual uniandes,,20,,1.65,
"intelectual,magister,propiedad",magister en propiedad intelectual,,20,,2.22,
"intelectual,manual,propiedad",manual de propiedad intelectual,,20,,0.00,
"intelectual,manual,pdf,propiedad",manual de propiedad intelectual pdf,,20,,0.00,
"intelectual,manual,propiedad",manual propiedad intelectual,,20,,0.00,
"conceptual,intelectual,mapa,propiedad",mapa conceptual de la propiedad intelectual,,20,,0.00,
"conceptual,intelectual,mapa,propiedad",mapa conceptual propiedad intelectual,,20,,0.00,
"españa,intelectual,master,propiedad",master en propiedad intelectual españa,,20,,1.62,
"intelectual,master,propiedad",master propiedad intelectual,,20,,2.22,
"españa,intelectual,master,propiedad",master propiedad intelectual españa,,20,,2.21,
"intelectual,mecanica,propiedad",mecanismos de propiedad intelectual,,20,,0.00,
"intelectual,mecanica,propiedad,proteccion",mecanismos de proteccion de la propiedad intelectual,,20,,0.00,
"intelectual,normas,propiedad",normas de propiedad intelectual,,20,,0.00,
"colombia,intelectual,normas,propiedad",normas de propiedad intelectual en colombia,,20,,0.00,
"autores,colombia,derecho,intelectual,normatividad,propiedad",normatividad sobre derechos de autor y propiedad intelectual en colombia,,20,,0.00,
"intelectual,noticias,propiedad",noticias de propiedad intelectual,,20,,0.00,
"derivada,intelectual,obra,propiedad",obra derivada propiedad intelectual,,20,,0.00,
"colombia,intelectual,oficina,propiedad",oficina de propiedad intelectual colombia,,20,,0.00,
"curso,intelectual,ompi,propiedad",ompi curso de propiedad intelectual,,20,,0.00,
"101,curso,dl,general,intelectual,ompi,propiedad",ompi curso general de propiedad intelectual dl 101,,20,,0.00,
"intelectual,mundial,ompi,organizaciones,propiedad",ompi organización mundial de la propiedad intelectual,,20,,0.00,
"intelectual,ompi,propiedad",ompi propiedad intelectual,,20,,0.00,
"intelectual,ompi,propiedad",ompi que es la propiedad intelectual,,20,,0.00,
"intelectual,mundial,organizacion,propiedad",organizacion mundial de propiedad intelectual,,20,,0.00,
"intelectual,mundial,organizacion,propiedad",organizacion mundial propiedad intelectual,,20,,0.00,
"intelectual,propiedad,sirve",para que sirve la propiedad intelectual,,20,,0.00,
"intelectual,patente,propiedad",patente de propiedad intelectual,,20,,0.00,
"intelectual,pelicula,propiedad",películas sobre propiedad intelectual,,20,,0.00,
"intelectual,pi,propiedad",pi propiedad intelectual,,20,,0.00,
"intelectual,politica,propiedad",politica de propiedad intelectual,,20,,0.00,
"importancia,intelectual,propiedad",por qué es importante la propiedad intelectual,,20,,0.00,
"importancia,intelectual,propiedad",porque es importante la propiedad intelectual,,20,,0.00,
"importancia,intelectual,propiedad,proteger",porque es importante proteger la propiedad intelectual,,20,,0.00,
"intelectual,principios,propiedad",principios de la propiedad intelectual,,20,,0.00,
"intelectual,proceso,propiedad",procesos de propiedad intelectual,,20,,0.00,
"industrial,intelectual,propiedad,vs",propiedad industrial vs propiedad intelectual,,20,,0.00,
"intelectual,internacional,nivel,propiedad",propiedad intelectual a nivel internacional,,20,,0.00,
"animado,intelectual,propiedad",propiedad intelectual animado,,20,,0.00,
"argentina,intelectual,propiedad",propiedad intelectual argentina,,20,,0.00,
"caracteristicas,intelectual,propiedad",propiedad intelectual caracteristicas,,20,,0.00,
"chile,intelectual,propiedad",propiedad intelectual chile,,20,,0.00,
"codigo,intelectual,penal,propiedad",propiedad intelectual codigo penal,,20,,0.00,
"concepto,intelectual,propiedad",propiedad intelectual concepto,,20,,0.00,
"colombia,constitucion,intelectual,politica,propiedad",propiedad intelectual constitucion politica de colombia,,20,,0.00,
"copyright,intelectual,propiedad",propiedad intelectual copyright,,20,,0.00,
"curso,intelectual,online,propiedad",propiedad intelectual curso online,,20,,0.00,
"definicion,intelectual,propiedad",propiedad intelectual definicion,,20,,0.00,
"autores,derecho,industrial,intelectual,propiedad",propiedad intelectual derechos de autor y propiedad industrial,,20,,0.00,
"dibujos,intelectual,propiedad",propiedad intelectual dibujo,,20,,0.00,
"digital,intelectual,propiedad",propiedad intelectual digital,,20,,0.00,
"diseño,industrial,intelectual,propiedad",propiedad intelectual diseño industrial,,20,,0.00,
"ecuador,intelectual,propiedad",propiedad intelectual ecuador,,20,,0.00,
"empresa,intelectual,propiedad",propiedad intelectual empresa,,20,,0.00,
"colombia,intelectual,ley,propiedad",propiedad intelectual en colombia ley,,20,,0.00,
"colombia,intelectual,pdf,propiedad",propiedad intelectual en colombia pdf,,20,,0.00,
"intelectual,mundo,propiedad",propiedad intelectual en el mundo,,20,,0.00,
"digital,intelectual,mundo,propiedad",propiedad intelectual en el mundo digital,,20,,0.00,
"intelectual,propiedad,unidos",propiedad intelectual en estados unidos,,20,,0.00,
"ingles,intelectual,propiedad",propiedad intelectual en ingles,,20,,0.00,
"digital,intelectual,propiedad",propiedad intelectual en la era digital,,20,,0.00,
"intelectual,mexico,propiedad",propiedad intelectual en mexico,,20,,0.00,
"españa,intelectual,propiedad",propiedad intelectual españa,,20,,0.00,
"facebook,intelectual,propiedad",propiedad intelectual facebook,,20,,0.00,
"fotos,intelectual,propiedad",propiedad intelectual fotos,,20,,0.00,
"imagenes,intelectual,propiedad",propiedad intelectual imagenes,,20,,0.00,
"autores,derecho,industrial,intelectual,propiedad",propiedad intelectual industrial y derechos de autor,,20,,0.00,
"ingles,intelectual,propiedad",propiedad intelectual ingles,,20,,0.00,
"colombia,intelectual,ley,propiedad",propiedad intelectual ley colombia,,20,,0.00,
"intelectual,libro,propiedad",propiedad intelectual libro,,20,,0.00,
"intelectual,libro,pdf,propiedad",propiedad intelectual libro pdf,,20,,0.00,
"intelectual,logo,propiedad",propiedad intelectual logo,,20,,0.00,
"intelectual,maestria,propiedad",propiedad intelectual maestria,,20,,2.90,
"intelectual,marca,patente,propiedad",propiedad intelectual marcas y patentes,,20,,0.00,
"intelectual,pdf,propiedad",propiedad intelectual pdf,,20,,0.00,
"intelectual,peru,propiedad",propiedad intelectual peru,,20,,0.00,
"intelectual,png,propiedad",propiedad intelectual png,,20,,0.00,
"intelectual,prezi,propiedad",propiedad intelectual prezi,,20,,0.00,
"intelectual,propiedad,resumen",propiedad intelectual resumen,,20,,0.00,
"intelectual,propiedad,significado",propiedad intelectual significado,,20,,0.00,
"colombia,intelectual,propiedad,software",propiedad intelectual software colombia,,20,,0.00,
"comercial,industrial,intelectual,propiedad,superintendencia",propiedad intelectual superintendencia de industria y comercio,,20,,0.00,
"intelectual,propiedad,tipos",propiedad intelectual tipos,,20,,0.00,
"autores,derecho,intelectual,propiedad,vs",propiedad intelectual vs derechos de autor,,20,,0.00,
"industrial,intelectual,propiedad,vs",propiedad intelectual vs propiedad industrial,,20,,0.00,
"autores,colombia,derecho,intelectual,propiedad",propiedad intelectual y derechos de autor en colombia,,20,,0.00,
"intelectual,propiedad,proteccion",proteccion a la propiedad intelectual,,20,,0.00,
"comprende,intelectual,propiedad",que comprende la propiedad intelectual,,20,,0.00,
"diseño,industrial,intelectual,propiedad",que es diseño industrial en propiedad intelectual,,20,,0.00,
"intelectual,propiedad,robo",que es el robo de propiedad intelectual,,20,,0.00,
"explotacion,intelectual,propiedad",que es explotacion de la propiedad intelectual,,20,,0.00,
"intelectual,mundial,organizacion,propiedad",que es la organizacion mundial de la propiedad intelectual,,20,,0.00,
"autores,derecho,intelectual,propiedad",que es la propiedad intelectual y los derechos de autor,,20,,0.00,
"autores,derecho,intelectual,propiedad",que es propiedad intelectual y derechos de autor,,20,,0.00,
"incluido,intelectual,propiedad",que incluye la propiedad intelectual,,20,,0.00,
"intelectual,propiedad,proteger",que protege la propiedad intelectual,,20,,0.00,
"entiende,intelectual,propiedad",que se entiende por propiedad intelectual,,20,,0.00,
"conexos,derecho,intelectual,propiedad",que son los derechos conexos en propiedad intelectual,,20,,0.00,
"autores,derecho,intelectual,propiedad",que son los derechos de autor y propiedad intelectual,,20,,0.00,
"derecho,intelectual,propiedad",que son los derechos de propiedad intelectual,,20,,0.00,
"colombia,intelectual,propiedad,proteger",quien protege la propiedad intelectual en colombia,,20,,0.00,
"colombia,intelectual,propiedad,regular",quien regula la propiedad intelectual en colombia,,20,,0.00,
"intelectual,propiedad,ram",ramas de la propiedad intelectual,,20,,0.00,
"intelectual,propiedad,regalo",regalías por propiedad intelectual,,20,,0.00,
"intelectual,propiedad,regimen",regimen de propiedad intelectual,,20,,0.00,
"cancion,intelectual,propiedad,registro",registro canciones propiedad intelectual,,20,,0.00,
"autores,derecho,intelectual,propiedad,registro",registro de derechos de autor y propiedad intelectual,,20,,0.00,
"intelectual,propiedad,registro",registro de la propiedad intelectual,,20,,0.00,
"intelectual,marca,propiedad,registro",registro de marca propiedad intelectual,,20,,0.18,
"colombia,intelectual,marca,propiedad,registro",registro de marca propiedad intelectual colombia,,20,,0.00,
"intelectual,nacional,propiedad,registro",registro nacional de la propiedad intelectual,,20,,0.00,
"colombia,intelectual,propiedad,registro",registro propiedad intelectual colombia,,20,,0.00,
"intelectual,propiedad,reglamento",reglamento de propiedad intelectual,,20,,0.00,
"intelectual,propiedad,reglamento,uniminuto",reglamento de propiedad intelectual uniminuto,,20,,0.00,
"intelectual,propiedad,reglamento",reglamento propiedad intelectual,,20,,0.00,
"intelectual,propiedad,respeto",respeto por la propiedad intelectual,,20,,0.00,
"intelectual,propiedad,revista",revista de propiedad intelectual,,20,,0.00,
"intelectual,propiedad,robo",robo propiedad intelectual,,20,,0.00,
"intelectual,propiedad,sentencia",sentencias propiedad intelectual,,20,,0.00,
"intelectual,propiedad,sentencia",sentencias sobre propiedad intelectual,,20,,0.00,
"intelectual,propiedad,significado",significado de propiedad intelectual,,20,,0.00,
"intelectual,propiedad,simbolo",simbolo de propiedad intelectual,,20,,0.00,
"intelectual,propiedad,sinonimo",sinonimo de propiedad intelectual,,20,,0.00,
"comercial,industrial,intelectual,propiedad,superintendencia",superintendencia de industria y comercio propiedad intelectual,,20,,0.00,
"intelectual,propiedad,taller",taller de propiedad intelectual,,20,,0.00,
"intelectual,propiedad,temas",temas de propiedad intelectual,,20,,0.00,
"derecho,intelectual,propiedad,tipos",tipos de derechos de propiedad intelectual,,20,,0.00,
"intelectual,propiedad,trabajo",trabajo propiedad intelectual,,20,,0.00,
"intelectual,internacionales,propiedad,trata",tratados internacionales de propiedad intelectual,,20,,0.00,
"abogado,intelectual,propiedad,vacantes",vacante abogado propiedad intelectual,,20,,0.00,
"intelectual,propiedad,vacantes",vacante propiedad intelectual,,20,,0.00,
"intelectual,propiedad,variedades,vegetales",variedades vegetales propiedad intelectual,,20,,0.00,
"intelectual,propiedad,venta",venta de propiedad intelectual,,20,,0.00,
"intelectual,propiedad,violacion",violacion a la propiedad intelectual,,20,,0.00,
"26,abril,dia,intelectual,mundial,propiedad",26 de abril dia mundial de la propiedad intelectual,,10,,0.00,
"hacer,intelectual,propiedad,referencia",a que hace referencia la propiedad intelectual,,10,,0.00,
"denomina,intelectual,propiedad",a que se denomina propiedad intelectual,,10,,0.00,
"abogado,bogota,intelectual,propiedad",abogados propiedad intelectual bogota,,10,,0.00,
"acta,intelectual,propiedad,univalle",acta de propiedad intelectual univalle,,10,,0.00,
"acuerdo,cartagena,intelectual,propiedad",acuerdo de cartagena propiedad intelectual,,10,,0.00,
"acuerdo,intelectual,propiedad",acuerdo de propiedad intelectual,,10,,0.00,
"acuerdo,aspectos,derecho,intelectual,propiedad",acuerdo sobre los aspectos de los derechos de propiedad intelectual,,10,,0.00,
"acuerdo,intelectual,propiedad,trip",acuerdo trips propiedad intelectual,,10,,0.00,
"agente,intelectual,propiedad",agente de propiedad intelectual,,10,,0.00,
"antecedentes,intelectual,propiedad",antecedentes de la propiedad intelectual,,10,,0.00,
"articulo,intelectual,propiedad",articulo de la propiedad intelectual,,10,,0.00,
"articulo,intelectual,propiedad",articulo de propiedad intelectual,,10,,0.00,
"articulo,intelectual,propiedad",articulos de propiedad intelectual,,10,,0.00,
"aspectos,intelectual,propiedad",aspectos de propiedad intelectual,,10,,0.00,
"autorizacion,intelectual,propiedad,uso",autorizacion uso propiedad intelectual,,10,,0.00,
"base,datos,intelectual,propiedad",bases de datos propiedad intelectual,,10,,0.00,
"becas,intelectual,propiedad",becas propiedad intelectual,,10,,0.00,
"beneficios,intelectual,propiedad",beneficios de la propiedad intelectual,,10,,0.00,
"can,intelectual,propiedad",can propiedad intelectual,,10,,0.00,
"capitales,cognitivo,colectiva,creacion,intelectual,propiedad",capitalismo cognitivo propiedad intelectual y creación colectiva,,10,,0.00,
"caracteristicas,intelectual,propiedad",caracteristicas de propiedad intelectual,,10,,0.00,
"categoria,intelectual,propiedad",categorias de propiedad intelectual,,10,,0.00,
"cesion,intelectual,propiedad",cesión de propiedad intelectual,,10,,0.00,
"circuito,integral,intelectual,propiedad",circuitos integrados propiedad intelectual,,10,,0.00,
"clasificacion,intelectual,propiedad",clasificacion de la propiedad intelectual,,10,,0.00,
"clasificacion,intelectual,propiedad",clasificacion de propiedad intelectual,,10,,0.00,
"clausula,confidencialidad,intelectual,propiedad",clausula de confidencialidad propiedad intelectual,,10,,0.00,
"clausula,contrato,intelectual,laboral,propiedad",clausula de propiedad intelectual contrato laboral,,10,,0.00,
"clausula,contrato,intelectual,laboral,propiedad",clausula de propiedad intelectual en contrato laboral,,10,,0.00,
"clausula,intelectual,propiedad,software",clausula propiedad intelectual software,,10,,0.00,
"codigo,intelectual,propiedad",codigo de propiedad intelectual,,10,,0.00,
"codigo,intelectual,penal,propiedad",codigo penal propiedad intelectual,,10,,0.00,
"colombia,funcion,intelectual,propiedad",como funciona la propiedad intelectual en colombia,,10,,0.00,
"intelectual,propiedad,proteger,proyecto",como proteger la propiedad intelectual de un proyecto,,10,,0.00,
"derecho,intelectual,propiedad,proteger",como proteger los derechos de propiedad intelectual,,10,,0.00,
"intelectual,libro,propiedad,registro",como registrar la propiedad intelectual de un libro,,10,,0.00,
"intelectual,propiedad,registro",como registrar mi propiedad intelectual,,10,,0.00,
"aplicaciones,intelectual,propiedad",como se aplica la propiedad intelectual,,10,,0.00,
"clasificación,intelectual,propiedad",como se clasifica la propiedad intelectual,,10,,0.00,
"define,intelectual,propiedad",como se define la propiedad intelectual,,10,,0.00,
"divide,intelectual,propiedad",como se divide la propiedad intelectual,,10,,0.00,
"colombia,divide,intelectual,propiedad",como se divide la propiedad intelectual en colombia,,10,,0.00,
"intelectual,propiedad,registro",como se registra la propiedad intelectual,,10,,0.00,
"competencias,intelectual,propiedad",competencia propiedad intelectual,,10,,0.00,
"autores,concepto,intelectual,propiedad,segun",concepto de propiedad intelectual segun autores,,10,,0.00,
"conclusion,intelectual,propiedad",conclusion de propiedad intelectual,,10,,0.00,
"consulta,intelectual,propiedad",consulta propiedad intelectual,,10,,0.00,
"cesion,contrato,derecho,intelectual,propiedad",contrato cesion de derechos propiedad intelectual,,10,,0.00,
"cesion,contrato,derecho,intelectual,propiedad",contrato de cesion de derechos propiedad intelectual,,10,,0.00,
"cesion,contrato,derecho,intelectual,propiedad",contrato de cesión de derechos de propiedad intelectual,,10,,0.00,
"cesion,contrato,intelectual,propiedad",contrato de cesión de propiedad intelectual,,10,,0.00,
"contrato,intelectual,licencia,propiedad",contrato de licencia de propiedad intelectual,,10,,0.00,
"contrato,intelectual,modelo,propiedad",contrato de propiedad intelectual modelo,,10,,0.00,
"berna,convenio,intelectual,propiedad",convenio de berna propiedad intelectual,,10,,0.00,
"corpus,intelectual,mysticum,propiedad",corpus mysticum propiedad intelectual,,10,,0.00,
"intelectual,propiedad",cual es la propiedad intelectual,,10,,0.00,
"cual,derecho,intelectual,propiedad",cuales son los derechos de propiedad intelectual,,10,,0.00,
"cual,elementos,intelectual,propiedad",cuales son los elementos de la propiedad intelectual,,10,,0.00,
"basico,curso,intelectual,propiedad",curso basico de propiedad intelectual,,10,,0.00,
"curso,derecho,intelectual,propiedad",curso derecho propiedad intelectual,,10,,0.00,
"curso,general,intelectual,propiedad",curso general de propiedad intelectual,,10,,0.00,
"curso,intelectual,ompi,propiedad",curso ompi propiedad intelectual,,10,,0.00,
"curso,intelectual,ompi,propiedad",curso propiedad intelectual ompi,,10,,0.00,
"declarar,intelectual,propiedad",declaración de propiedad intelectual,,10,,0.00,
"decreto,intelectual,propiedad",decreto propiedad intelectual,,10,,0.00,
"defensa,intelectual,propiedad",defensa de la propiedad intelectual,,10,,0.00,
"colombia,delito,intelectual,propiedad",delitos contra la propiedad intelectual colombia,,10,,0.00,
"delito,industrial,intelectual,propiedad",delitos contra la propiedad intelectual e industrial,,10,,0.00,
"delito,intelectual,pdf,propiedad",delitos contra la propiedad intelectual pdf,,10,,0.00,
"delito,intelectual,propiedad,relacion",delitos relacionados con la propiedad intelectual,,10,,0.00,
"denuncia,intelectual,propiedad",denuncia por propiedad intelectual,,10,,0.00,
"denuncia,intelectual,propiedad",denuncia propiedad intelectual,,10,,0.00,
"denuncia,facebook,intelectual,propiedad",denuncia propiedad intelectual facebook,,10,,0.00,
"colombia,derecho,intelectual,propiedad",derecho a la propiedad intelectual en colombia,,10,,0.00,
"derecho,intelectual,propiedad,proteccion",derecho a la protección de la propiedad intelectual,,10,,0.00,
"derecho,exclusion,intelectual,propiedad",derecho de exclusividad propiedad intelectual,,10,,0.00,
"derecho,imagen,intelectual,propiedad",derecho de imagen propiedad intelectual,,10,,0.00,
"derecho,industrial,intelectual,propiedad",derecho de la propiedad industrial e intelectual,,10,,0.00,
"colombia,derecho,intelectual,propiedad",derecho de propiedad intelectual colombia,,10,,0.00,
"derecho,intelectual,propiedad,transformers",derecho de transformación propiedad intelectual,,10,,0.00,
"derecho,intelectual,morales,propiedad",derecho moral propiedad intelectual,,10,,0.00,
"conexos,derecho,intelectual,propiedad",derechos conexos propiedad intelectual,,10,,0.00,
"autores,derecho,intelectual,propiedad",derechos de autor o propiedad intelectual,,10,,0.00,
"autores,derecho,intelectual,propiedad",derechos de autor y derechos de propiedad intelectual,,10,,0.00,
"definicion,derecho,intelectual,propiedad",derechos de propiedad intelectual definicion,,10,,0.00,
"derecho,ejemplos,intelectual,propiedad",derechos de propiedad intelectual ejemplos,,10,,0.00,
"comercial,derecho,intelectual,propiedad,relacion",derechos de propiedad intelectual relacionados con el comercio,,10,,0.00,
"derecho,derivada,intelectual,propiedad",derechos derivados de la propiedad intelectual,,10,,0.00,
"derecho,intelectual,morales,propiedad",derechos morales propiedad intelectual,,10,,0.00,
"derecho,intelectual,morales,patrimoniales,propiedad",derechos morales y patrimoniales de la propiedad intelectual,,10,,0.00,
"derecho,intelectual,patrimoniales,propiedad",derechos patrimoniales de la propiedad intelectual,,10,,0.00,
"derecho,intelectual,patrimoniales,propiedad",derechos patrimoniales propiedad intelectual,,10,,0.00,
"derecho,intelectual,propiedad",derechos sobre la propiedad intelectual,,10,,0.00,
"dia,intelectual,internacional,propiedad",dia internacional de la propiedad intelectual,,10,,0.00,
"diapositivas,intelectual,propiedad",diapositivas de propiedad intelectual,,10,,0.00,
"disclaimer,intelectual,propiedad",disclaimer propiedad intelectual,,10,,0.00,
"documentos,intelectual,propiedad",documento propiedad intelectual,,10,,0.00,
"duracion,intelectual,propiedad",duracion de la propiedad intelectual,,10,,0.00,
"ejemplos,intelectual,propiedad",ejemplos propiedad intelectual,,10,,0.00,
"contribuciones,intelectual,propiedad,registro",el registro de propiedad intelectual contribuye,,10,,0.00,
"industrial,intelectual,propiedad,software",el software es propiedad intelectual o industrial,,10,,0.00,
"elementos,intelectual,propiedad",elementos de propiedad intelectual,,10,,0.00,
"consiste,intelectual,propiedad",en que consiste la propiedad intelectual,,10,,0.00,
"divide,intelectual,propiedad",en que se divide la propiedad intelectual,,10,,0.00,
"ensayo,intelectual,propiedad",ensayo propiedad intelectual,,10,,0.00,
"ensayo,intelectual,propiedad",ensayo sobre la propiedad intelectual,,10,,0.00,
"ernesto,intelectual,propiedad,rengifo",ernesto rengifo propiedad intelectual,,10,,0.00,
"especiales,intelectual,propiedad,unam",especialidad en propiedad intelectual unam,,10,,0.00,
"especializacion,intelectual,medellin,propiedad",especializacion en propiedad intelectual medellin,,10,,0.00,
"esquema,intelectual,propiedad,trazos",esquema de trazado propiedad intelectual,,10,,0.00,
"estatuto,intelectual,propiedad",estatuto de propiedad intelectual,,10,,0.00,
"estudio,intelectual,propiedad",estudio de propiedad intelectual,,10,,0.00,
"estudio,intelectual,propiedad",estudios de propiedad intelectual,,10,,0.00,
"etica,intelectual,propiedad",etica y propiedad intelectual,,10,,0.00,
"evolucion,intelectual,propiedad",evolucion de la propiedad intelectual,,10,,0.00,
"evolucion,historico,intelectual,propiedad",evolucion historica de la propiedad intelectual,,10,,0.00,
"explotacion,intelectual,propiedad",explotacion propiedad intelectual,,10,,0.00,
"figuras,intelectual,propiedad",figuras de propiedad intelectual,,10,,0.00,
"final,intelectual,propiedad",finalidad de la propiedad intelectual,,10,,0.00,
"forma,intelectual,propiedad,proteger",formas de proteger la propiedad intelectual,,10,,0.00,
"formato,intelectual,propiedad",formato de propiedad intelectual,,10,,0.00,
"frases,intelectual,propiedad",frases sobre la propiedad intelectual,,10,,0.00,
"frases,intelectual,propiedad",frases sobre propiedad intelectual,,10,,0.00,
"funcion,intelectual,propiedad",funciones de la propiedad intelectual,,10,,0.00,
"fundamentos,intelectual,propiedad",fundamentos de la propiedad intelectual,,10,,0.00,
"fundamentos,intelectual,propiedad",fundamentos de propiedad intelectual,,10,,0.00,
"general,intelectual,propiedad",generalidades de la propiedad intelectual,,10,,0.00,
"herramientas,intelectual,propiedad",herramientas de propiedad intelectual,,10,,0.00,
"colombia,historia,intelectual,propiedad",historia de la propiedad intelectual en colombia,,10,,0.00,
"historia,intelectual,pdf,propiedad",historia de la propiedad intelectual pdf,,10,,0.00,
"colombia,importancia,intelectual,propiedad",importancia de la propiedad intelectual en colombia,,10,,0.00,
"empresa,importancia,intelectual,propiedad",importancia de la propiedad intelectual en las empresas,,10,,0.00,
"importancia,intelectual,pdf,propiedad",importancia de la propiedad intelectual pdf,,10,,0.00,
"importancia,intelectual,propiedad",importancia de propiedad intelectual,,10,,0.00,
"importancia,intelectual,propiedad,proteger",importancia de proteger la propiedad intelectual,,10,,0.00,
"importancia,intelectual,propiedad",importancia propiedad intelectual,,10,,0.00,
"infracciones,intelectual,ley,propiedad",infraccion a la ley de propiedad intelectual,,10,,0.00,
"infracciones,intelectual,propiedad",infracciones de propiedad intelectual,,10,,0.00,
"instituto,intelectual,mexicana,propiedad",instituto mexicano de la propiedad intelectual,,10,,0.00,
"instituto,intelectual,nacional,propiedad",instituto nacional de propiedad intelectual,,10,,0.00,
"inta,intelectual,propiedad",inta propiedad intelectual,,10,,0.00,
"intelectual,introduccion,propiedad",introduccion a la propiedad intelectual,,10,,0.00,
"aplicaciones,definicion,industrial,intelectual,investigación,propiedad",investigación aplicada definición propiedad intelectual e industria,,10,,0.00,
"intelectual,jurisprudencia,propiedad",jurisprudencia propiedad intelectual,,10,,0.00,
"intelectual,jurisprudencia,propiedad",jurisprudencia sobre propiedad intelectual,,10,,0.00,
"intelectual,know,propiedad",know how propiedad intelectual,,10,,0.00,
"importancia,intelectual,propiedad",la importancia de la propiedad intelectual,,10,,0.00,
"industrial,intelectual,marca,propiedad",la marca es propiedad industrial o intelectual,,10,,0.00,
"intelectual,mundial,organizaciones,propiedad",la organización mundial de la propiedad intelectual,,10,,0.00,
"intelectual,mundial,ompi,organizaciones,propiedad",la organización mundial de la propiedad intelectual ompi,,10,,0.00,
"categoría,divide,dos,intelectual,propiedad",la propiedad intelectual se divide en dos categorías,,10,,0.00,
"intelectual,legislacion,propiedad",legislacion de la propiedad intelectual,,10,,0.00,
"intelectual,legislativo,propiedad",legislación de propiedad intelectual,,10,,0.00,
"11,723,intelectual,legal,ley,propiedad,regimen",ley 11.723 regimen legal de la propiedad intelectual,,10,,0.00,
"2006,23,intelectual,ley,propiedad",ley 23 2006 de la propiedad intelectual,,10,,0.00,
"derecho,intelectual,ley,propiedad",ley de derechos de propiedad intelectual,,10,,0.00,
"chile,intelectual,ley,propiedad",ley de propiedad intelectual chile,,10,,0.00,
"ecuador,intelectual,ley,propiedad",ley de propiedad intelectual ecuador,,10,,0.00,
"intelectual,ley,propiedad,salvador",ley de propiedad intelectual el salvador,,10,,0.00,
"españa,intelectual,ley,propiedad",ley de propiedad intelectual españa,,10,,0.00,
"españa,intelectual,ley,pdf,propiedad",ley de propiedad intelectual españa pdf,,10,,0.00,
"intelectual,ley,mexico,propiedad",ley de propiedad intelectual mexico,,10,,0.00,
"intelectual,ley,mexico,propiedad",ley de propiedad intelectual méxico,,10,,0.00,
"intelectual,ley,pdf,propiedad",ley de propiedad intelectual pdf,,10,,0.00,
"intelectual,ley,propiedad,venezuela",ley de propiedad intelectual venezuela,,10,,0.00,
"autores,derecho,intelectual,ley,propiedad",ley de propiedad intelectual y derechos de autor,,10,,0.00,
"intelectual,ley,propiedad,proteccion",ley de proteccion de propiedad intelectual,,10,,0.00,
"intelectual,ley,propiedad,regular",ley que regula la propiedad intelectual,,10,,0.00,
"intelectual,libro,pdf,propiedad",libro propiedad intelectual pdf,,10,,0.00,
"intelectual,licencia,propiedad",licencias de propiedad intelectual,,10,,0.00,
"intelectual,linea,propiedad,tiempo",linea de tiempo de la propiedad intelectual,,10,,0.00,
"intelectual,logo,propiedad",logo propiedad intelectual,,10,,0.00,
"derecho,intelectual,maestria,propiedad",maestria en derecho de propiedad intelectual,,10,,0.00,
"autores,derecho,intelectual,maestria,propiedad",maestria en derechos de autor y propiedad intelectual,,10,,4.15,
"intelectual,maestria,mexico,propiedad",maestria en propiedad intelectual mexico,,10,,0.00,
"intelectual,maestria,propiedad,unam",maestria en propiedad intelectual unam,,10,,0.00,
"conceptual,intelectual,mapa,propiedad",mapa conceptual de propiedad intelectual,,10,,0.00,
"conceptual,industrial,intelectual,mapa,propiedad",mapa conceptual propiedad intelectual e industrial,,10,,0.00,
"intelectual,mapa,mental,propiedad",mapa mental de propiedad intelectual,,10,,0.00,
"intelectual,mapa,mental,propiedad",mapa mental propiedad intelectual,,10,,0.00,
"intelectual,marca,normatividad,propiedad",marco normativo de la propiedad intelectual,,10,,0.00,
"intelectual,master,online,propiedad",master propiedad intelectual online,,10,,0.00,
"intelectual,material,propiedad",materia propiedad intelectual,,10,,0.00,
"cautelares,intelectual,medidas,propiedad",medidas cautelares propiedad intelectual,,10,,0.00,
"contrato,intelectual,modelo,propiedad",modelo contrato propiedad intelectual,,10,,0.00,
"colombia,contrato,intelectual,modelo,propiedad",modelo de contrato de propiedad intelectual colombia,,10,,0.00,
"intelectual,navegador,propiedad,tic",navegantes tic y la propiedad intelectual,,10,,0.00,
"dominio,intelectual,nombre,propiedad",nombres de dominio propiedad intelectual,,10,,0.00,
"intelectual,normas,propiedad",normas de la propiedad intelectual,,10,,0.00,
"intelectual,normas,propiedad,regular",normas que regulan la propiedad intelectual,,10,,0.00,
"colombia,intelectual,normas,propiedad,regular",normas que regulan la propiedad intelectual en colombia,,10,,0.00,
"intelectual,normatividad,propiedad",normativa de propiedad intelectual,,10,,0.00,
"colombia,intelectual,noticias,propiedad",noticias de propiedad intelectual en colombia,,10,,0.00,
"intelectual,noticias,propiedad",noticias sobre propiedad intelectual,,10,,0.00,
"intelectual,objetivos,propiedad",objetivo de la propiedad intelectual,,10,,0.00,
"encarga,intelectual,obra,propiedad",obra por encargo propiedad intelectual,,10,,0.00,
"derivada,intelectual,ley,obra,propiedad",obras derivadas ley propiedad intelectual,,10,,0.00,
"intelectual,obtencion,propiedad,vegetales",obtenciones vegetales propiedad intelectual,,10,,0.00,
"chile,intelectual,oficina,propiedad",oficina de propiedad intelectual chile,,10,,0.00,
"españa,intelectual,oficina,propiedad",oficina de propiedad intelectual españa,,10,,0.00,
"intelectual,oficina,propiedad",oficina propiedad intelectual,,10,,0.00,
"intelectual,internacionales,nacional,organos,propiedad,proteger",organismos que protegen la propiedad intelectual nacional e internacionalmente,,10,,0.00,
"intelectual,mundial,organizacion,pdf,propiedad",organizacion mundial de la propiedad intelectual pdf,,10,,0.00,
"intelectual,organizacion,propiedad",organizacion propiedad intelectual,,10,,0.00,
"funcion,intelectual,mundial,organizaciones,propiedad",organización mundial de la propiedad intelectual funciones,,10,,0.00,
"intelectual,mundial,ompi,organizaciones,propiedad",organización mundial de propiedad intelectual ompi,,10,,0.00,
"intelectual,origen,propiedad",origen de la propiedad intelectual,,10,,0.00,
"intelectual,paso,propiedad,registro",pasos para registrar una propiedad intelectual,,10,,0.00,
"intelectual,pct,propiedad",pct propiedad intelectual,,10,,0.00,
"intelectual,pelicula,propiedad",peliculas sobre propiedad intelectual,,10,,0.00,
"intelectual,plagio,propiedad",plagio de propiedad intelectual,,10,,0.00,
"importancia,intelectual,propiedad",por que es importante la propiedad intelectual,,10,,0.00,
"debe,intelectual,promover,propiedad,proteger",porque debe promoverse y protegerse la propiedad intelectual,,10,,0.00,
"importancia,intelectual,propiedad,respeto",porque es importante respetar la propiedad intelectual,,10,,0.00,
"intelectual,posgrados,propiedad",posgrado propiedad intelectual,,10,,2.25,
"intelectual,preguntas,propiedad",preguntas de propiedad intelectual,,10,,0.00,
"intelectual,preguntas,propiedad",preguntas sobre propiedad intelectual,,10,,0.00,
"fundamentales,intelectual,principios,propiedad",principios fundamentales de la propiedad intelectual,,10,,0.00,
"intelectual,problemas,propiedad",problemas de propiedad intelectual,,10,,0.00,
"diferencia,industrial,intelectual,propiedad",propiedad industrial e intelectual diferencias,,10,,0.00,
"colombia,industrial,intelectual,propiedad",propiedad industrial e intelectual en colombia,,10,,0.00,
"diferencia,industrial,intelectual,propiedad",propiedad industrial y propiedad intelectual diferencias,,10,,0.00,
"arquitectura,intelectual,propiedad",propiedad intelectual arquitectura,,10,,0.00,
"articulo,intelectual,propiedad",propiedad intelectual articulos,,10,,0.00,
"brasil,intelectual,propiedad",propiedad intelectual brasil,,10,,0.00,
"cancion,intelectual,propiedad",propiedad intelectual canciones,,10,,0.00,
"categoria,intelectual,propiedad",propiedad intelectual categorias,,10,,0.00,
"clasificacion,intelectual,propiedad",propiedad intelectual clasificacion,,10,,0.00,
"coco,cola,intelectual,propiedad",propiedad intelectual coca cola,,10,,0.00,
"civil,codigo,colombiano,intelectual,propiedad",propiedad intelectual codigo civil colombiano,,10,,0.00,
"colombia,intelectual,ley,propiedad",propiedad intelectual colombia ley,,10,,0.00,
"comercial,intelectual,internacional,propiedad",propiedad intelectual comercio internacional,,10,,0.00,
"divide,intelectual,propiedad",propiedad intelectual como se divide,,10,,0.00,
"compartir,intelectual,propiedad",propiedad intelectual compartida,,10,,0.00,
"colombia,intelectual,propiedad",propiedad intelectual de colombia,,10,,0.00,
"intelectual,marca,propiedad",propiedad intelectual de marca,,10,,0.00,
"intelectual,propiedad,software",propiedad intelectual de software,,10,,0.00,
"intelectual,propiedad,proyecto",propiedad intelectual de un proyecto,,10,,0.00,
"definicion,intelectual,juridica,propiedad",propiedad intelectual definicion juridica,,10,,0.00,
"civil,derecho,intelectual,propiedad",propiedad intelectual derecho civil,,10,,0.00,
"derecho,intelectual,internacional,privada,propiedad",propiedad intelectual derecho internacional privado,,10,,0.00,
"diapositivas,intelectual,propiedad",propiedad intelectual diapositivas,,10,,0.00,
"dibujos,intelectual,propiedad",propiedad intelectual dibujos,,10,,0.00,
"disney,intelectual,propiedad",propiedad intelectual disney,,10,,0.00,
"colombia,industrial,intelectual,propiedad",propiedad intelectual e industrial en colombia,,10,,0.00,
"artificial,intelectual,inteligencia,propiedad",propiedad intelectual e inteligencia artificial,,10,,0.00,
"eeuu,intelectual,propiedad",propiedad intelectual eeuu,,10,,0.00,
"china,intelectual,propiedad",propiedad intelectual en china,,10,,0.00,
"colombia,ejemplos,intelectual,propiedad",propiedad intelectual en colombia ejemplos,,10,,0.00,
"colombia,intelectual,normatividad,propiedad",propiedad intelectual en colombia normatividad,,10,,0.00,
"comercial,electronica,intelectual,propiedad",propiedad intelectual en el comercio electronico,,10,,0.00,
"comercial,intelectual,internacional,propiedad",propiedad intelectual en el comercio internacional,,10,,0.00,
"deporte,intelectual,propiedad",propiedad intelectual en el deporte,,10,,0.00,
"facebook,intelectual,propiedad",propiedad intelectual en facebook,,10,,0.00,
"informatica,intelectual,propiedad",propiedad intelectual en informática,,10,,0.00,
"intelectual,internet,propiedad",propiedad intelectual en internet,,10,,0.00,
"colombiano,intelectual,legislativo,propiedad",propiedad intelectual en la legislación colombiana,,10,,0.00,
"empresa,intelectual,propiedad",propiedad intelectual en las empresas,,10,,0.00,
"intelectual,internacionales,negocio,propiedad",propiedad intelectual en los negocios internacionales,,10,,0.00,
"intelectual,peru,propiedad",propiedad intelectual en peru,,10,,0.00,
"intelectual,propiedad,red,social",propiedad intelectual en redes sociales,,10,,0.00,
"especializacion,intelectual,propiedad",propiedad intelectual especializacion,,10,,1.35,
"europa,intelectual,propiedad",propiedad intelectual europa,,10,,0.00,
"historia,intelectual,propiedad",propiedad intelectual historia,,10,,0.00,
"imagen,intelectual,propiedad",propiedad intelectual imagen,,10,,0.00,
"importancia,intelectual,propiedad",propiedad intelectual importancia,,10,,0.00,
"industrial,intelectual,propiedad",propiedad intelectual industrial,,10,,0.00,
"infografia,intelectual,propiedad",propiedad intelectual infografia,,10,,0.00,
"informatica,intelectual,propiedad",propiedad intelectual informatica,,10,,0.00,
"instagram,intelectual,propiedad",propiedad intelectual instagram,,10,,0.00,
"intelectual,internacional,propiedad",propiedad intelectual internacional,,10,,0.00,
"intelectual,jurisprudencia,propiedad",propiedad intelectual jurisprudencia,,10,,0.00,
"intelectual,legislacion,propiedad",propiedad intelectual legislacion,,10,,0.00,
"conceptual,intelectual,mapa,propiedad",propiedad intelectual mapa conceptual,,10,,0.00,
"intelectual,marca,propiedad",propiedad intelectual marcas,,10,,0.00,
"intelectual,medicamentos,propiedad",propiedad intelectual medicamentos,,10,,0.00,
"intelectual,mundial,propiedad",propiedad intelectual mundial,,10,,0.00,
"intelectual,musica,propiedad",propiedad intelectual musica,,10,,0.00,
"autores,derecho,intelectual,propiedad",propiedad intelectual o derechos de autor,,10,,0.00,
"industrial,intelectual,propiedad",propiedad intelectual o industrial,,10,,0.00,
"intelectual,omc,propiedad",propiedad intelectual omc,,10,,0.00,
"intelectual,panama,propiedad",propiedad intelectual panama,,10,,0.00,
"intelectual,propiedad,sirve",propiedad intelectual para que sirve,,10,,0.00,
"intelectual,ppt,propiedad",propiedad intelectual ppt,,10,,0.00,
"intelectual,propiedad,sirve",propiedad intelectual que es y para que sirve,,10,,0.00,
"intelectual,propiedad,rae",propiedad intelectual rae,,10,,0.00,
"cocina,intelectual,propiedad,receta",propiedad intelectual recetas de cocina,,10,,0.00,
"divide,intelectual,propiedad",propiedad intelectual se divide en,,10,,0.00,
"autores,intelectual,propiedad,segun",propiedad intelectual segun autores,,10,,0.00,
"distintos,intelectual,propiedad,signo",propiedad intelectual signos distintivos,,10,,0.00,
"intelectual,propiedad,software",propiedad intelectual software,,10,,0.00,
"intelectual,propiedad,tecnologia",propiedad intelectual tecnologia,,10,,0.00,
"intelectual,propiedad,tradicional",propiedad intelectual tradicional,,10,,0.00,
"intelectual,propiedad,tradicional",propiedad intelectual tradicional y no tradicional,,10,,0.00,
"intelectual,internacionales,propiedad,trata",propiedad intelectual tratados internacionales,,10,,0.00,
"intelectual,propiedad,universidad",propiedad intelectual universidad,,10,,0.00,
"intelectual,propiedad,variedades,vegetales",propiedad intelectual variedades vegetales,,10,,0.00,
"intelectual,propiedad,videojuegos",propiedad intelectual videojuegos,,10,,0.00,
"industrial,intelectual,propiedad,vs",propiedad intelectual vs industrial,,10,,0.00,
"intelectual,propiedad,wikipedia",propiedad intelectual wikipedia,,10,,0.00,
"intelectual,propiedad,wipe",propiedad intelectual wipo,,10,,0.00,
"copyright,intelectual,propiedad",propiedad intelectual y copyright,,10,,0.00,
"autores,colombia,derecho,intelectual,propiedad",propiedad intelectual y derechos de autor colombia,,10,,0.00,
"autores,derecho,diferencia,intelectual,propiedad",propiedad intelectual y derechos de autor diferencia,,10,,0.00,
"autores,derecho,intelectual,internet,propiedad",propiedad intelectual y derechos de autor en internet,,10,,0.00,
"autores,derecho,intelectual,pdf,propiedad",propiedad intelectual y derechos de autor pdf,,10,,0.00,
"autores,derecho,intelectual,propiedad,software",propiedad intelectual y derechos de autor software,,10,,0.00,
"autores,derecho,intelectual,propiedad",propiedad intelectual y los derechos de autor,,10,,0.00,
"diferencia,industrial,intelectual,propiedad",propiedad intelectual y propiedad industrial diferencias,,10,,0.00,
"intelectual,privada,propiedad",propiedad privada intelectual,,10,,0.00,
"colombia,intelectual,propiedad,proteccion",proteccion de propiedad intelectual en colombia,,10,,0.00,
"intelectual,propiedad,proteccion,software",proteccion de software propiedad intelectual,,10,,0.00,
"industrial,intelectual,propiedad,proteccion",protección de la propiedad industrial e intelectual,,10,,0.00,
"intelectual,propiedad,proteger",proteger propiedad intelectual,,10,,0.00,
"derecho,intelectual,propiedad,proteger",que derechos protege la propiedad intelectual,,10,,0.00,
"autores,derecho,intelectual,propiedad",que es derecho de autor y propiedad intelectual,,10,,0.00,
"derecho,intelectual,propiedad",que es derecho de la propiedad intelectual,,10,,0.00,
"intelectual,propiedad,registro",que es el registro de propiedad intelectual,,10,,0.00,
"infracciones,intelectual,propiedad",que es infraccion a la propiedad intelectual,,10,,0.00,
"industrial,intelectual,propiedad",que es la propiedad industrial e intelectual,,10,,0.00,
"colombia,intelectual,propiedad",que es la propiedad intelectual colombia,,10,,0.00,
"empresa,intelectual,propiedad",que es la propiedad intelectual de una empresa,,10,,0.00,
"industrial,intelectual,propiedad",que es la propiedad intelectual e industrial,,10,,0.00,
"ejemplos,intelectual,propiedad",que es la propiedad intelectual ejemplos,,10,,0.00,
"derecho,intelectual,propiedad",que es la propiedad intelectual en derecho,,10,,0.00,
"informatica,intelectual,propiedad",que es la propiedad intelectual en informatica,,10,,0.00,
"intelectual,internet,propiedad",que es la propiedad intelectual en internet,,10,,0.00,
"informatica,intelectual,propiedad",que es la propiedad intelectual informatica,,10,,0.00,
"intelectual,ompi,propiedad",que es la propiedad intelectual ompi,,10,,0.00,
"intelectual,pdf,propiedad",que es la propiedad intelectual pdf,,10,,0.00,
"industrial,intelectual,propiedad",que es propiedad industrial e intelectual,,10,,0.00,
"informatica,intelectual,propiedad",que es propiedad intelectual en informatica,,10,,0.00,
"intelectual,propiedad,registro",que es registro de propiedad intelectual,,10,,0.00,
"intelectual,marca,propiedad",que es una marca propiedad intelectual,,10,,0.00,
"intelectual,ley,propiedad,regular",que ley regula la propiedad intelectual,,10,,0.00,
"considera,intelectual,propiedad",que se considera propiedad intelectual,,10,,0.00,
"intelectual,propiedad,significa",que significa la propiedad intelectual,,10,,0.00,
"derecho,intelectual,propiedad",que son derechos de propiedad intelectual,,10,,0.00,
"derecho,intelectual,propiedad",que son los derechos de la propiedad intelectual,,10,,0.00,
"distintos,intelectual,propiedad,signo",que son los signos distintivos en la propiedad intelectual,,10,,0.00,
"existen,intelectual,propiedad,tipos",que tipos de propiedad intelectual existen,,10,,0.00,
"intelectual,propiedad,regular",quien regula la propiedad intelectual,,10,,0.00,
"intelectual,propiedad,ram",ramas de propiedad intelectual,,10,,0.00,
"explotacion,intelectual,propiedad,regalias",regalias y explotacion de la propiedad intelectual,,10,,0.00,
"explotación,intelectual,propiedad,regalo",regalías y explotación de la propiedad intelectual,,10,,0.00,
"colombia,intelectual,propiedad,regimen",regimen de propiedad intelectual en colombia,,10,,0.00,
"ideas,intelectual,propiedad,registro",registrar idea propiedad intelectual,,10,,0.00,
"intelectual,pagina,propiedad,registro,web",registrar pagina web propiedad intelectual,,10,,0.00,
"intelectual,propiedad,registro,software",registrar software propiedad intelectual,,10,,0.00,
"intelectual,propiedad,registro,salvador",registro de la propiedad intelectual el salvador,,10,,0.00,
"españa,intelectual,propiedad,registro",registro de la propiedad intelectual españa,,10,,0.00,
"guatemala,intelectual,propiedad,registro",registro de la propiedad intelectual guatemala,,10,,0.00,
"chile,intelectual,propiedad,registro",registro de propiedad intelectual chile,,10,,0.00,
"colombia,intelectual,propiedad,registro",registro de propiedad intelectual colombia,,10,,0.27,
"intelectual,mexico,propiedad,registro",registro de propiedad intelectual mexico,,10,,0.00,
"intelectual,online,propiedad,registro",registro de propiedad intelectual online,,10,,0.00,
"gratis,intelectual,online,propiedad,registro",registro de propiedad intelectual online gratis,,10,,0.00,
"intelectual,propiedad,registro,software",registro de software propiedad intelectual,,10,,0.00,
"intelectual,propiedad,regulacion",regulacion de la propiedad intelectual,,10,,0.00,
"intelectual,propiedad,reporte",reporte de propiedad intelectual,,10,,0.00,
"intelectual,propiedad,respeto",respeto a la propiedad intelectual,,10,,0.00,
"intelectual,propiedad,revista",revista propiedad intelectual,,10,,0.00,
"intelectual,propiedad,robo",robo de la propiedad intelectual,,10,,0.00,
"china,intelectual,propiedad,robo",robo de propiedad intelectual china,,10,,0.00,
"comerciales,intelectual,propiedad,secreto",secretos comerciales propiedad intelectual,,10,,0.00,
"intelectual,propiedad,sentencia",sentencias de propiedad intelectual,,10,,0.00,
"intelectual,propiedad,servicio",servicios de propiedad intelectual,,10,,0.00,
"intelectual,propiedad,servicio",servicios propiedad intelectual,,10,,0.00,
"intelectual,propiedad,sic",sic propiedad intelectual,,10,,0.00,
"intelectual,propiedad,significado",significado propiedad intelectual,,10,,0.00,
"intelectual,propiedad,signo",signo de propiedad intelectual,,10,,0.00,
"diferencia,industrial,intelectual,propiedad,similitudes",similitudes y diferencias de la propiedad intelectual y propiedad industrial,,10,,0.00,
"administrativo,intelectual,nacional,propiedad,sistema",sistema administrativo nacional de propiedad intelectual,,10,,0.00,
"colombia,intelectual,propiedad,sistema",sistema de propiedad intelectual en colombia,,10,,0.00,
"intelectual,propiedad,tasa",tasas propiedad intelectual,,10,,0.00,
"intelectual,propiedad,tesis",tesis sobre propiedad intelectual,,10,,0.00,
"intelectual,licencia,propiedad,tipos",tipos de licencias de propiedad intelectual,,10,,0.00,
"colombia,intelectual,propiedad,tipos",tipos de propiedad intelectual en colombia,,10,,0.00,
"intelectual,propiedad,proteccion,tipos",tipos de protección de propiedad intelectual,,10,,0.00,
"intelectual,propiedad,tipos",tipos propiedad intelectual,,10,,0.00,
"intelectual,propiedad,tlcan",tlcan propiedad intelectual,,10,,0.00,
"intelectual,propiedad",todo sobre la propiedad intelectual,,10,,0.00,
"intelectual,propiedad",todo sobre propiedad intelectual,,10,,0.00,
"intelectual,paris,propiedad,trata",tratado de paris propiedad intelectual,,10,,0.00,
"andina,intelectual,propiedad,tribunal",tribunal andino propiedad intelectual,,10,,0.00,
"intelectual,propiedad,trip",trips propiedad intelectual,,10,,0.00,
"indebida,intelectual,propiedad,uso",uso indebido de propiedad intelectual,,10,,0.00,
"intelectual,propiedad,variedad,vegetal",variedad vegetal propiedad intelectual,,10,,0.00,
"intelectual,propiedad,ventajas",ventajas de la propiedad intelectual,,10,,0.00,
"intelectual,propiedad,violacion",violacion de propiedad intelectual,,10,,0.00,
"intelectual,propiedad,wikipedia",wikipedia propiedad intelectual,,10,,0.00,
"035,2003,estatuto,intelectual,propiedad",035 de 2003 estatuto de propiedad intelectual,,0,,0.00,
"1,fundamentos,general,intelectual,propiedad",1 fundamentos generales de la propiedad intelectual,,0,,0.00,
"1,derecho,intelectual,propiedad",1 que es la propiedad intelectual en derecho,,0,,0.00,
"1,intelectual,propiedad",1 qué es la propiedad intelectual,,0,,0.00,
"1,decir,derecho,intelectual,propiedad,quiero",1 qué quiere decir el derecho a la propiedad intelectual,,0,,0.00,
"1,alianza,como,intelectual,internacional,propiedad,www",1 www.alianza internacional para la propiedad intelectual.com,,0,,0.00,
"1,2,intelectual,mexico,propiedad,sistema",1.2 sistema de propiedad intelectual en mexico,,0,,0.00,
"1,5,intelectual,propiedad",1.5 propiedad intelectual,,0,,0.00,
"1,5,construccion,empresa,intelectual,propiedad",1.5 propiedad intelectual en una empresa construccion,,0,,0.00,
"10,intelectual,normas,propiedad",10 normas de la propiedad intelectual,,0,,0.00,
"15,intelectual,propiedad",15 propiedad intelectual,,0,,0.00,
"15,intelectual,propiedad",15 qué es la propiedad intelectual,,0,,0.00,
"157,2010,21,intelectual,mayo,propiedad,reglamento",157 21 mayo de 2010 reglamento de propiedad intelectual,,0,,0.00,
"1er,intelectual,internacional,observaciones,propiedad,seminario",1er seminario internacional sobre la observancia de la propiedad intelectual,,0,,0.00,
"2,baratos,deseo,intelectual,propiedad,tener",2 el deseo de tener propiedad intelectual barata,,0,,0.00,
"2,intelectual,propiedad",2 qué es la propiedad intelectual,,0,,0.00,
"2,5,defensa,intelectual,propiedad",2.5 la defensa de la propiedad intelectual,,0,,0.00,
"2013,arlt,intelectual,propiedad",2013 arlt propiedad intelectual,,0,,0.00,
"21,intelectual,propiedad,proteccion",21 que es protección a la propiedad intelectual,,0,,0.00,
"21,economia,intelectual,propiedad,proteccion",21 que es protección a la propiedad intelectual en economia,,0,,0.00,
"26,abril,dia,intelectual,internacional,propiedad",26 de abril dia internacional de la propiedad intelectual,,0,,0.00,
"3,casa,intelectual,problemas,propiedad",3 casos donde haya problemas de propiedad intelectual,,0,,0.00,
"3,delito,intelectual,propiedad",3 delitos contra la propiedad intelectual,,0,,0.00,
"3,divisiones,intelectual,propiedad",3 divisiones propiedad intelectual,,0,,0.00,
"3,5,contenido,intelectual,propiedad,revisión",3.5 revisión de la propiedad intelectual del contenido,,0,,0.00,
"34,explotación,intelectual,propiedad,regalo",34 regalías y explotación de la propiedad intelectual,,0,,0.00,
"368267564,aspectos,economica,intelectual,pdf,propiedad",368267564-aspectos-economicos-de-la-propiedad-intelectual-pdf,,0,,0.00,
"4,intelectual,propiedad",4 qué es la propiedad intelectual,,0,,0.00,
"2,4,intelectual,propiedad",4.2 propiedad intelectual,,0,,0.00,
"5,acompañamiento,derecho,intelectual,propiedad",5 acompañamiento en derechos de propiedad intelectual,,0,,0.00,
"5,desventajas,intelectual,propiedad,ventajas",5 ventajas y 5 desventajas de la propiedad intelectual,,0,,0.00,
"6,forma,intelectual,propiedad,proteger",6 en qué forma se protege la propiedad intelectual,,0,,0.00,
"6,derecho,intelectual,propiedad",6 para que son los derechos de propiedad intelectual,,0,,0.00,
"7,colombia,consiste,explicar,intelectual,propiedad",7 explica que consiste la propiedad intelectual en colombia,,0,,0.00,
"7,colombia,consiste,explicar,intelectual,propiedad",7 explicar que consiste la propiedad intelectual en colombia,,0,,0.00,
"7,intelectual,propiedad",7 qué es propiedad intelectual,,0,,0.00,
"7,guion,intelectual,musica,patente,propiedad,regalo,tal",7 regalías por propiedad intelectual tales como música guiones patentes,,0,,0.00,
"8,derecho,intelectual,propiedad",8 que son los derechos de propiedad intelectual,,0,,0.00,
"9,consiste,intelectual,propiedad",9 en que consiste la propiedad intelectual,,0,,0.00,
"9,debe,intelectual,promover,propiedad,proteger",9 por qué debe promoverse y protegerse la propiedad intelectual,,0,,0.00,
"9,industrial,intelectual,propiedad",9 propiedad intelectual y propiedad industrial,,0,,0.00,
"9789505087358,accion,intelectual,propiedad,reivindicatoria",9789505087358 acción reivindicatoria y propiedad intelectual,,0,,0.00,
"intelectual,propiedad,proteger,recurrir",a donde recurrir para proteger mi propiedad intelectual,,0,,0.00,
"clasifican,dos,intelectual,propiedad,puede",a propiedad intelectual puede clasificarse en dos,,0,,0.00,
"desarrollo,intelectual,propiedad,proteccion,tecnologicos",a protección de la propiedad intelectual en e desarrollo tecnologico,,0,,0.00,
"contribuciones,intelectual,propiedad,registro",a que contribuye el registro de propiedad intelectual,,0,,0.00,
"derecho,hacer,intelectual,propiedad,referencia",a que hace referencia los derechos de propiedad intelectual,,0,,0.00,
"conocimiento,intelectual,propiedad",a que se le conoce como propiedad intelectual,,0,,0.00,
"condominio,intelectual,propiedad,publico,refiere",a que se refiere con condominio publico propiedad intelectual,,0,,0.00,
"aplicaciones,area,intelectual,propiedad,proteccion",a que áreas aplica la protección de propiedad intelectual,,0,,0.00,
"corresponde,intelectual,obra,propiedad",a quien le corresponde la propiedad intelectual de una obra,,0,,0.00,
"intelectual,ley,propiedad,proto",a quien prote la ley de propiedad intelectual,,0,,0.00,
"derecho,intelectual,otorga,propiedad",a quien se le otorga el derecho de propiedad intelectual,,0,,0.00,
"corresponde,intelectual,obra,propiedad,quienes",a quién corresponde la propiedad intelectual de una obra,,0,,0.00,
"contribuciones,intelectual,propiedad,registro",a qué contribuye el registro de propiedad intelectual,,0,,0.00,
"derecho,intelectual,propiedad,través",a través de los derechos de propiedad intelectual,,0,,0.00,
"abc,intelectual,propiedad",abc de la propiedad intelectual,,0,,0.00,
"abc,intelectual,propiedad",abc propiedad intelectual,,0,,0.00,
"abogado,intelectual,propiedad",abogado de la propiedad intelectual,,0,,0.00,
"abogado,casa,gana,intelectual,propiedad",abogado en propiedad intelectual gana caso,,0,,0.00,
"abogado,casa,gana,graffiti,intelectual,medellin,propiedad",abogado en propiedad intelectual gana caso de graffiti en medellin,,0,,0.00,
"abogado,casa,gana,grafiti,intelectual,medellin,propiedad",abogado en propiedad intelectual gana caso de grafiti en medellin,,0,,0.00,
"abogado,baker,intelectual,makebnsy,propiedad,tic",abogado en tic y propiedad intelectual baker an makebnsy,,0,,0.00,
"abogado,baker,intelectual,mckenzie,propiedad,tic",abogado en tic y propiedad intelectual baker and mckenzie,,0,,0.00,
"abogado,experiencia,intelectual,propiedad",abogado experiencia propiedad intelectual,,0,,0.00,
"abogado,experiencia,intelectual,propiedad,trabajo",abogado experiencia propiedad intelectual trabajo,,0,,0.00,
"abogado,albacete,intelectual,propiedad",abogado propiedad intelectual albacete,,0,,0.00,
"abogado,alice,intelectual,propiedad",abogado propiedad intelectual alicante,,0,,0.00,
"abogado,bogota,intelectual,propiedad",abogado propiedad intelectual bogota,,0,,0.00,
"abogado,bucaramanga,intelectual,propiedad",abogado propiedad intelectual bucaramanga,,0,,0.00,
"abogado,definicion,intelectual,propiedad",abogado propiedad intelectual definicion,,0,,0.00,
"abogado,bogota,empleo,intelectual,propiedad",abogado propiedad intelectual empleo bogotá,,0,,0.00,
"abogado,bucaramanga,empleo,intelectual,propiedad",abogado propiedad intelectual empleo bucaramanga,,0,,0.00,
"abogado,intelectual,madre,propiedad,trabajo",abogado propiedad intelectual madrid trabajo,,0,,0.00,
"abogado,intelectual,monterrey,propiedad",abogado propiedad intelectual monterrey,,0,,0.00,
"abogado,intelectual,propiedad,sevilla",abogado propiedad intelectual sevilla,,0,,0.00,
"abogado,intelectual,propiedad,trabajo",abogado propiedad intelectual trabajo,,0,,0.00,
"abogado,intelectual,propiedad,valledupar",abogado propiedad intelectual valledupar,,0,,0.00,
"abogado,cali,intelectual,propiedad",abogados de propiedad intelectual en cali,,0,,0.00,
"abogado,colombia,intelectual,propiedad",abogados de propiedad intelectual en colombia,,0,,0.00,
"abogado,ecuador,intelectual,propiedad",abogados de propiedad intelectual en ecuador,,0,,0.00,
"abogado,intelectual,mexico,propiedad",abogados de propiedad intelectual en mexico,,0,,0.00,
"abogado,intelectual,propiedad,puerto,rico",abogados de propiedad intelectual en puerto rico,,0,,0.00,
"abogado,intangibles,intelectual,propiedad,valor",abogados de propiedad intelectual para valorar intangibles,,0,,0.00,
"abogado,intelectual,neiva,propiedad",abogados en propiedad intelectual en neiva,,0,,0.00,
"abogado,argentina,especiales,intelectual,propiedad",abogados especialistas en propiedad intelectual argentina,,0,,0.00,
"abogado,colombia,especiales,intelectual,propiedad",abogados especialistas en propiedad intelectual colombia,,0,,0.00,
"abogado,especiales,intelectual,propiedad,recomendaciones",abogados especialistas recomendados propiedad intelectual,,0,,0.00,
"abogado,expert,francia,intelectual,propiedad",abogados expertos en propiedad intelectual en francia,,0,,0.00,
"abogado,expert,francia,intelectual,montpellier,propiedad,ubicación",abogados expertos en propiedad intelectual ubicados en montpellier francia,,0,,0.00,
"abogado,bogota,intelectual,propiedad",abogados para propiedad intelectual en bogota,,0,,0.00,
"abogado,barcelona,intelectual,propiedad",abogados propiedad intelectual barcelona,,0,,0.00,
"abogado,bucaramanga,intelectual,propiedad",abogados propiedad intelectual bucaramanga,,0,,0.00,
"abogado,cali,intelectual,propiedad",abogados propiedad intelectual cali,,0,,0.00,
"abogado,chile,intelectual,propiedad",abogados propiedad intelectual chile,,0,,0.00,
"abogado,ecuador,intelectual,propiedad",abogados propiedad intelectual ecuador,,0,,0.00,
"abogado,ecuador,intelectual,propiedad",abogados propiedad intelectual en ecuador,,0,,0.00,
"abogado,intelectual,panama,propiedad",abogados propiedad intelectual en panama,,0,,0.00,
"abogado,intelectual,peru,propiedad",abogados propiedad intelectual en peru,,0,,0.00,
"abogado,intelectual,peru,propiedad",abogados propiedad intelectual en peru+,,0,,0.00,
"abogado,intelectual,juan,propiedad,puerto,rico,san",abogados propiedad intelectual en san juan de puerto rico,,0,,0.00,
"abogado,intelectual,madre,propiedad",abogados propiedad intelectual madrid,,0,,0.00,
"abogado,centro,intelectual,medellin,propiedad",abogados propiedad intelectual medellin centro,,0,,0.00,
"abogado,intelectual,miami,propiedad",abogados propiedad intelectual miami,,0,,0.00,
"abogado,intelectual,monterrey,propiedad",abogados propiedad intelectual monterrey,,0,,0.00,
"abogado,intelectual,montpellier,propiedad",abogados propiedad intelectual montpellier,,0,,0.00,
"abogado,francia,intelectual,montpellier,propiedad",abogados propiedad intelectual montpellier francia,,0,,0.00,
"abogado,intelectual,peru,propiedad",abogados propiedad intelectual peru,,0,,0.00,
"abreviatura,intelectual,propiedad",abreviatura de propiedad intelectual,,0,,0.00,
"abuso,derecho,intelectual,propiedad",abuso del derecho de la propiedad intelectual,,0,,0.00,
"acceso,intelectual,propiedad",acceso a la propiedad intelectual,,0,,0.00,
"acceso,conflicto,derecho,intelectual,medicamentos,propiedad",acceso a medicamentos y propiedad intelectual un conflicto de derechos,,0,,0.00,
"accion,administrativo,intelectual,propiedad",accion administrativa propiedad intelectual,,0,,0.00,
"accion,intelectual,propiedad,proteccion",accion de protección a la propiedad intelectual,,0,,0.00,
"accion,civil,intelectual,penal,propiedad",acciones civiles y penales propiedad intelectual,,0,,0.00,
"accion,intelectual,propiedad",acciones de propiedad intelectual,,0,,0.00,
"accion,intelectual,propiedad,proteccion",acciones de proteccion a la propiedad intelectual,,0,,0.00,
"accion,colombia,intelectual,propiedad,proteccion",acciones de proteccion a la propiedad intelectual colombia,,0,,0.00,
"accion,derecho,intelectual,laprotección,propiedad",acciones para laproteccion de los derechos de propiedad intelectual,,0,,0.00,
"accion,intelectual,propiedad",acciones para propiedad intelectual,,0,,0.00,
"accion,intelectual,propiedad,proteger",acciones para proteger la propiedad intelectual,,0,,0.00,
"accion,colombia,intelectual,propiedad,proteger",acciones para proteger la propiedad intelectual en colombia,,0,,0.00,
"accion,intelectual,propiedad,protger",acciones que protgen la propiedad intelectual,,0,,0.00,
"accion,intelectual,propiedad,reinvindicatoria",acción reinvindicatoria y propiedad intelectual,,0,,0.00,
"acion,autores,derecho,general,intelectual,propiedad",ación general sobre propiedad intelectual y derechos de autor,,0,,0.00,
"acontecimientos,intelectual,propiedad",acontecimientos de la propiedad intelectual,,0,,0.00,
"acontecimientos,historia,importancia,intelectual,propiedad",acontecimientos importantes de historia de la propiedad intelectual,,0,,0.00,
"acpi,acuerdo,comercial,intelectual,propiedad",acpi acuerdo comercio propiedad intelectual,,0,,0.00,
"acpi,asociacion,colombiano,intelectual,propiedad",acpi asociacion colombiana de la propiedad intelectual,,0,,0.00,
"acpi,asociados,colombiano,intelectual,propiedad",acpi asociación colombiana de propiedad intelectual,,0,,0.00,
"acpi,asociados,colombiano,del,intelectual,propiedad",acpi asociación colombiana dela propiedad intelectual,,0,,0.00,
"acta,acuerdo,intelectual,pdf,propiedad,univalle",acta de acuerdo sobre propiedad intelectual univalle pdf,,0,,0.00,
"acta,compromiso,intelectual,propiedad",acta de compromiso en propiedad intelectual,,0,,0.00,
"acta,entrega,intelectual,propiedad",acta de entrega con propiedad intelectual,,0,,0.00,
"acta,cauca,intelectual,propiedad,universidad",acta de propiedad intelectual de la universidad del cauca,,0,,0.00,
"acta,intelectual,propiedad,proyecto,universidad,valle",acta de propiedad intelectual proyectos universidad del valle,,0,,0.00,
"01,02,03,05,06,2014,acta,f,intelectual,mp,propiedad,univalle,v",acta de propiedad intelectual univalle f-01-mp-06-02-03 v-05-2014,,0,,0.00,
"acta,antioquia,intelectual,propiedad,universidad",acta de propiedad intelectual universidad de antioquia,,0,,0.00,
"acta,intelectual,propiedad,tolima,universidad",acta de propiedad intelectual universidad del tolima,,0,,0.00,
"acta,intelectual,propiedad,universidad,valle",acta de propiedad intelectual universidad del valle,,0,,0.00,
"acta,intelectual,nacional,propiedad,universidad",acta de propiedad intelectual universidad nacional,,0,,0.00,
"acta,cali,intelectual,propiedad,santiago,universidad",acta de propiedad intelectual universidad santiago de cali,,0,,0.00,
"acta,intelectual,propiedad,upb",acta de propiedad intelectual upb,,0,,0.00,
"869,acta,da,fo,intelectual,propiedad,upb",acta de propiedad intelectual upb da-fo-869,,0,,0.00,
"acta,descargar,intelectual,propiedad,upb",acta de propiedad intelectual upb descargar,,0,,0.00,
"acta,intelectual,propiedad,univalle",acta propiedad intelectual univalle,,0,,0.00,
"4,actividades,ensayo,intelectual,propiedad",actividad 4 ensayo propiedad intelectual,,0,,0.00,
"4,actividades,intelectual,propiedad",actividad 4 propiedad intelectual,,0,,0.00,
"actividades,intelectual,propiedad",actividad de propiedad intelectual,,0,,0.00,
"actividades,economica,intelectual,propiedad,venta",actividad economica venta propiedad intelectual,,0,,0.00,
"actividades,gestion,ie,intelectual,propiedad",actividades de gestion de la propiedad intelectual en las ies,,0,,0.00,
"actividades,gestion,intelectual,propiedad",actividades en gestion de propiedad intelectual,,0,,0.00,
"actividades,gestion,intelectual,propiedad,universidad",actividades para gestionar la propiedad intelectual en universidades,,0,,0.00,
"actividades,intelectual,propiedad",actividades para la propiedad intelectual,,0,,0.00,
"actividades,intelectual,propiedad,transferir",actividades para transferir propiedad intelectual,,0,,0.00,
"actividades,definicion,intelectual,propiedad",activos de propiedad intelectual definicion,,0,,0.00,
"actividades,intelectual,niif,propiedad",activos de propiedad intelectual niif,,0,,0.00,
"actividades,intelectual,potencia,previa,propiedad",activos de propiedad intelectual previo potencial,,0,,0.00,
"actividades,intangibles,intelectual,propiedad",activos intangibles de propiedad intelectual,,0,,0.00,
"actividades,intangibles,intelectual,propiedad,relacion",activos intangibles no relacionados con la propiedad intelectual,,0,,0.00,
"actor,derecho,intelectual,propiedad",actores del derecho de propiedad intelectual,,0,,0.00,
"acto,intelectual,propiedad,proteccion",actos a la proteccion de la propiedad intelectual,,0,,0.00,
"actual,intelectual,propiedad",actualidad propiedad intelectual,,0,,0.00,
"actual,colombia,intelectual,propiedad",actualidad propiedad intelectual colombia,,0,,0.00,
"2019,actual,colombia,intelectual,noviembre,propiedad",actualidad propiedad intelectual colombia noviembre 2019,,0,,0.00,
"actual,colombia,intelectual,noviembre2019,propiedad",actualidad propiedad intelectual colombia noviembre2019,,0,,0.00,
"actualizar,conpes,intelectual,propiedad",actualización conpes propiedad intelectual,,0,,0.00,
"01,012,12,76mb,acuerdo,intelectual,pdf,propiedad",acuerdo 01-012 propiedad intelectual.pdf 12.76mb,,0,,0.00,
"011,acuerdo,estatuto,intelectual,propiedad,proteccion",acuerdo 011 estatuto de proteccion de la propiedad intelectual,,0,,0.00,
"035,2003,acuerdo,estatuto,intelectual,propiedad",acuerdo 035 de 2003 estatuto de propiedad intelectual,,0,,0.00,
"045,2018,acuerdo,intelectual,propiedad",acuerdo 045 del 2018 sobre la propiedad intelectual,,0,,0.00,
"06,2008,acuerdo,estatuto,intelectual,propiedad",acuerdo 06 de 2008 estatuto de propiedad intelectual,,0,,0.00,
"06,2008,acuerdo,estatuto,intelectual,propiedad,unad",acuerdo 06 de 2008 estatuto de propiedad intelectual unad,,0,,0.00,
"134,acuerdo,intelectual,propiedad",acuerdo 134 propiedad intelectual,,0,,0.00,
"157,2010,21,acuerdo,intelectual,mayo,propiedad,reglamento",acuerdo 157 21 mayo de 2010 reglamento de propiedad intelectual,,0,,0.00,
"actual,acuerdo,cartagena,intelectual,propiedad",acuerdo de cartagena actual de la propiedad intelectual,,0,,0.00,
"acuerdo,cartagena,comunidad,intelectual,propiedad,regimen",acuerdo de cartagena regimen comun sobre propiedad intelectual,,0,,0.00,
"acuerdo,cartagena,intelectual,propiedad",acuerdo de cartagena sobre propiedad intelectual,,0,,0.00,
"acuerdo,confidencialidad,intelectual,propiedad,yde",acuerdo de confidencialidad yde propiedad intelectual,,0,,0.00,
"acuerdo,derecho,intelectual,propiedad",acuerdo de derecho de propiedad intelectual,,0,,0.00,
"acuerdo,adpic,comercial,derecho,intelectual,propiedad,vinculo",acuerdo de derechos de propiedad intelectual vinculados al comercio adpic,,0,,0.00,
"acuerdo,intelectual,omc,propiedad",acuerdo de la omc sobre propiedad intelectual,,0,,0.00,
"acuerdo,intelectual,marrakech,propiedad",acuerdo de marrakech propiedad intelectual,,0,,0.00,
"acuerdo,colciencias,intelectual,propiedad",acuerdo de propiedad intelectual colciencias,,0,,0.00,
"acuerdo,alianza,casa,intelectual,propiedad",acuerdo de propiedad intelectual en el caso de alianzas,,0,,0.00,
"acuerdo,intelectual,interinstitucional,propiedad",acuerdo de propiedad intelectual interinstitucional,,0,,0.00,
"acuerdo,intelectual,omc,propiedad",acuerdo de propiedad intelectual omc,,0,,0.00,
"acuerdo,intelectual,plantilla,propiedad",acuerdo de propiedad intelectual plantilla,,0,,0.00,
"3,acuerdo,g,grupo,intelectual,propiedad,tres",acuerdo del grupo de los tres g-3 propiedad intelectual,,0,,0.00,
"057,2011,acuerdo,estatuto,intelectual,numero,propiedad,ufps",acuerdo numero 057 de 2011 ufps estatuto de propiedad intelectual,,0,,0.00,
"acuerdo,intelectual,propiedad,unal",acuerdo propiedad intelectual unal,,0,,0.00,
"acuerdo,intelectual,propiedad,unicesar",acuerdo propiedad intelectual unicesar,,0,,0.00,
"acuerdo,aire,bueno,intelectual,propiedad,universidad",acuerdo propiedad intelectual universidad de buenos aires,,0,,0.00,
"acuerdo,colombia,intelectual,nacionalde,propiedad,universidad",acuerdo propiedad intelectual universidad nacionald de colombia,,0,,0.00,
"acuerdo,em,implementos,intelectual,javeriana,propiedad",acuerdo que implementa la propiedad intelectual em la javeriana,,0,,0.00,
"acuerdo,comercial,derecho,intelectual,propiedad",acuerdo sobre derecho de propiedad intelectual en el comercio,,0,,0.00,
"acuerdo,cooperativa,economica,intelectual,propiedad,transpacifico",acuerdo transpacífico de cooperación económica propiedad intelectual,,0,,0.00,
"acuerdo,derecho,intelectual,paris,propiedad",acuerdos de paris sobre derechos de propiedad intelectual,,0,,0.00,
"2016,acuerdo,colombia,intelectual,propiedad",acuerdos de propiedad intelectual en colombia 2016,,0,,0.00,
"acuerdo,ecuador,intelectual,propiedad",acuerdos de propiedad intelectual en el ecuador,,0,,0.00,
"acuerdo,colombia,intelectual,propiedad,ratificados",acuerdos de propiedad intelectual ratificados por colombia,,0,,0.00,
"acuerdo,comercial,intelectual,propiedad,relacion",acuerdos de propiedad intelectual relacionados con el comercio,,0,,0.00,
"acuerdo,intelectual,internacionales,propiedad",acuerdos internacionales de la propiedad intelectual,,0,,0.00,
"acuerdo,colombia,intelectual,propiedad",acuerdos propiedad intelectual de colombia,,0,,0.00,
"acuerdo,intelectual,propiedad,reference",acuerdos referidos a la propiedad intelectual,,0,,0.00,
"adidas,intelectual,propiedad,puma,vs",adidas vs puma propiedad intelectual,,0,,0.00,
"administracion,derecho,intelectual,propiedad",administracion de los derechos de propiedad intelectual,,0,,0.00,
"administrativo,intelectual,propiedad,sistema",administración del sistema de propiedad intelectual,,0,,0.00,
"administrativo,china,intelectual,nacional,propiedad",administración nacional de propiedad intelectual china,,0,,0.00,
"administrativo,china,intelectual,nacional,propiedad,wi",administración nacional de propiedad intelectual china wi,,0,,0.00,
"administrativo,cnipa,intelectual,nacional,propiedad",administración nacional de propiedad intelectual cnipa,,0,,0.00,
"administrativo,cnipa,intelectual,nacional,propiedad,slideshare",administración nacional de propiedad intelectual cnipa slideshare,,0,,0.00,
"adpic,colombia,intelectual,propiedad",adpic colombia propiedad intelectual,,0,,0.00,
"adpic,comision,derecho,intelectual,propiedad",adpic comision de derechos de propiedad intelectual,,0,,0.00,
"adquirir,derecho,grado,intelectual,propiedad,tesis",adquirir los derechos de propiedad intelectual tesis de grado,,0,,0.00,
"adquirir,intelectual,propiedad",adquirir propiedad intelectual,,0,,0.00,
"adquisicion,intelectual,productos,propiedad",adquisiciones de productos y propiedad intelectual,,0,,0.00,
"afectacion,digitales,intelectual,medio,propiedad",afectacion de la propiedad intelectual en los medios digitales,,0,,0.00,
"afectacion,digital,intelectual,medio,propiedad",afectacion de la propiedad intelectual en los medios digitals,,0,,0.00,
"africa,intelectual,propiedad,side",africa sida propiedad intelectual,,0,,0.00,
"agencia,colombia,intelectual,propiedad",agencia de propiedad intelectual colombia,,0,,0.00,
"agotamiento,intelectual,propiedad",agotamiento de la propiedad intelectual,,0,,0.00,
"agotamiento,ejemplos,intelectual,propiedad",agotamiento de la propiedad intelectual ejemplos,,0,,0.00,
"agotamiento,derecho,intelectual,propiedad",agotamiento del derecho de la propiedad intelectual,,0,,0.00,
"aguacate,hass,intelectual,propiedad",aguacate hass propiedad intelectual,,0,,0.00,
"alberto,einstein,intelectual,propiedad,suiza",albert einstein propiedad intelectual de suiza,,0,,0.00,
"alberto,durero,intelectual,propiedad",alberto durero propiedad intelectual,,0,,0.00,
"alberto,durero,externa,intelectual,propiedad,revista,universidad",alberto durero revista propiedad intelectual universidad externado,,0,,0.00,
"alcance,intelectual,mundial,nivel,propiedad",alcance de la propiedad intelectual a nivel mundial,,0,,0.00,
"alcance,intelectual,propiedad,registro",alcance del registro en propiedad intelectual,,0,,0.00,
"alcance,historia,intelectual,propiedad",alcance que ha tenido en la historia la propiedad intelectual,,0,,0.00,
"alcance,intelectual,propiedad",alcances de la propiedad intelectual,,0,,0.00,
"alejandro,intelectual,propiedad,toro,vallejo",alejandro toro vallejo propiedad intelectual,,0,,0.00,
"alejandro,intelectual,morales,propiedad,toro,vallejo",alejandro toro vallejo propiedad intelectual moral,,0,,0.00,
"alejandro,intelectual,propiedad,toro,uam,vallejo",alejandro toro vallejo propiedad intelectual uam,,0,,0.00,
"alemania,intelectual,propiedad",alemania propiedad intelectual,,0,,0.00,
"alemania,intelectual,propiedad",alemania y la propiedad intelectual,,0,,0.00,
"alemania,historia,intelectual,propiedad",alemania y la propiedad intelectual historia,,0,,0.00,
"aley,intelectual,propiedad",aley de propiedad intelectual,,0,,0.00,
"alfredo,intelectual,jaramillo,propiedad,vegas",alfredo jaramillo vega propiedad intelectual,,0,,0.00,
"algoritmo,intelectual,propiedad,sensor",algoritmos sensores propiedad intelectual,,0,,0.00,
"aspectos,digital,entorno,intelectual,propiedad",algunos aspectos de la propiedad intelectual en el entorno digital,,0,,0.00,
"alianza,intelectual,pacifico,propiedad",alianza del pacifico propiedad intelectual,,0,,0.00,
"alibaba,intelectual,propiedad",alibaba propiedad intelectual,,0,,0.00,
"alimentos,intelectual,propiedad,trang",alimentos trange y la propiedad intelectual,,0,,0.00,
"alimentos,intelectual,propiedad,trangenicos",alimentos trangenicos y la propiedad intelectual,,0,,0.00,
"alimentos,intelectual,propiedad,transgenicos",alimentos transgenicos propiedad intelectual,,0,,0.00,
"amaya,colombia,intelectual,propiedad,telefono",amaya propiedad intelectual colombia telefono,,0,,0.00,
"ambito,intelectual,propiedad",ambito de la propiedad intelectual,,0,,0.00,
"ambito,intelectual,juridica,propiedad",ambito juridico propiedad intelectual,,0,,0.00,
"america,intelectual,latino,propiedad",america latina propiedad intelectual,,0,,0.00,
"america,intelectual,latino,propiedad,prueba",america latina propiedad intelectual pruebas,,0,,0.00,
"analisis,escuela,futbol,intelectual,propiedad",analisis de propiedad intelectual en escuela de futbol,,0,,0.00,
"analisis,estatuto,intelectual,pdf,propiedad,udea",analisis estatuto de propiedad intelectual udea pdf,,0,,0.00,
"analisis,intelectual,propiedad",analisis sobre la propiedad intelectual,,0,,0.00,
"andres,intelectual,manual,propiedad,rincon",andres rincon manual de propiedad intelectual,,0,,0.00,
"andresgaleano29,blogspot,como,intelectual,propiedad",andresgaleano29.blogspot.com propiedad intelectual,,0,,0.00,
"2,acuerdo,anexo,intelectual,modelo,propiedad",anexo.2.modelo.de.acuerdo.de.propiedad.intelectual,,0,,0.00,
"anicom,intelectual,propiedad",anicom propiedad intelectual,,0,,0.00,
"intelectual,patente,propiedad,registro",ante quien se registra una patente de propiedad intelectual,,0,,0.00,
"antecedentes,intelectual,pdf,propiedad",antecedentes de la propiedad intelectual pdf,,0,,0.00,
"antecedentes,historico,intelectual,propiedad",antecedentes historicos de la propiedad intelectual,,0,,0.00,
"antecedentes,historico,intelectual,pdf,propiedad",antecedentes historicos de la propiedad intelectual pdf,,0,,0.00,
"antecedentes,historico,intelectual,pdf,propiedad",antecedentes históricos de la propiedad intelectual pdf,,0,,0.00,
"antecedentes,intelectual,mundial,ompi,organizaciones,propiedad,wipe",antecedentes la organización mundial de la propiedad intelectual ompi-wipo,,0,,0.00,
"antequera,diversidad,facetas,intelectual,parilli,propiedad,ricardo",antequera parilli ricardo la propiedad intelectual en sus diversas facetas,,0,,0.00,
"intelectual,patente,propiedad",antes de la propiedad intelectual como se patentaban,,0,,0.00,
"andina,anticipo,comunidad,inherente,intelectual,propiedad",anticipación inherente comunidad andina propiedad intelectual,,0,,0.00,
"antonio,delgado,intelectual,propiedad",antonio delgado propiedad intelectual,,0,,0.00,
"2017,anuario,intelectual,propiedad",anuario de propiedad intelectual 2017,,0,,0.00,
"apariencia,botella,externa,intelectual,propiedad",apariencia externa de la botella propiedad intelectual,,0,,0.00,
"apci,asociados,colombiano,intelectual,propiedad",apci asociación colombiana de propiedad intelectual,,0,,0.00,
"api,aula,intelectual,propiedad",api aula de propiedad intelectual,,0,,0.00,
"api,intelectual,propiedad",api propiedad intelectual,,0,,0.00,
"apical,intelectual,propiedad",apic propiedad intelectual,,0,,0.00,
"aplicacion,intelectual,propiedad",aplicacion de la propiedad intelectual,,0,,0.00,
"aplicacion,emprendedoores,intelectual,propiedad",aplicacion de la propiedad intelectual emprendedoores,,0,,0.00,
"aportes,intelectual,propiedad",aportes de la propiedad intelectual,,0,,0.00,
"aportes,campo,diferencia,intelectual,propiedad",aportes de la propiedad intelectual en los diferentes campos,,0,,0.00,
"aportes,desarrollo,humano,intelectual,propiedad",aportes de la propiedad intelectual para el desarrollo humano,,0,,0.00,
"aportes,intelectual,propiedad,proteccion",aportes de la proteccion de la propiedad intelectual,,0,,0.00,
"aportes,intelectual,propiedad",aportes de propiedad intelectual,,0,,0.00,
"app,intelectual,propiedad",app propiedad intelectual,,0,,0.00,
"apple,derecho,intelectual,propiedad",apple derecho de propiedad intelectual,,0,,0.00,
"apple,derecho,intelectual,pdf,propiedad",apple derecho de propiedad intelectual pdf,,0,,0.00,
"2018,aprender,colombia,intelectual,propiedad",aprender sobre propiedad intelectual en colombia 2018,,0,,0.00,
"aprobado,intelectual,ley,propiedad",aprobada ley propiedad intelectual,,0,,0.00,
"apropiado,indebida,intelectual,propiedad",apropiación indebida de propiedad intelectual,,0,,0.00,
"apropiado,intelectual,propiedad",apropiarse de le propiedad intelectual,,0,,0.00,
"aprovado,intelectual,ley,propiedad",aprovada ley propiedad intelectual,,0,,0.00,
"aque,impuesto,intelectual,llama,propiedad",aque se le llama impuesto a la propiedad intelectual,,0,,0.00,
"argentina,intelectual,ley,principales,propiedad",argentina principales leyes sobre propiedad intelectual,,0,,0.00,
"abierto,armonizacion,ciencias,intelectual,propiedad",armonizacion ciencia abierta y propiedad intelectual,,0,,0.00,
"abierto,armonizado,ciencias,intelectual,propiedad",armonizar ciencia abierta y propiedad intelectual,,0,,0.00,
"arquitectura,intelectual,propiedad",arquitectura y propiedad intelectual,,0,,0.00,
"arquitectura,descargar,intelectual,natalia,propiedad,tobon",arquitectura y propiedad intelectual natalia tobon descargar,,0,,0.00,
"arrendamiento,intelectual,propiedad,retencion,tarifas",arrendamiento de propiedad intelectual tarifa retencion,,0,,0.00,
"1,486,arte,intelectual,propiedad",art 1 de 486 de propiedad intelectual,,0,,0.00,
"14,arte,intelectual,ley,propiedad",art 14 ley propiedad intelectual,,0,,0.00,
"00,17,20,arte,intelectual,ley,propiedad",art 17 ley 20-00 propiedad intelectual,,0,,0.00,
"25,arte,intelectual,ley,propiedad",art 25 ley propiedad intelectual,,0,,0.00,
"61,arte,imagen,intelectual,propiedad,proteccion",art 61 proteccion a la propiedad intelectual imagen,,0,,0.00,
"arte,civil,codigo,intelectual,propiedad",art de propiedad intelectual codigo civil,,0,,0.00,
"arteaga,garcia,intelectual,manual,propiedad",arteaga de garcia manual sobre propiedad intelectual,,0,,0.00,
"artesanias,co,colombia,comunidad,intelectual,madera,popayan,propiedad,taller",artesanias colombia co propiedad intelectual comunidades talla madera popayan,,0,,0.00,
"artesanias,colombia,coordinador,intelectual,propiedad",artesanias de colombia coordinador propiedad intelectual,,0,,0.00,
"artesanias,colombia,intelectual,propiedad",artesanias de colombia propiedad intelectual,,0,,0.00,
"artesanias,colombia,comunidad,intelectual,propiedad",artesanias de colombia propiedad intelectual comunidades,,0,,0.00,
"112,articulo,intelectual,propiedad",articulo 112 de la propiedad intelectual,,0,,0.00,
"167,169,1955,2019,articulo,intelectual,ley,propiedad",articulo 167 169 ley 1955 de 2019 propiedad intelectual,,0,,0.00,
"2,articulo,del,intelectual,ley,propiedad",articulo 2 dela ley de propiedad intelectual,,0,,0.00,
"2,articulo,colombia,del,intelectual,ley,propiedad",articulo 2 dela ley de propiedad intelectual en colombia,,0,,0.00,
"270,articulo,intelectual,ley,propiedad",articulo 270 ley de propiedad intelectual,,0,,0.00,
"1450,2011,28,articulo,intelectual,ley,propiedad",articulo 28 ley 1450 de 2011 propiedad intelectual,,0,,0.00,
"61,articulo,intelectual,propiedad",articulo 61 propiedad intelectual,,0,,0.00,
"671,articulo,intelectual,propiedad",articulo 671 propiedad intelectual,,0,,0.00,
"articulo,contitucion,intelectual,propiedad",articulo contitucion propiedad intelectual,,0,,0.00,
"articulo,constitucion,intelectual,nacional,propiedad",articulo de la propiedad intelectual constitucion nacional,,0,,0.00,
"articulo,colombia,constitución,intelectual,politica,propiedad",articulo de la propiedad intelectual constitución política de colombia,,0,,0.00,
"arquitecto,articulo,intelectual,propiedad",articulo de propiedad intelectual arquitecto,,0,,0.00,
"articulo,codigo,comercial,intelectual,propiedad",articulo de propiedad intelectual codigo de comercio,,0,,0.00,
"articulo,derecho,intelectual,propiedad,proteccion",articulo derecho a la protección a la propiedad intelectual,,0,,0.00,
"articulo,intelectual,propiedad,relacion",articulo relacionado con propiedad intelectual,,0,,0.00,
"articulo,intelectual,propiedad",articulo sobre la propiedad intelectual,,0,,0.00,
"aplicaciones,articulo,intelectual,propiedad",articulo sobre la propiedad intelectual de un aplicativo,,0,,0.00,
"articulo,cientifico,intelectual,propiedad",articulos cientificos propiedad intelectual,,0,,0.00,
"articulo,constitucion,intelectual,propiedad",articulos de la constitucion sobre la propiedad intelectual,,0,,0.00,
"articulo,intelectual,propiedad",articulos de la propiedad intelectual,,0,,0.00,
"articulo,colombia,intelectual,propiedad",articulos de propiedad intelectual colombia,,0,,0.00,
"2018,articulo,colombia,intelectual,propiedad",articulos de propiedad intelectual colombia 2018,,0,,0.00,
"articulo,civil,codigo,habla,intelectual,propiedad",articulos del codigo civil que hable sobre la propiedad intelectual,,0,,0.00,
"articulo,habla,intelectual,propiedad",articulos que hablan de la propiedad intelectual,,0,,0.00,
"articulo,colombia,habla,intelectual,propiedad",articulos que hablan de la propiedad intelectual en colombia,,0,,0.00,
"articulo,intelectual,propiedad",articulos sobre la propiedad intelectual,,0,,0.00,
"articulo,colombia,intelectual,propiedad",articulos sobre la propiedad intelectual en colombia,,0,,0.00,
"articulo,intelectual,propiedad",articulos sobre propiedad intelectual,,0,,0.00,
"articulo,industrial,intelectual,propiedad",articulos sobre propiedad intelectual e industrial,,0,,0.00,
"10,articulo,intelectual,ley,propiedad",artículo 10 de la ley de propiedad intelectual,,0,,0.00,
"14,articulo,intelectual,ley,propiedad",artículo 14 ley de propiedad intelectual,,0,,0.00,
"20,articulo,del,intelectual,ley,propiedad",artículo 20 dela ley de propiedad intelectual,,0,,0.00,
"28,articulo,constitucion,intelectual,propiedad,relacion",artículo 28 constitucional relación con propiedad intelectual,,0,,0.00,
"32,4,articulo,intelectual,ley,propiedad",artículo 32.4 de la ley de propiedad intelectual,,0,,0.00,
"2,35,articulo,intelectual,ley,propiedad",artículo 35.2 de la ley de propiedad intelectual,,0,,0.00,
"8,articulo,intelectual,ley,propiedad",artículo 8 de la ley de propiedad intelectual,,0,,0.00,
"articulo,intelectual,ley,propiedad,refund,texto",artículo texto refundido de la ley de propiedad intelectual,,0,,0.00,
"articulo,constitucionales,intelectual,propiedad",artículos constitucionales de la propiedad intelectual,,0,,0.00,
"articulo,colombia,intelectual,penal,propiedad",artículos penales propiedad intelectual colombia,,0,,0.00,
"aseguradora,intelectual,know,propiedad",aseguramiento del know how y propiedad intelectual,,0,,0.00,
"asesor,intelectual,propiedad",asesor propiedad intelectual,,0,,0.00,
"asesoria,intelectual,legal,propiedad",asesoria legal en propiedad intelectual,,0,,0.00,
"asesoria,colombiaç,intelectual,legal,propiedad",asesoria legal en propiedad intelectual en colombiaç,,0,,0.00,
"asesoria,colombia,intelectual,propiedad",asesoria sobre propiedad intelectual en colombia,,0,,0.00,
"asi,eeuu,intelectual,propiedad,versus",asia versus eeuu por propiedad intelectual,,0,,0.00,
"asignatura,constitución,intelectual,politica,propiedad,univalle",asignatura propiedad intelectual y constitución política univalle,,0,,0.00,
"2017,asignatura,constitución,intelectual,politica,propiedad,univalle",asignatura propiedad intelectual y constitución política univalle 2017,,0,,0.00,
"asociacion,colombiano,intelectual,propiedad,telefono",asociacion colombiana de propiedad intelectual telefono,,0,,0.00,
"asociacion,intelectual,peru,propiedad",asociacion de propiedad intelectual peru,,0,,0.00,
"asociacion,colombia,intelectual,propiedad",asociacion propiedad intelectual colombia,,0,,0.00,
"asociados,colombiano,intelectual,propiedad",asociación colombiana de la propiedad intelectual,,0,,0.00,
"asociasion,intelectual,mundial,propiedad",asociasion mundial de propiedad intelectual,,0,,0.00,
"aspectos,colombiano,intelectual,propiedad,sistema",aspecto del sistema de propiedad intelectual colombiano,,0,,0.00,
"aspectos,favor,intelectual,propiedad",aspectos a favor de la propiedad intelectual,,0,,0.00,
"aplicaciones,aspectos,intelectual,propiedad,proteger",aspectos de propiedad intelectual a proteger en una aplicación,,0,,0.00,
"aspectos,intelectual,propiedad",aspectos de propiedad intelectual que es,,0,,0.00,
"aspectos,intelectual,monografía,propiedad,trabajo",aspectos de propiedad intelectual trabajo monografico,,0,,0.00,
"aspectos,intelectual,propiedad,version",aspectos de propiedad intelectual y versionamiento,,0,,0.00,
"aspectos,economica,intelectual,propiedad",aspectos economicos de la propiedad intelectual,,0,,0.00,
"aspectos,importancia,intelectual,propiedad",aspectos importantes de la propiedad intelectual,,0,,0.00,
"aspectos,intelectual,propiedad,relacion",aspectos relacionados con propiedad intelectual,,0,,0.00,
"asuntos,conciliación,intelectual,propiedad",asuntos conciliables en propiedad intelectual,,0,,0.00,
"asuntos,intelectual,propiedad",asuntos de propiedad intelectual,,0,,0.00,
"asuntos,firma,intelectual,legal,propiedad",asuntos legales firmas propiedad intelectual,,0,,0.00,
"asuntos,intelectual,legal,propiedad",asuntos legales propiedad intelectual,,0,,0.00,
"auditoria,intelectual,propiedad",auditoria propiedad intelectual,,0,,0.00,
"aula,intelectual,propiedad",aula de propiedad intelectua,,0,,0.00,
"api,aula,intelectual,propiedad",aula de propiedad intelectual api,,0,,0.00,
"aula,colombia,intelectual,propiedad",aula de propiedad intelectual colombia,,0,,0.00,
"aula,intelectual,ppt,propiedad",aula de propiedad intelectual ppt,,0,,0.00,
"aula,intelectual,propiedad,sic",aula de propiedad intelectual sic,,0,,0.00,
"aumento,colombia,creacion,industrial,intelectual,propiedad",aumento en la creacion propiedad industrial e intelectual en colombia,,0,,0.00,
"arturo,aurelio,intelectual,nombre,propiedad",aurelio arturo propiedad intelectual nombre,,0,,0.00,
"autonomia,intelectual,propiedad",autonomia de la propiedad intelectual,,0,,0.00,
"autores,colombiano,html,intelectual,legislacin,propiedad",autor propiedad intelectual _en_la_legislacin_colombiana.html,,0,,0.00,
"autores,colombiano,html,intelectual,legislacin,propiedad",autor propiedad_intelectual_en_la_legislacin_colombiana.html,,0,,0.00,
"autores,culturales,derecho,intelectual,propiedad",autor y propiedad intelectual como derechos culturales,,0,,0.00,
"autores,intelectual,propiedad",autores de propiedad intelectual,,0,,0.00,
"autores,intelectual,propiedad",autores propiedad intelectual,,0,,0.00,
"autores,habla,intelectual,propiedad",autores que hablan sobre la propiedad intelectual,,0,,0.00,
"autores,habla,intelectual,propiedad",autores que hablen de la propiedad intelectual,,0,,0.00,
"autoria,intelectual,propiedad,titulares",autoria y titularidad propiedad intelectual,,0,,0.00,
"autores,competencias,intelectual,propiedad",autoridad competente en propiedad intelectual,,0,,0.00,
"autores,intelectual,mexicana,propiedad",autoridades mexicanas de la propiedad intelectual,,0,,0.00,
"aval,colombia,intelectual,juridica,propiedad",aval juridico de la propiedad intelectual en colombia,,0,,0.00,
"avances,intelectual,legislacion,obtener,propiedad",avances obtenidos en la legislacion de la propiedad intelectual,,0,,0.00,
"autores,aviso,derecho,intelectual,propiedad",aviso de derechos de autor y propiedad intelectual,,0,,0.00,
"aviso,derecho,intelectual,propiedad",aviso derecho de propiedad intelectual,,0,,0.00,
"1883,años,convenio,francia,intelectual,propiedad",año 1883 convenio francia propiedad intelectual,,0,,0.00,
"1886,años,berna,convenio,intelectual,propiedad",año 1886 convenio berna propiedad intelectual,,0,,0.00,
"actual,b,colombiano,intelectual,legislativo,propiedad",b la propiedad intelectual en la actual legislación colombiana,,0,,0.00,
"banco,fotos,intelectual,propiedad",banco de fotos propiedad intelectual,,0,,0.00,
"banco,intelectual,propiedad,republica",banco de la republica propiedad intelectual,,0,,0.00,
"bancolombia,intelectual,propiedad",bancolombia y la propiedad intelectual,,0,,0.00,
"banksy,intelectual,obra,propiedad",banksy y la propiedad intelectual de su obra,,0,,0.00,
"autodestruye,banksy,intelectual,obra,propiedad",banksy y la propiedad intelectual de su obra autodestruida,,0,,0.00,
"bansky,intelectual,obra,propiedad",bansky y la propiedad intelectual de su obra,,0,,0.00,
"base,datos,intelectual,propiedad,sic",base de datos sic propiedad intelectual,,0,,0.00,
"agente,base,datos,intelectual,propiedad",bases de datos de agentes de propiedad intelectual,,0,,0.00,
"base,datos,derecho,intelectual,propiedad",bases de datos derecho de propiedad intelectual,,0,,0.00,
"basham,intelectual,propiedad",basham propiedad intelectual,,0,,0.00,
"becas,intelectual,maestria,propiedad",becas para maestrias en propiedad intelectual,,0,,0.00,
"becas,intelectual,posgrados,propiedad",becas para posgrados en propiedad intelectual,,0,,0.00,
"becas,intelectual,propiedad",becas para propiedad intelectual,,0,,0.00,
"behance,fotografía,intelectual,propiedad",behance propiedad intelectual de las fotografías,,0,,0.00,
"bello,intelectual,meucci,propiedad",bell contra meucci propiedad intelectual,,0,,0.00,
"beneficios,intelectual,propiedad,salvaguarda",beneficios de salvaguardar la propiedad intelectual,,0,,0.00,
"bibliografia,intelectual,propiedad,violacion",bibliografia de la violacion a la propiedad intelectual,,0,,0.00,
"bibliografia,intelectual,propiedad",bibliografia propiedad intelectual,,0,,0.00,
"bibliografia,intelectual,propiedad",bibliografia sobre propiedad intelectual,,0,,0.00,
"bibliografia,colombia,intelectual,propiedad",bibliografia sobre propiedad intelectual en colombia,,0,,0.00,
"bicicleta,clasificacion,intelectual,propiedad",bicicletas clasificacion de la propiedad intelectual,,0,,0.00,
"bien,intelectual,juridica,propiedad",bien juridico en la propiedad intelectual,,0,,0.00,
"bien,intelectual,juridica,propiedad,proteger",bien juridico protegido propiedad intelectual,,0,,0.00,
"bien,civil,codigo,intelectual,propiedad",bienes de propiedad intelectual codigo civil,,0,,0.00,
"bien,colombia,intelectual,propiedad",bienes de propiedad intelectual colombia,,0,,0.00,
"bien,definicion,intelectual,propiedad",bienes de propiedad intelectual definicion,,0,,0.00,
"bien,inmateriales,intelectual,propiedad",bienes inmateriales propiedad intelectual,,0,,0.00,
"bien,colombia,intangibles,intelectual,propiedad",bienes intangibles propiedad intelectual colombia,,0,,0.00,
"bien,intelectual,propiedad,proteger",bienes protegidos por la propiedad intelectual,,0,,0.00,
"bien,conforman,intelectual,propiedad",bienes que conforman la propiedad intelectual,,0,,0.00,
"bien,conforman,intelectual,materiales,propiedad",bienes que conforman la propiedad intelectual son materiales,,0,,0.00,
"bien,intelectual,propiedad,rival",bienes rivales propiedad intelectual,,0,,0.00,
"bien,colombia,corea,intelectual,propiedad,servicio,sur",bienes servicios y propiedad intelectual colombia y corea del sur,,0,,0.00,
"bilsky,intelectual,kappa,propiedad,revista,v",bilski v kappos revista propiedad intelectual,,0,,0.00,
"biodiversidad,colectiva,derecho,intelectual,propiedad",biodiversidad derechos colectivos y propiedad intelectual,,0,,0.00,
"biodiversidad,colectiva,derecho,generis,intelectual,propiedad,regimen,sui",biodiversidad derechos colectivos y regimen sui generis de propiedad intelectual,,0,,0.00,
"biodiversidad,derecho,intelectual,propiedad",biodiversidad y derechos de propiedad intelectual,,0,,0.00,
"america,biodiversidad,clio,derecho,intelectual,propiedad",biodiversidad y derechos de propiedad intelectual clio america,,0,,0.00,
"biodiversidad,disputa,intelectual,propiedad",biodiversidad y propiedad intelectual en disputa,,0,,0.00,
"bionantecnologia,intelectual,propiedad",bionantecnologia propiedad intelectual,,0,,0.00,
"biotecnlogia,intelectual,patente,propiedad,seguridad",biotecnlogia de la propiedad intelectual la seguridad y las patentes,,0,,0.00,
"agro,biotecnolgogia,intelectual,propiedad",biotecnolgogia y propiedad intelectual en el agro,,0,,0.00,
"agro,biotecnolgogia,conceptual,intelectual,mapa,propiedad",biotecnolgogia y propiedad intelectual en el agro mapa conceptual,,0,,0.00,
"biotecnologia,intelectual,propiedad",biotecnologia propiedad intelectual,,0,,0.00,
"biotecnología,intelectual,patente,propiedad,seguridad",biotecnología de la propiedad intelectual la seguridad y las patentes,,0,,0.00,
"agro,biotecnología,conceptual,intelectual,mapa,propiedad",biotecnología y propiedad intelectual en el agro mapa conceptual,,0,,0.00,
"blog,intelectual,propiedad",blog de propiedad intelectual,,0,,0.00,
"blog,intelectual,propiedad,uexternado",blog propiedad intelectual uexternado,,0,,0.00,
"blog,externa,intelectual,propiedad,universidad",blog propiedad intelectual universidad externado,,0,,0.00,
"boletin,electronica,intelectual,propiedad,registro",boletin electronico registro de la propiedad intelectual,,0,,0.00,
"abogado,bolsa,intelectual,propiedad,trabajo",bolsa de trabajo abogado propiedad intelectual,,0,,0.00,
"boutique,intelectual,propiedad",boutique propiedad intelectual,,0,,0.00,
"brandon,intelectual,propiedad",brandon propiedad intelectual,,0,,0.00,
"brasil,intelectual,ley,principales,propiedad",brasil principales leyes sobre propiedad intelectual,,0,,0.00,
"brecha,intelectual,propiedad,tecnologicos",brecha tecnológica y propiedad intelectual,,0,,0.00,
"bretton,intelectual,propiedad,wood",bretton wood propiedad intelectual,,0,,0.00,
"bretton,intelectual,propiedad,wood",bretton woods propiedad intelectual,,0,,0.00,
"breuer,intelectual,moreno,propiedad",breuer moreno propiedad intelectual,,0,,0.00,
"abogado,brigard,castro,intelectual,propiedad,urrutia",brigard & urrutia abogados & brigard & castro propiedad intelectual,,0,,0.00,
"abogado,brigard,castro,intelectual,propiedad,urrutia",brigard & urrutia abogados y brigard & castro propiedad intelectual,,0,,0.00,
"brigard,intelectual,propiedad,urrutia",brigard y urrutia propiedad intelectual,,0,,0.00,
"bueno,fe,intelectual,propiedad",buena fe en propiedad intelectual,,0,,0.00,
"bueno,fe,intelectual,ip,propiedad",buena fe en propiedad intelectual ip,,0,,0.00,
"bueno,consejo,fe,intelectual,propiedad",buena fe propiedad intelectual consejo de estado,,0,,0.00,
"bueno,gestion,intelectual,practica,propiedad",buenas prácticas de gestión de la propiedad intelectual,,0,,0.00,
"abogado,bufete,intelectual,propiedad",bufete abogados de propiedad intelectual,,0,,0.00,
"abogado,bufete,intelectual,madre,propiedad",bufete abogados de propiedad intelectual en madrid,,0,,0.00,
"abogado,bufete,intelectual,madre,propiedad",bufete de abogados de propiedad intelectual en madrid,,0,,0.00,
"bufete,intelectual,juridica,propiedad",bufete juridico de propiedad intelectual,,0,,0.00,
"buro,intelectual,internacional,propiedad,proteccion,unidos",buró internacional unido para la proteccion de la propiedad intelectual,,0,,0.00,
"buscador,intelectual,propiedad",buscador de propiedad intelectual,,0,,0.00,
"buscar,fotos,intelectual,plagas,privada,propiedad",buscar fotos plageadas propiedad intelectual privada,,0,,0.00,
"buscar,gaceta,intelectual,propiedad",buscar gaceta propiedad intelectual,,0,,0.00,
"buscar,intelectual,propiedad",buscar propiedad intelectual,,0,,0.00,
"acta,c,intelectual,propiedad,universidad,valle",c acta de propiedad intelectual de la universidad del valle,,0,,0.00,
"c,intelectual,propiedad",c propiedad intelectual,,0,,0.00,
"c,intelectual,propiedad,software",c propiedad intelectual de software,,0,,0.00,
"c,intelectual,propiedad,simbolo",c propiedad intelectual simbolo,,0,,0.00,
"b,c,intelectual,propiedad,r,v",c.r.b.v y propiedad intelectual,,0,,0.00,
"allan,b,brew,c,comentarios,intelectual,propiedad,r,v",c.r.b.v y propiedad intelectual comentarios de allan r brewer,,0,,0.00,
"cache,cipi,http,intelectual,legislacion,propiedad,ula,ve,web",cache http web.ula.ve cipi legislacion-en-propiedad-intelectual,,0,,0.00,
"camara,comercial,intelectual,pasto,propiedad",camara de comercio de pasto propiedad intelectual,,0,,0.00,
"camara,comercial,gestion,intelectual,propiedad",camara de comercio gestión de propiedad intelectual,,0,,0.00,
"camara,comercial,intelectual,propiedad",camara de comercio propiedad intelectual,,0,,0.00,
"camara,comercial,intelectual,medellin,propiedad",camara de comercio propiedad intelectual medellin,,0,,0.00,
"camarasaragon,doc,industrial,innovacion,intelectual,propiedad",camarasaragon innovacion docs propiedad industrial intelectual,,0,,0.00,
"borrar,cambiar,intelectual,juegos,propiedad",cambiar propiedad intelectual sin borrar juego,,0,,0.00,
"borrar,cambiar,intelectual,juegos,propiedad,ps4",cambiar propiedad intelectual sin borrar juego ps4,,0,,0.00,
"campaña,intelectual,politica,propiedad",campaña politica y propiedad intelectual,,0,,0.00,
"campaña,intelectual,propiedad,respeto",campaña por el respeto a la propiedad intelectual,,0,,0.00,
"campode,intelectual,propiedad",campod de la propiedad intelectual,,0,,0.00,
"campo,intelectual,propiedad",campos de la propiedad intelectual,,0,,0.00,
"can,colombia,intelectual,propiedad",can propiedad intelectual colombia,,0,,0.00,
"2008,canaval,intelectual,j,manual,propiedad",canaval j 2008 manual de propiedad intelectual,,0,,0.00,
"cancion,intelectual,propiedad",canciones sin propiedad intelectual,,0,,0.00,
"canon,intelectual,propiedad",canon propiedad intelectual,,0,,0.00,
"2017,canon,intelectual,propiedad",canon propiedad intelectual 2017,,0,,0.00,
"caoso,intelectual,legal,problemas,propiedad",caosos problemas legales por propiedad intelectual,,0,,0.00,
"capacitacion,intelectual,propiedad,sic",capacitacion de la sic en propiedad intelectual,,0,,0.00,
"capacitacion,intelectual,propiedad",capacitacion propiedad intelectual,,0,,0.00,
"19,26,cali,capacitaciones,intelectual,propiedad,septiembre",capacitaciones en propiedad intelectual cali septiembre 19 y 26,,0,,0.00,
"2018,cali,capacitaciones,intelectual,propiedad,septiembte",capacitaciones en propiedad intelectual cali septiembte de 2018,,0,,0.00,
"capital,intelectual,propiedad,recibo",capital recibido en propiedad intelectual,,0,,0.00,
"capital,intelectual,propiedad,recibo,social",capital social recibido en propiedad intelectual,,0,,0.00,
"capitulo,intelectual,n,propiedad",capitulo n propiedad intelectual,,0,,0.00,
"caracteristicas,intelectual,propiedad",caracteristica de la propiedad intelectual,,0,,0.00,
"caracteristicas,intelectual,ley,propiedad",caracteristicas de la ley de propiedad intelectual,,0,,0.00,
"caracteristicas,colombia,intelectual,propiedad",caracteristicas de la propiedad intelectual en colombia,,0,,0.00,
"caracteristicas,intelectual,propiedad,titulares",caracteristicas de la titularidad de una propiedad intelectual,,0,,0.00,
"autores,caracteristicas,intelectual,propiedad",caracteristicas del autor de una propiedad intelectual,,0,,0.00,
"caracteristicas,intelectual,obtencion,propiedad,variedades,vegetales",caracteristicas variedades vegetales para obtencion de propiedad intelectual,,0,,0.00,
"caracterosticas,intelectual,propiedad",caracterosticas de las propiedad intelectual,,0,,0.00,
"caracteristicas,colombia,intelectual,propiedad,unidos",características de la propiedad intelectual en colombia y estados unidos,,0,,0.00,
"caracteristicas,intelectual,propiedad,unidos",características de la propiedad intelectual en estados unidos,,0,,0.00,
"abogado,cardenas,intelectual,propiedad",cardenas & cardenas abogados propiedad intelectual,,0,,0.00,
"cardenas,intelectual,propiedad,vegas",cardenas vega propiedad intelectual,,0,,0.00,
"carga,intelectual,propiedad,uso",cargos por el uso de la propiedad intelectual,,0,,0.00,
"carga,definicion,intelectual,propiedad,uso",cargos por el uso de la propiedad intelectual definicion,,0,,0.00,
"amaya,carlos,intelectual,propiedad",carlos amaya propiedad intelectual,,0,,0.00,
"carlos,derecho,iii,intelectual,madre,propiedad",carlos iii madrir derecho propiedad intelectual,,0,,0.00,
"carlos,correo,innovacion,intelectual,maria,propiedad",carlos maria correa propiedad intelectual innovacion,,0,,0.00,
"carlos,intelectual,parra,propiedad",carlos parra propiedad intelectual,,0,,0.00,
"carlos,intelectual,propiedad,tamayo",carlos tamayo propiedad intelectual,,0,,0.00,
"2016,carrasco,industrial,intelectual,j,propiedad",carrascosa j 2016 propiedad intelectual e industrial,,0,,0.00,
"carta,cede,intelectual,propiedad",carta ceder propiedad intelectual,,0,,0.00,
"carta,cede,intelectual,propiedad,proyecto",carta ceder propiedad intelectual proyectos,,0,,0.00,
"carta,cesion,derecho,intelectual,propiedad",carta cesion de derechos de propiedad intelectual,,0,,0.00,
"carta,colombia,contrato,intelectual,propiedad",carta contrato de propiedad intelectual colombia,,0,,0.00,
"carta,cesion,derecho,intelectual,propiedad",carta de cesion de derecho de propiedad intelectual,,0,,0.00,
"carta,cesion,derecho,intelectual,propiedad",carta de cesion de derechos de propiedad intelectual,,0,,0.00,
"carta,derecho,intelectual,propiedad,renuncia",carta de renuncia sobre derecho de propiedad intelectual,,0,,0.00,
"carta,intelectual,presente,problemas,propiedad",carta para presentar un problema de propiedad intelectual,,0,,0.00,
"carta,colciencias,intelectual,propiedad",carta propiedad intelectual colciencias,,0,,0.00,
"cartilla,intelectual,propiedad",cartilla de propiedad intelectual,,0,,0.00,
"cartilla,educacion,intelectual,ministerio,politica,propiedad",cartilla politicas de propiedad intelectual ministerio de educacion,,0,,0.00,
"caracter,intelectual,internacional,propiedad",carácter internacional de la propiedad intelectual,,0,,0.00,
"apple,casa,derecho,intelectual,pdf,propiedad",caso apple derecho de propiedad intelectual pdf,,0,,0.00,
"casa,chaperonas,intelectual,propiedad",caso chaperona propiedad intelectual,,0,,0.00,
"casa,chavo,chilindrina,intelectual,propiedad",caso chavo y chilindrina propiedad intelectual,,0,,0.00,
"casa,coco,cola,intelectual,pepsico,propiedad",caso de coca cola y pepsico por propiedad intelectual,,0,,0.00,
"casa,intelectual,mac,propiedad",caso de mac propiedad intelectual,,0,,0.00,
"casa,intelectual,pirateria,propiedad",caso de pirateria propiedad intelectual,,0,,0.00,
"casa,colombia,intelectual,plagio,propiedad",caso de plagio de propiedad intelectual colombia,,0,,0.00,
"casa,corral,intelectual,neiva,propiedad,restaurante",caso de propiedad intelectual de restaurante el corral en neiva,,0,,0.00,
"casa,corral,intelectual,neiva,propiedad",caso de propiedad intelectual del corral en neiva,,0,,0.00,
"casa,colombia,ejercito,helicoptero,intelectual,propiedad",caso de propiedad intelectual ejercito colombia helicoptero,,0,,0.00,
"casa,colombia,intelectual,propiedad",caso de propiedad intelectual en colombia,,0,,0.00,
"casa,estudio,intelectual,propiedad,uuss",caso de propiedad intelectual en uuss estudiante,,0,,0.00,
"casa,intelectual,propiedad,viola",caso de violar la propiedad intelectual,,0,,0.00,
"casa,demanda,intelectual,itunes,propiedad",caso demanda itunes propiedad intelectual,,0,,0.00,
"casa,ecoflora,intelectual,mundial,organizacion,propiedad",caso ecoflora organizacion mundial de la propiedad intelectual,,0,,0.00,
"casa,intelectual,internacional,practica,propiedad",caso practico de propiedad intelectual internacional,,0,,0.00,
"casa,intelectual,internacional,practica,propiedad",caso práctico de propiedad intelectual internacional,,0,,0.00,
"autores,casa,derecho,intelectual,propiedad",caso sobre derecho de autor y propiedad intelectual,,0,,0.00,
"casa,intelectual,propiedad",caso sobre propiedad intelectual,,0,,0.00,
"actual,casa,intelectual,propiedad,violacion",casos actuales de violacion a la propiedad intelectual,,0,,0.00,
"abuso,casa,intelectual,neiva,propiedad",casos de abuso de la propiedad intelectual en neiva,,0,,0.00,
"casa,competencias,derecho,intelectual,propiedad",casos de derecho de competencia y propiedad intelectual,,0,,0.00,
"brazil,casa,embargo,intelectual,mercancia,propiedad",casos de embargo de mercancias por propiedad intelectual en brazil,,0,,0.00,
"casa,infracciones,intelectual,propiedad",casos de infracciones a la propiedad intelectual,,0,,0.00,
"casa,intelectual,intelorancia,propiedad",casos de intelorancia en la propiedad intelectual,,0,,0.00,
"casa,intelectual,ompi,propiedad",casos de la ompi de propiedad intelectual,,0,,0.00,
"casa,derecho,infracciones,intelectual,propiedad,real,vida",casos de la vida real infraccion del derecho propiedad intelectual,,0,,0.00,
"casa,intelectual,litigio,propiedad",casos de litigio propiedad intelectual,,0,,0.00,
"casa,intelectual,marca,problemas,propiedad",casos de problemas de marcas por propiedad intelectual,,0,,0.00,
"casa,intelectual,problemas,propiedad",casos de problemas de propiedad intelectual,,0,,0.00,
"casa,intelectual,problemas,propiedad,red,social",casos de problemas de propiedad intelectual en redes sociales,,0,,0.00,
"casa,colombia,intelectual,propiedad",casos de propiedad intelectual colombia,,0,,0.00,
"casa,intelectual,propiedad",casos de propiedad intelectual en,,0,,0.00,
"casa,intelectual,mexico,propiedad",casos de propiedad intelectual en mexico,,0,,0.00,
"casa,intelectual,mexico,propiedad",casos de propiedad intelectual en méxico,,0,,0.00,
"casa,intelectual,neiva,propiedad",casos de propiedad intelectual en neiva,,0,,0.00,
"casa,intelectual,internacional,propiedad",casos de propiedad intelectual internacional,,0,,0.00,
"casa,intelectual,propiedad,sic",casos de propiedad intelectual sic,,0,,0.00,
"casa,intelectual,propiedad,robo",casos de robo de propiedad intelectual,,0,,0.00,
"artistica,casa,intelectual,propiedad,robo",casos de robo de propiedad intelectual de artistas,,0,,0.00,
"casa,fonograma,intelectual,propiedad,robo",casos de robo de propiedad intelectual de fonogramas,,0,,0.00,
"casa,intelectual,propiedad,radiodifusión,robo",casos de robo de propiedad intelectual de radiodifusión,,0,,0.00,
"casa,intelectual,propiedad,red,robo,social",casos de robo de propiedad intelectual en redes sociales,,0,,0.00,
"casa,derecho,intelectual,propiedad,violacion",casos de violacion al derecho de propiedad intelectual,,0,,0.00,
"casa,derecho,intelectual,juan,propiedad,valdez,violacion",casos de violacion al derecho de propiedad intelectual juan valdez,,0,,0.00,
"casa,intelectual,propiedad,violacion",casos de violacion de la propiedad intelectual,,0,,0.00,
"casa,colombia,intelectual,propiedad,violacion",casos de violacion de la propiedad intelectual en colombia,,0,,0.00,
"casa,intelectual,propiedad,violacion",casos de violaciones a la propiedad intelectual,,0,,0.00,
"casa,intelectual,propiedad,viola",casos donde hayan violado la propiedad intelectual,,0,,0.00,
"casa,emblematicos,intelectual,propiedad",casos emblematicos de propiedad intelectual,,0,,0.00,
"casa,emblematicos,intelectual,propiedad,usa",casos emblematicos de propiedad intelectual usa,,0,,0.00,
"casa,intelectual,intereses,propiedad",casos interesantes de propiedad intelectual,,0,,0.00,
"casa,intelectual,juridica,propiedad",casos juridicos de propiedad intelectual,,0,,0.00,
"casa,intelectual,legal,problemas,propiedad",casos problemas legales por propiedad intelectual,,0,,0.00,
"casa,colombia,intelectual,propiedad",casos propiedad intelectual colombia,,0,,0.00,
"casa,colombia,intelectual,propiedad",casos propiedad intelectual en colombia,,0,,0.00,
"casa,intelectual,propiedad,real",casos reales de propiedad intelectual,,0,,0.00,
"casa,demanda,intelectual,propiedad,real",casos reales demanda por propiedad intelectual,,0,,0.00,
"casa,demanda,grafica,intelectual,propiedad,real",casos reales demanda por propiedad intelectual grafica,,0,,0.00,
"casa,derecho,intelectual,propiedad",casos sobre derechos de propiedad intelectual,,0,,0.00,
"casa,intelectual,propiedad",casos sobre propiedad intelectual,,0,,0.00,
"autores,castigo,colombia,intelectual,propiedad,robo",castigo por robar propiedad intelectual de autor en colombia,,0,,0.00,
"castigo,colombia,intelectual,propiedad,robo",castigo por robar propiedad intelectual en colombia,,0,,0.00,
"castigo,intelectual,propiedad,robo,unidos",castigo por robar propiedad intelectual en estados unidos,,0,,0.00,
"castigo,intelectual,propiedad,robo",castigos por robo de propiedad intelectual,,0,,0.00,
"alejandro,catedral,intelectual,propiedad,toro,vallejo",catedra de propiedad intelectual alejandro toro vallejo,,0,,0.00,
"catedral,intelectual,propiedad",catedra propiedad intelectual,,0,,0.00,
"alejandro,catedral,intelectual,propiedad,toro",catedra propiedad intelectual alejandro toro,,0,,0.00,
"catedral,importancia,intelectual,propiedad",catedra propiedad intelectual importancia,,0,,0.00,
"categoria,intelectual,propiedad",categoria de la propiedad intelectual,,0,,0.00,
"categoria,derecho,intelectual,propiedad",categoria de los derechos propiedad intelectual,,0,,0.00,
"categoria,intelectual,propiedad,software",categoria de software en las propiedad intelectual,,0,,0.00,
"aplicaciones,categoria,intelectual,propiedad,software",categoria donde aplican la propiedad intelectual de software,,0,,0.00,
"animado,categoria,imagenes,intelectual,propiedad",categorias de la propiedad intelectual imagenes animadas,,0,,0.00,
"categoria,divide,intelectual,propiedad",categorias que se divide en la propiedad intelectual,,0,,0.00,
"categoría,intelectual,propiedad",categorías de propiedad intelectual,,0,,0.00,
"causas,intelectual,propiedad,violacion",causas de violación de la propiedad intelectual,,0,,0.00,
"causas,intelectual,propiedad,software,violacion",causas de violación de la propiedad intelectual de software,,0,,0.00,
"abogado,cavelier,intelectual,manual,propiedad",cavelier abogados manual de propiedad intelectual,,0,,0.00,
"autores,cderechos,colombia,intelectual,propiedad",cderechos de autor y propiedad intelectual colombia,,0,,0.00,
"cedefi,intelectual,propiedad",cedefi propiedad intelectual,,0,,0.00,
"cedepi,intelectual,propiedad",cedepi propiedad intelectual,,0,,0.00,
"cedula,derecho,intelectual,propiedad",cedulas para derechos de propiedad intelectual,,0,,0.00,
"autores,cefepime,costo,derecho,intelectual,minisite,propiedad,rico",cefepime minisites costa rica propiedad intelectual derechos autor,,0,,0.00,
"celulares,clases,intelectual,plegable,propiedad",celulares plegables que clase de propiedad intelectual tiene,,0,,0.00,
"centro,derecho,intelectual,munich,propiedad",centro de derecho de la propiedad intelectual de munich,,0,,0.00,
"centro,documentos,intelectual,propiedad",centro de documentación de la propiedad intelectual,,0,,0.00,
"centro,competir,estudio,intelectual,propiedad",centro de estudios de propiedad intelectual y de la competenci,,0,,0.00,
"centro,competencias,estudio,intelectual,propiedad",centro de estudios de propiedad intelectual y de la competencia,,0,,0.00,
"certificado,colombia,intelectual,propiedad",certificado de propiedad intelectual colombia,,0,,0.00,
"certificado,intelectual,minterior,propiedad",certificado de propiedad intelectual minterior,,0,,0.00,
"cesion,colombia,derecho,intelectual,propiedad",cesion de derechos de propiedad intelectual colombia,,0,,0.00,
"cesion,colombia,derecho,intelectual,propiedad",cesion de derechos propiedad intelectual en colombia,,0,,0.00,
"cesion,colombia,contrato,derecho,intelectual,modelo,propiedad",cesion de derechos propiedad intelectual en colombia modelo contrato,,0,,0.00,
"cesion,intelectual,propiedad,word",cesion de la propiedad intelectual word,,0,,0.00,
"cesion,intelectual,propiedad",cesion de propiedad intelectual,,0,,0.00,
"cesion,derecho,intelectual,propiedad",cesión de derechos propiedad intelectual,,0,,0.00,
"autores,cesion,colombia,derecho,intelectual,propiedad",cesión derechos de autor y propiedad intelectual colombia,,0,,0.00,
"cesion,intelectual,propiedad",cesión propiedad intelectual,,0,,0.00,
"cetedral,intelectual,propiedad",cetedra propiedad intelectual,,0,,0.00,
"charles,contemporanea,derecho,icesi,intelectual,propiedad",charla propiedad intelectual en el derecho contemporaneo icesi,,0,,0.00,
"check,gestor,intelectual,lista,propiedad,tecnnova",check list gestores de propiedad intelectual tecnnova,,0,,0.00,
"casa,china,intelectual,propiedad",china casos de propiedad intelectual,,0,,0.00,
"casa,china,intelectual,propiedad,robo",china casos robo de propiedad intelectual,,0,,0.00,
"china,encabezado,intelectual,propiedad,violacion",china encabeza violaciones de propiedad intelectual,,0,,0.00,
"china,intelectual,propiedad",china propiedad intelectual,,0,,0.00,
"china,intelectual,propiedad,robo",china roba propiedad intelectual,,0,,0.00,
"china,intelectual,propiedad,robo,unidos",china roba propiedad intelectual de estados unidos,,0,,0.00,
"china,intelectual,propiedad,robo",china robo de propiedad intelectual,,0,,0.00,
"china,intelectual,propiedad",china y la propiedad intelectual,,0,,0.00,
"ciberrevista,intelectual,propiedad,rioja,universidad",ciberrevista sobre propiedad intelectual universidad de la rioja,,0,,0.00,
"ciencias,displina,intelectual,propiedad,relacion",ciencis o displinas relacionadas con propiedad intelectual,,0,,0.00,
"cifras,colombia,intelectual,propiedad",cifras propiedad intelectual en colombia,,0,,0.00,
"cipi,intelectual,propiedad",cipi propiedad intelectual,,0,,0.00,
"biotecnologia,circuito,integral,intelectual,propiedad",circuitos integrados y biotecnologia propiedad intelectual,,0,,0.00,
"35,clases,intelectual,propiedad",clase 35 propiedad intelectual,,0,,0.00,
"clases,intelectual,licencia,propiedad",clases de licencia en propiedad intelectual,,0,,0.00,
"clases,colombia,intelectual,propiedad",clases de propiedad intelectual en colombia,,0,,0.00,
"clases,intelectual,propiedad,robo",clases de robo de propiedad intelectual,,0,,0.00,
"clases,intelectual,propiedad",clases propiedad intelectual,,0,,0.00,
"clasificacion,colombia,intelectual,propiedad",clasificacion de la propiedad intelectual en colombia,,0,,0.00,
"clasificacion,distintos,intelectual,propiedad,signo",clasificacion signos distintivos propiedad intelectual,,0,,0.00,
"clasificacion,colombia,distintos,intelectual,propiedad,signo",clasificacion signos distintivos propiedad intelectual colombia,,0,,0.00,
"clasificación,colombia,intelectual,propiedad",clasificación de la propiedad intelectual colombia,,0,,0.00,
"clasusla,intelectual,propiedad",clasuslas de propiedad intelectual,,0,,0.00,
"cede,clausula,intelectual,propiedad",clausula ceder propiedad intelectual,,0,,0.00,
"cede,clausula,diseño,grafica,intelectual,propiedad",clausula ceder propiedad intelectual diseño grafico,,0,,0.00,
"cesion,clausula,derecho,intelectual,propiedad",clausula de cesion de derechos de propiedad intelectual,,0,,0.00,
"cesion,clausula,intelectual,propiedad",clausula de cesión de propiedad intelectual,,0,,0.00,
"clausula,intelectual,patente,propiedad",clausula de patentes y propiedad intelectual,,0,,0.00,
"clausula,intelectual,propiedad",clausula de propieda intelectual,,0,,0.00,
"clausula,colombia,intelectual,propiedad",clausula de propiedad intelectual colombia,,0,,0.00,
"clausula,compartir,intelectual,propiedad",clausula de propiedad intelectual compartida,,0,,0.00,
"clausula,contrato,intelectual,propiedad,proveedores",clausula de propiedad intelectual contrato con proveedores,,0,,0.00,
"clausula,contrato,intelectual,propiedad,trabajo",clausula de propiedad intelectual contrato de trabajo,,0,,0.00,
"actualcece,clausula,contrato,intelectual,propiedad,trabajo",clausula de propiedad intelectual contrato de trabajo actualcece,,0,,0.00,
"actualicese,clausula,contrato,intelectual,propiedad,trabajo",clausula de propiedad intelectual contrato de trabajo actualicese,,0,,0.00,
"clausula,contrato,intelectual,propiedad,transporte",clausula de propiedad intelectual contrato de transporte,,0,,0.00,
"clausula,intelectual,propiedad,propuesta",clausula de propiedad intelectual de la propuesta,,0,,0.00,
"clausula,diseno,intelectual,propiedad",clausula de propiedad intelectual diseno,,0,,0.00,
"clausula,contrato,docente,intelectual,investigación,propiedad",clausula de propiedad intelectual en contrato con docentes investigadores,,0,,0.00,
"clausula,contrato,intelectual,propiedad,publico",clausula de propiedad intelectual en contrato de publicidad,,0,,0.00,
"clausula,colombia,contrato,intelectual,propiedad,publico",clausula de propiedad intelectual en contrato de publicidad colombia,,0,,0.00,
"clausula,colombia,contrato,intelectual,laboral,propiedad",clausula de propiedad intelectual en contrato laboral en colombia,,0,,0.00,
"clausula,contrato,intelectual,propiedad",clausula de propiedad intelectual en un contrato,,0,,0.00,
"clausula,intelectual,mexico,propiedad",clausula de propiedad intelectual mexico,,0,,0.00,
"clausula,intelectual,prestacion,propiedad,servicio",clausula de propiedad intelectual prestacion de servicios,,0,,0.00,
"clausula,intelectual,medidas,propiedad,software",clausula de propiedad intelectual software a la medida,,0,,0.00,
"clausula,derecho,intelectual,propiedad",clausula derechos de propiedad intelectual,,0,,0.00,
"clausula,comunidad,contrato,derecho,intelectual,propiedad,social",clausula derechos de propiedad intelectual en contrato de comunicador social,,0,,0.00,
"clausula,comunidad,contrtao,derecho,intelectual,propiedad,social",clausula derechos de propiedad intelectual en contrtao de comunicador social,,0,,0.00,
"clausula,contrato,derecho,intelectual,patrimoniales,propiedad,trabajo",clausula derechos patrimoniales propiedad intelectual en contrato de trabajo,,0,,0.00,
"clausula,intelectual,propiedad,proteger",clausula para proteger la propiedad intelectual,,0,,0.00,
"clausula,contrato,intelectual,laboral,propiedad",clausula propiedad intelectual contrato laboral,,0,,0.00,
"clausula,contrato,intelectual,propiedad,trabajo",clausula propiedad intelectual contrato trabajo,,0,,0.00,
"clausula,desarrollo,empleo,intelectual,propiedad,software",clausula propiedad intelectual empleados desarrollo software,,0,,0.00,
"clausula,convenio,intelectual,propiedad",clausula propiedad intelectual en convenios,,0,,0.00,
"clausula,comprar,intelectual,orden,propiedad",clausula propiedad intelectual en ordenes de compra,,0,,0.00,
"clausula,encarga,escrito,intelectual,propiedad",clausula propiedad intelectual escrito por encargo,,0,,0.00,
"clausula,intelectual,propiedad,proteccion",clausula proteccion propiedad intelectual,,0,,0.00,
"clausula,contrato,derecho,intelectual,propiedad,respeto,trabajo",clausula respeto derechos propiedad intelectual contrato trabajo,,0,,0.00,
"clausula,comision,icc,intelectual,propiedad",clausulas comision de propiedad intelectual icc,,0,,0.00,
"clausula,contrato,deun,intelectual,propiedad",clausulas deun contrato de propiedad intelectual,,0,,0.00,
"clausula,divulgacion,intelectual,propiedad",clausulas para la divulgacion de propiedad intelectual,,0,,0.00,
"clausula,divulgacion,ejemplos,intelectual,propiedad",clausulas para la divulgacion de propiedad intelectual ejemplo,,0,,0.00,
"clausula,creador,intelectual,propiedad,proteger",clausulas que protegen a los creadores de propiedad intelectual,,0,,0.00,
"america,biodiversidad,clio,derecho,intelectual,propiedad",clio america biodiversidad y derechos de propiedad intelectual,,0,,0.00,
"clausula,contrato,indemnity,intelectual,propiedad",cláusula de indemnidad en los contratos de propiedad intelectual,,0,,0.00,
"clausula,industrial,intelectual,propiedad",cláusula de propiedad industrial e intelectual,,0,,0.00,
"clausula,compartir,intelectual,propiedad",cláusula de propiedad intelectual compartida,,0,,0.00,
"clausula,colombia,intelectual,propiedad",cláusula de propiedad intelectual en colombia,,0,,0.00,
"clausula,colombia,contrato,intelectual,laborales,propiedad",cláusula de propiedad intelectual en contratos laborales en colombia,,0,,0.00,
"clausula,contrato,intelectual,propiedad,servicio",cláusula de propiedad intelectual en un contrato de servicios,,0,,0.00,
"clausula,contrato,intelectual,laboral,propiedad",cláusula de propiedad intelectual para un contrato laboral,,0,,0.00,
"clausula,contrato,informatica,intelectual,propiedad",cláusula de propiedad intelectual y el contrato informático,,0,,0.00,
"clausula,contrato,intelectual,laboral,propiedad",cláusula propiedad intelectual contrato laboral,,0,,0.00,
"co,debate,intelectual,propiedad,socio",co socios debaten propiedad intelectual,,0,,0.00,
"coco,cola,intelectual,propiedad,proteger",coca cola protegido por la propiedad intelectual,,0,,0.00,
"ciiu,codigo,intelectual,propiedad",codigo ciiu propiedad intelectual,,0,,0.00,
"civil,codigo,colombiano,intelectual,propiedad",codigo civil colombiano propiedad intelectual,,0,,0.00,
"civil,codigo,comercial,intelectual,propiedad",codigo civil y comercial propiedad intelectual,,0,,0.00,
"codigo,colombiano,intelectual,manejo,propiedad",codigo colombiano de manejo de propiedad intelectual,,0,,0.00,
"barra,codigo,intelectual,propiedad",codigo de barra propiedad intelectual,,0,,0.00,
"codigo,comercial,intelectual,propiedad,requisitos",codigo de comercio requisitos de la propiedad intelectual,,0,,0.00,
"codigo,colombiano,intelectual,obtentor,penal,propiedad",codigo penal colombiano obtentores propiedad intelectual,,0,,0.00,
"codigo,colombiano,intelectual,penal,propiedad",codigo penal colombiano propiedad intelectual,,0,,0.00,
"codigo,delito,intelectual,penal,propiedad",codigo penal delitos contra la propiedad intelectual,,0,,0.00,
"codigo,delito,intelectual,penal,propiedad",codigo penal delitos propiedad intelectual,,0,,0.00,
"codigo,derecho,intelectual,propiedad",codigo sobre derecho a la propiedad intelectual,,0,,0.00,
"codigocontable,intelectual,propiedad",codigocontable propiedad intelectual,,0,,0.00,
"codigo,identifica,intelectual,propiedad",codigos identificadores de propiedad intelectual,,0,,0.00,
"articulo,codigo,intelectual,propiedad",codigos y articulos sobre propiedad intelectual,,0,,0.00,
"cokrea,intelectual,propiedad",cokrea propiedad intelectual,,0,,0.00,
"colanta,intelectual,propiedad",colanta propiedad intelectual,,0,,0.00,
"colciencias,formato,intelectual,propiedad,reglas",colciencias formato reglas de propiedad intelectual,,0,,0.00,
"colciencias,guia,intelectual,propiedad",colciencias guia de propiedad intelectual,,0,,0.00,
"bogota,colegio,intelectual,logo,propiedad",colegios de bogota con logos propiedad intelectual,,0,,0.00,
"abogado,colombia,intangibles,intelectual,propiedad,valor",colombia abogados de propiedad intelectual para valorar intangibles,,0,,0.00,
"alto,colombia,intelectual,propiedad,riesgo",colombia alto riesgo para la propiedad intelectual,,0,,0.00,
"colombia,conpes,intelectual,propiedad",colombia conpes propiedad intelectual,,0,,0.00,
"colombia,cuenta,especificaciones,intelectual,legislativo,propiedad",colombia cuenta con una legislación específica sobre propiedad intelectual,,0,,0.00,
"colombia,ee,intelectual,paises,propiedad,uu,viola",colombia entre países que más violan la propiedad intelectual ee.uu,,0,,0.00,
"colombia,ee,intelectual,paises,propiedad,uu,viola",colombia entre países que más violan propiedad intelectual ee.uu,,0,,0.00,
"colombia,innovacion,intelectual,propiedad",colombia innovacion y propiedad intelectual,,0,,0.00,
"colombia,cuidados,intelectual,propiedad",colombia no cuida la propiedad intelectual,,0,,0.00,
"colombia,intelectual,mundial,organizaciones,propiedad",colombia organización mundial de la propiedad intelectual,,0,,0.00,
"colombia,intelectual,mundial,ompi,organizaciones,pertenece,propiedad",colombia pertenece a organización mundial de la propiedad intelectual ompi,,0,,0.00,
"app,colombia,intelectual,propiedad",colombia propiedad intelectual app,,0,,0.00,
"colombia,intelectual,propiedad,registro",colombia registro propiedad intelectual,,0,,0.00,
"colombiano,intelectual,propiedad",colombiano propiedad intelectual,,0,,0.00,
"articulo,comercial,intelectual,propiedad,viola",comercio de artículos que violan la propiedad intelectual,,0,,0.00,
"comercial,intelectual,propiedad",comercio propiedad intelectual,,0,,0.00,
"comercial,intelectual,propiedad,tecnologia",comercio tecnologia propiedad intelectual,,0,,0.00,
"comercial,intelectual,propiedad,tecnologicos",comercio tecnologica propiedad intelectual,,0,,0.00,
"comienza,intelectual,propiedad",comienzos de la propiedad intelectual,,0,,0.00,
"comienza,epoca,intelectual,isabelino,propiedad",comienzos de la propiedad intelectual epoca isabelina,,0,,0.00,
"comision,intelectual,intersectorial,propiedad",comision intersectorial de propiedad intelectual,,0,,0.00,
"andina,comision,intelectual,parlamento,propiedad",comision propiedad intelectual parlamento andino,,0,,0.00,
"comisiones,critica,intelectual,londres,propiedad",comisión de londres criticos de la propiedad intelectual,,0,,0.00,
"comisiones,derecho,intelectual,intersectorial,propiedad",comisión intersectorial de derechos de propiedad intelectual,,0,,0.00,
"comisiones,intelectual,intersectorial,propiedad",comisión intersectorial de propiedad intelectual,,0,,0.00,
"cipi,comisiones,intelectual,intersectorial,propiedad",comisión intersectorial de propiedad intelectual cipi,,0,,0.00,
"cipi,comisiones,decreto,intelectual,intersectorial,propiedad",comisión intersectorial de propiedad intelectual cipi decreto,,0,,0.00,
"cientifico,comite,intelectual,propiedad",comite cientifico comite propiedad intelectual que es,,0,,0.00,
"comite,intelectual,propiedad,uptc",comite de propiedad intelectual uptc,,0,,0.00,
"comite,intelectual,miembros,propiedad,uptc",comité de propiedad intelectual uptc miembros,,0,,0.00,
"afecta,empresa,intelectual,propiedad",como afecta la propiedad intelectual a las empresas,,0,,0.00,
"aplicaciones,intelectual,metodo,propiedad,qfd",como aplicar el metodo qfd a la propiedad intelectual,,0,,0.00,
"aplicaciones,colombia,empresa,intelectual,propiedad",como aplicar la propiedad intelectual a una empresa en colombia,,0,,0.00,
"apricity,intelectual,propiedad",como aprica la propiedad intelectual,,0,,0.00,
"cambiar,fecha,gaceta,intelectual,propiedad,publicacion",como cambiar fecha de publicacion gaceta de propiedad intelectual,,0,,0.00,
"citas,intelectual,propiedad",como citar propiedad intelectual,,0,,0.00,
"colombia,industrial,intelectual,propiedad,proteger",como colombia protege la propiedad intelectual e industrial,,0,,0.00,
"colombia,constitución,empresa,intelectual,propiedad",como constituir empresas de propiedad intelectual en colombia,,0,,0.00,
"consulta,fecha,intelectual,propiedad",como consultar fecha de la propiedad intelectual,,0,,0.00,
"colombia,consulta,fecha,intelectual,propiedad",como consultar fecha de la propiedad intelectual colombia,,0,,0.00,
"control,derecho,intelectual,propiedad,violacion",como controlar la violacion a los derechos de propiedad intelectual,,0,,0.00,
"colombia,crear,intelectual,propiedad",como crear la propiedad intelectual en colombia,,0,,0.00,
"cuidados,importancia,intelectual,privada,productos,propiedad",como cuidar la propiedad privada intelectual de un producto importado,,0,,0.00,
"declarar,derecho,intelectual,propiedad",como declarar derechos de propiedad intelectual,,0,,0.00,
"declarar,intelectual,propiedad",como declarar propiedad intelectual,,0,,0.00,
"acusado,defender,indebida,intelectual,propiedad,uso",como defenderse por acusación de uso indebido de propiedad intelectual,,0,,0.00,
"chef,defiende,intelectual,propiedad",como defiende los chefs su propiedad intelectual,,0,,0.00,
"demostrar,intelectual,propiedad",como demostrar propiedad intelectual,,0,,0.00,
"demostrar,documentos,intelectual,propiedad,word",como demostrar propiedad intelectual documento de word,,0,,0.00,
"determinar,indicadores,intelectual,pais,propiedad",como determinar el indice de propiedad intelectual de un pais,,0,,0.00,
"9001,documentos,intelectual,iso,propiedad,segun",como documentar la propiedad intelectual segun la iso 9001,,0,,0.00,
"consultorio,ejercicos,intelectual,propiedad",como ejercer la consultoria en propiedad intelectual,,0,,0.00,
"autores,derecho,intelectual,propiedad,surge",como el derecho de autor surge de la propiedad intelectual,,0,,0.00,
"colombiano,intelectual,manejo,propiedad",como el estado colombiano maneja la propiedad intelectual,,0,,0.00,
"intelectual,propiedad,proteger",como el estado protege la propiedad intelectual,,0,,0.00,
"creatividad,derecho,enseñanza,intelectual,manera,propiedad",como enseñar sobre derechos de propiedad intelectual de manera creativa,,0,,0.00,
"colombia,intelectual,propiedad",como es la propiedad intelectual en colombia,,0,,0.00,
"alpina,intelectual,propiedad,proteccion",como es la protección de la propiedad intelectual en alpina,,0,,0.00,
"divide,intelectual,propiedad",como esta dividida la propiedad intelectual,,0,,0.00,
"intelectual,penaliza,propiedad,robo",como esta penalizado el robo de propiedad intelectual,,0,,0.00,
"intelectual,propiedad,regular",como esta regulada la propiedad intelectual,,0,,0.00,
"colombia,intelectual,propiedad,regular",como esta regulada la propiedad intelectual de colombia,,0,,0.00,
"empresa,evaluación,intelectual,propiedad",como evaluar la propiedad intelectual de una empresa,,0,,0.00,
"evitar,intelectual,propiedad,robo",como evitar el robo de propiedad intelectual,,0,,0.00,
"evitar,intelectual,propiedad,transgresión",como evitar la transgresiones a la propiedad intelectual,,0,,0.00,
"ebay,evitar,intelectual,propiedad,viola",como evitar violar la propiedad intelectual en ebay,,0,,0.00,
"ambito,deporte,funcion,intelectual,propiedad",como funciona el ambito deportivo la propiedad intelectual,,0,,0.00,
"ambito,deporte,funcion,intelectual,propiedad",como funciona en el ambito deportivo la propiedad intelectual,,0,,0.00,
"dinero,gana,intelectual,propiedad",como ganar dinero con la propiedad intelectual,,0,,0.00,
"dinero,gana,intelectual,propiedad",como ganar dinero con propiedad intelectual,,0,,0.00,
"empresa,genero,intelectual,propiedad,valor",como genera valor la propiedad intelectual en la empresa,,0,,0.00,
"avanzado,intelectual,propiedad,sistema",como ha avanzado el sistema de propiedad intelectual,,0,,0.00,
"hacer,intelectual,propiedad,registro",como hacer para que la propiedad intelectual se registre,,0,,0.00,
"colombia,hacer,intelectual,propiedad,registro",como hacer para que la propiedad intelectual se registre colombia,,0,,0.00,
"hacer,intelectual,propiedad,registro",como hacer registro propiedad intelectual,,0,,0.00,
"documentos,hacer,intelectual,propiedad,saber",como hacer saber que un documento es de propiedad intelectual,,0,,0.00,
"hacer,intelectual,propiedad,registro",como hacer un registro de propiedad intelectual,,0,,0.00,
"colombia,hacer,intelectual,propiedad,registro",como hacer un registro de propiedad intelectual en colombia,,0,,0.00,
"demanda,hacer,intelectual,propiedad",como hacer una demanda de propiedad intelectual,,0,,0.00,
"hacer,ideas,intelectual,propiedad",como hacer una idea propiedad intelectual,,0,,0.00,
"hago,intelectual,patente,propiedad",como hago para patentar la propiedad intelectual,,0,,0.00,
"colombia,hago,intelectual,patente,propiedad",como hago para patentar la propiedad intelectual en colombia,,0,,0.00,
"empresa,impacto,intelectual,petrolera,propiedad",como impacta la propiedad intelectual en la empresa petrolera,,0,,0.00,
"desarrollo,intelectual,permite,propiedad,social",como la propiedad intelectual permite el desarrollo social,,0,,0.00,
"abierto,codigo,d,eplataforma,intelectual,legalizar,propiedad",como legalizar la propiedad intelectual d eplataformas con codigo abierto,,0,,0.00,
"clases,intelectual,manejo,propiedad",como manejar la propiedad intelectual en la clase,,0,,0.00,
"documentos,intelectual,marca,propiedad,si",como marcar un documento si tiene propiedad intelectual,,0,,0.00,
"delito,intelectual,mitigar,propiedad",como mitigar los delitos contra la propiedad intelectual,,0,,0.00,
"autores,derecho,intelectual,nacido,propiedad",como nacen los derechos de autor y la propiedad intelectual,,0,,0.00,
"intelectual,licencia,obtener,propiedad",como obtener las licencias de propiedad intelectual,,0,,0.00,
"intelectual,pago,propiedad",como pagar propiedad intelectual,,0,,0.00,
"futbol,intelectual,patente,propiedad",como patentar propiedad intelectual futbol,,0,,0.00,
"documentos,intelectual,poner,propiedad",como poner en un documento la propiedad intelectual,,0,,0.00,
"intelectual,libro,poner,propiedad",como poner en un libro propiedad intelectual,,0,,0.00,
"fotos,intelectual,poner,propiedad",como poner propiedad intelectual a una foto,,0,,0.00,
"demanda,intelectual,poner,propiedad",como poner una demanda propiedad intelectual,,0,,0.00,
"colombia,demanda,intelectual,procedimiento,propiedad",como proceder ante una demanda de propiedad intelectual colombia,,0,,0.00,
"intelectual,propiedad,proteger",como protege la propiedad intelectual,,0,,0.00,
"intelectual,propiedad,proteger,software",como proteger la propiedad intelectual de software,,0,,0.00,
"intelectual,productos,propiedad,proteger",como proteger la propiedad intelectual de un producto,,0,,0.00,
"colombia,intelectual,propiedad,proteger,proyecto",como proteger la propiedad intelectual de un proyecto en colombia,,0,,0.00,
"intelectual,propiedad,proteger,software",como proteger la propiedad intelectual de un software,,0,,0.00,
"intelectual,personas,propiedad,proteger",como proteger la propiedad intelectual de una persona,,0,,0.00,
"aula,intelectual,propiedad,proteger",como proteger la propiedad intelectual en el aula,,0,,0.00,
"colombia,educativa,instituciones,intelectual,propiedad,proteger",como proteger la propiedad intelectual en instituciones educativas en colombia,,0,,0.00,
"intelectual,mexico,propiedad,proteger",como proteger la propiedad intelectual en mexico,,0,,0.00,
"intelectual,propiedad,proteger",como proteger una propiedad intelectual,,0,,0.00,
"demanda,intelectual,propiedad,realizar,robo",como realizar una demanda por robo de propiedad intelectual,,0,,0.00,
"derecho,intelectual,propiedad,reclamar",como reclamar mis derecho de propiedad intelectual,,0,,0.00,
"autores,derecho,intelectual,propiedad,redactar",como redactar propiedad intelectual y derechos de autor,,0,,0.00,
"autores,colombia,derecho,intelectual,propiedad,redactar",como redactar propiedad intelectual y derechos de autor en colombia,,0,,0.00,
"documentos,intelectual,propiedad,referenciar",como referenciar la propiedad intelectual de un documento,,0,,0.00,
"apa,intelectual,mia,propiedad,referenciar",como referencio en apa cuando la propiedad intelectual es mia,,0,,0.00,
"colombia,derecho,intelectual,propiedad,registro",como registrar derechos de propiedad intelectual en colombia,,0,,0.00,
"artesanias,intelectual,propiedad,registro",como registrar la propiedad intelectual sobre artesania,,0,,0.00,
"intelectual,propiedad,registro",como registrar la propiedad intelectual y donde,,0,,0.00,
"intelectual,libro,propiedad,registro",como registrar un libro como propiedad intelectual,,0,,0.00,
"colombia,intelectual,libro,propiedad,registro",como registrar un libro en propiedad intelectual en colombia,,0,,0.00,
"colombia,intelectual,marca,propiedad,registro",como registrar una marca o propiedad intelectual en colombia,,0,,0.00,
"colombia,intelectual,propiedad,registro",como registrar una propiedad intelectual en colombia,,0,,0.00,
"colombia,intelectual,marca,propiedad,registro",como registro de marca propiedad intelectual colombia,,0,,0.00,
"colombia,intelectual,marca,propiedad,registro",como registro de marca propiedad intelectual en colombia,,0,,0.00,
"colombia,intelectual,marca,propiedad,registro",como registro de marca y propiedad intelectual en colombia,,0,,0.00,
"intelectual,propiedad,proyecto,registro",como registro propiedad intelectual de un proyecto,,0,,0.00,
"campaña,facebook,intelectual,propiedad,reporte,una",como reportar unas campañas en facebook de propiedad intelectual,,0,,0.00,
"diferencia,intelectual,propiedad,resolver",como resolver diferencias en propiedad intelectual,,0,,0.00,
"intelectual,propiedad,robo",como roban propiedad intelectual,,0,,0.00,
"intelectual,propiedad,robo",como robar propiedad intelectual,,0,,0.00,
"aplicaciones,intelectual,propiedad,saber",como saber como aplicar la propiedad intelectual,,0,,0.00,
"intelectual,propiedad,saber",como saber la propiedad intelectual,,0,,0.00,
"afecta,intelectual,propiedad",como se afecta la propiedad intelectual,,0,,0.00,
"aplicaciones,intelectual,ley,propiedad,software",como se aplica la ley de propiedad intelectual al software,,0,,0.00,
"aplicaciones,industrial,intelectual,propiedad",como se aplica la propiedad intelectual e industrial,,0,,0.00,
"calcular,costo,fabricacion,intelectual,propiedad",como se calculan costos de fabricacion de propiedad intelectual,,0,,0.00,
"componen,intelectual,propiedad",como se compone la propiedad intelectual,,0,,0.00,
"conocimiento,digitales,intelectual,medio,propiedad",como se conoce una propiedad intelectual en los medios digitales,,0,,0.00,
"contabilizar,intelectual,propiedad",como se contabiliza la propiedad intelectual,,0,,0.00,
"cumple,intelectual,japom,propiedad",como se cumple la propiedad intelectual en japom,,0,,0.00,
"cumple,intelectual,japon,propiedad",como se cumple la propiedad intelectual en japon,,0,,0.00,
"cumple,intelectual,mexico,propiedad",como se cumple la propiedad intelectual en mexico,,0,,0.00,
"debe,intelectual,presente,propiedad",como se debe presentar una propiedad intelectual,,0,,0.00,
"denomina,digitales,intelectual,medio,propiedad",como se denomina la propiedad intelectual en los medios digitales,,0,,0.00,
"divivde,intelectual,propiedad",como se divivde la propieda intelectual,,0,,0.00,
"colombioa,extingue,intelectual,propiedad",como se extingue la propiedad intelectual colombioa,,0,,0.00,
"hacer,intelectual,propiedad,proteccion",como se hace la proteccion de la propiedad intelectual,,0,,0.00,
"colombia,hacer,intelectual,propiedad,registro",como se hace un registro de propiedad intelectual en colombia,,0,,0.00,
"colombia,intelectual,licencia,propiedad",como se licencia la propiedad intelectual en colombia,,0,,0.00,
"diversidad,forma,intelectual,licencia,propiedad",como se licencia las diversas formas de propiedad intelectual,,0,,0.00,
"intelectual,llama,propiedad,robo",como se llama al robo de propiedad intelectual,,0,,0.00,
"componen,identidad,intelectual,llama,propiedad",como se llama la identidad que compone la propiedad intelectual,,0,,0.00,
"intelectual,llama,propiedad,respeto",como se llama no respetar la propiedad intelectual,,0,,0.00,
"abuso,intelectual,llama,propiedad",como se llaman los abusadores de propiedad intelectual,,0,,0.00,
"intelectual,internet,manejo,propiedad",como se maneja la propiedad intelectual antes del internet,,0,,0.00,
"colombina,intelectual,manejo,prensa,propiedad",como se maneja la propiedad intelectual en la prensa colombina,,0,,0.00,
"colombiano,intelectual,manejo,propiedad,radio",como se maneja la propiedad intelectual en la radio colombiana,,0,,0.00,
"intelectual,internet,manejo,propiedad",como se manejaba la propiedad intelectual antes del internet,,0,,0.00,
"intelectual,obtiene,propiedad",como se obtiene la propiedad intelectual,,0,,0.00,
"delito,intelectual,peudedn,prevenir,propiedad",como se peudedn prevenir delitos contra la propiedad intelectual,,0,,0.00,
"intelectual,propiedad,proteger,tlcan",como se protege la propiedad intelectual en el tlcan,,0,,0.00,
"contrato,intelectual,internacionales,propiedad,proteger",como se protege la propiedad intelectual en los contratos internacionales,,0,,0.00,
"contrato,intelectual,internacional,propiedad,proteger",como se protege la propiedad intelectual en un contrato internacional,,0,,0.00,
"intelectual,legal,propiedad,proteger",como se protege legalmente la propiedad intelectual,,0,,0.00,
"constitucionales,intelectual,legal,propiedad,proteger",como se protege legalmente y constitucionalmente la propiedad intelectual,,0,,0.00,
"derecho,intelectual,propiedad,proteger",como se protegen los derechos de propiedad intelectual,,0,,0.00,
"clombia,intelectual,propiedad,proteje",como se proteje la propiedad intelectual en clombia,,0,,0.00,
"delito,intelectual,prevenir,propiedad,puede",como se pueden prevenir delitos contra la propiedad intelectual,,0,,0.00,
"derecho,intelectual,propiedad,robo",como se que me robaron los derechos de propiedad intelectual,,0,,0.00,
"derecho,intelectual,propiedad,robo",como se que me robaron os derechos de propiedad intelectual,,0,,0.00,
"colombia,intelectual,propiedad,reclamar",como se reclama la propiedad intelectual en colombia,,0,,0.00,
"contabilidad,intelectual,propiedad,registro",como se registra la propiedad intelectual en la contabilidad,,0,,0.00,
"colombia,intelectual,propiedad,reglamento",como se reglamenta la propiedad intelectual en colombia,,0,,0.00,
"hurtado,intelectual,propiedad,regular,unidos",como se regula el hurto propiedad intelectual en estados unidos,,0,,0.00,
"intelectual,propiedad,regular",como se regula la propiedad intelectual,,0,,0.00,
"colombia,intelectual,propiedad,regular",como se regula la propiedad intelectual en colombia,,0,,0.00,
"industrial,intelectual,propiedad,relacion",como se relaciona la propiedad industrial con la propiedad intelectual,,0,,0.00,
"intelectual,propiedad,relacion,wikipedia",como se relaciona la propiedad intelectua en wikipedia,,0,,0.00,
"intelectual,propiedad,relacion,wikipedia",como se relaciona la propiedad intelectual en wikipedia,,0,,0.00,
"intelectual,propiedad,representa",como se representa una propiedad intelectual,,0,,0.00,
"colombia,intelectual,propiedad,rige",como se rige la propiedad intelectual en colombia,,0,,0.00,
"c,intelectual,propiedad,usa",como se usa la c de propiedad intelectual,,0,,0.00,
"intelectual,propiedad,verificación",como se verifica la propiedad intelectual,,0,,0.00,
"intelectual,propiedad,proteccion,vulnerabilidad",como se vulnera a la protección de la propiedad intelectual,,0,,0.00,
"agente,intelectual,paraguay,propiedad,ser",como ser agente de la propiedad intelectual en paraguay,,0,,0.00,
"intelectual,permiso,propiedad,solicitar,uso",como solicitar permiso para el uso de propiedad intelectual,,0,,0.00,
"intelectual,propiedad,tener",como tener la propiedad intelectual,,0,,0.00,
"infringir,intelectual,normas,propiedad,tener,tienda",como tener una tienda sin infringir normas de propiedad intelectual,,0,,0.00,
"clases,intelectual,propiedad,trabajo",como trabajo lo propiedad intelectual en la clase,,0,,0.00,
"intelectual,licencia,propiedad,usar",como usar licencias de propiedad intelectual,,0,,0.00,
"autores,derecho,intelectual,propiedad,va",como va mi derechos de autor y propiedad intelectual,,0,,0.00,
"intelectual,propiedad,valor",como valorar la propiedad intelectual,,0,,0.00,
"intelectual,portafolio,propiedad,valor",como valorar portafolio de propiedad intelectual,,0,,0.00,
"autores,comparacion,derecho,intelectual,propiedad",comparacion de derechos de autor y propiedad intelectual,,0,,0.00,
"comlombiano,compañia,intelectual,propiedad",compañia comlombiana de propiedad intelectual,,0,,0.00,
"competencias,consumo,intelectual,propiedad",competencia consumo y propiedad intelectual,,0,,0.00,
"colombia,competencias,intelectual,proceso,propiedad",competencia de procesos de propiedad intelectual en colombia,,0,,0.00,
"competencias,desleal,intelectual,propiedad",competencia desleal y propiedad intelectual,,0,,0.00,
"competencias,economica,intelectual,propiedad",competencia economica y propiedad intelectual,,0,,0.00,
"competencias,director,especificaciones,grado,intelectual,propiedad",competencia específica grado de director propiedad intelectual,,0,,0.00,
"competencias,especificaciones,gestion,grado,innovacion,intelectual,propiedad",competencia específica grado de gestión innovacion propiedad intelectual,,0,,0.00,
"competencias,creatividad,especificaciones,explotación,industrial,intelectual,propiedad",competencia específica industrias creativs explota propiedad intelectual,,0,,0.00,
"competencias,especificaciones,gestion,innovacion,intelectual,posgrados,propiedad",competencia específica posgrado de gestión innovacion propiedad intelectual,,0,,0.00,
"competencias,especificaciones,intelectual,pregrado,propiedad",competencia específica pregrado propiedad intelectual,,0,,0.00,
"competencias,especificaciones,intelectual,propiedad",competencia específica propiedad intelectual,,0,,0.00,
"competencias,especificaciones,explotación,intelectual,propiedad,proteje",competencia específica proteje y explota la propiedad intelectual,,0,,0.00,
"competencias,especificaciones,grado,intelectual,propiedad",competencias específicas grado propiedad intelectual,,0,,0.00,
"complementacion,intelectual,marcaria,propiedad",complementacion marcaria propiedad.intelectual,,0,,0.00,
"autores,comportamiento,derecho,etica,intelectual,propiedad",comportamiento etico con el derecho de autor y propiedad intelectual,,0,,0.00,
"aplicaciones,comprar,derecho,intelectual,propiedad",comprar los derechos de propiedad intelectual de las aplicaciones,,0,,0.00,
"autores,compromiso,derecho,intelectual,propiedad,respeto",compromiso a respetar los derechos de autor y propiedad intelectual,,0,,0.00,
"abogado,cali,computrabajo,intelectual,propiedad",computrabajo abogado cali propiedad intelectual,,0,,0.00,
"andina,comunidad,intelectual,nacional,propiedad",comunidad andina de naciones propiedad intelectual,,0,,0.00,
"andina,comunidad,intelectual,propiedad",comunidad andina para la propiedad intelectual,,0,,0.00,
"colombia,industrial,intelectual,propiedad,proteger",con que protege la propiedad intelectual e industrial colombia,,0,,0.00,
"industrial,intelectual,propiedad,proteger",con que protegen la propiedad intelectual e industrial,,0,,0.00,
"concepto,intelectual,plagio,propiedad,robo",concepto de plagio o robo de propiedad intelectual,,0,,0.00,
"colectiva,concepto,intelectual,propiedad",concepto de propiedad intelectual colectiva,,0,,0.00,
"colombia,concepto,intelectual,propiedad",concepto de propiedad intelectual colombia,,0,,0.00,
"colombia,concepto,intelectual,legislacion,propiedad",concepto de propiedad intelectual colombia legislacion,,0,,0.00,
"23,colombia,concepto,intelectual,ley,propiedad",concepto de propiedad intelectual colombia ley 23,,0,,0.00,
"colombia,concepto,intelectual,ley,propiedad",concepto de propiedad intelectual colombia leyes,,0,,0.00,
"colombia,concepto,intelectual,propiedad",concepto de propiedad intelectual en colombia,,0,,0.00,
"concepto,derecho,intelectual,propiedad",concepto de propiedad intelectual en derecho,,0,,0.00,
"concepto,derecho,intelectual,mercantil,propiedad",concepto de propiedad intelectual en derecho mercantil,,0,,0.00,
"concepto,digital,intelectual,mundo,propiedad",concepto de propiedad intelectual en el mundo digital,,0,,0.00,
"concepto,informatica,intelectual,propiedad",concepto de propiedad intelectual en informatica,,0,,0.00,
"concepto,informatica,intelectual,propiedad",concepto de propiedad intelectual en informática,,0,,0.00,
"concepto,intelectual,mexico,propiedad",concepto de propiedad intelectual en mexico,,0,,0.00,
"concepto,intelectual,propiedad,venezuela",concepto de propiedad intelectual en venezuela,,0,,0.00,
"concepto,intelectual,ompi,propiedad",concepto de propiedad intelectual ompi,,0,,0.00,
"concepto,intelectual,pdf,propiedad",concepto de propiedad intelectual pdf,,0,,0.00,
"concepto,intelectual,ompi,propiedad,segun",concepto de propiedad intelectual segun la ompi,,0,,0.00,
"antecedentes,concepto,historico,intelectual,propiedad",concepto de propiedad intelectual y antecedentes históricos,,0,,0.00,
"america,concepto,intelectual,latino,propiedad,valor",concepto de valor en la propiedad intelectual en america latina,,0,,0.00,
"concepto,dian,explotacion,intelectual,propiedad",concepto dian explotacion propiedad intelectual,,0,,0.00,
"concepto,intelectual,juridica,propiedad",concepto juridico de propiedad intelectual,,0,,0.00,
"colombia,concepto,intelectual,propiedad,registro",concepto registro de propiedad intelectual colombia,,0,,0.00,
"basico,concepto,intelectual,propiedad",conceptos basicos propiedad intelectual,,0,,0.00,
"basico,concepto,intelectual,propiedad",conceptos básicos de propiedad intelectual,,0,,0.00,
"autores,concepto,derecho,intelectual,propiedad",conceptos de derechos de autor y propiedad intelectual,,0,,0.00,
"autores,concepto,derecho,intelectual,plagio,propiedad",conceptos de propiedad intelectual derecho de autor y plagio,,0,,0.00,
"concepto,economica,intelectual,juridica,naranja,propiedad",conceptos juridico economía naranja de la propiedad intelectual,,0,,0.00,
"colombia,conceptualización,intelectual,juridica,plagio,propiedad",conceptualización jurídica del plagio en colombia propiedad intelectual,,0,,0.00,
"conciliacion,derecho,intelectual,morales,propiedad",conciliacion de los derechos morales en la propiedad intelectual,,0,,0.00,
"conciliacion,derecho,infracciones,intelectual,propiedad",conciliacion en infraccion de derecho de propiedad intelectual,,0,,0.00,
"conciliacion,intelectual,propiedad",conciliacion sobre propiedad intelectual,,0,,0.00,
"conciliación,intelectual,propiedad",conciliación en propiedad intelectual,,0,,0.00,
"acerca,conclusion,intelectual,propiedad",conclusion acerca de la propiedad intelectual,,0,,0.00,
"conclusion,intelectual,propiedad",conclusion contra la propiedad intelectual,,0,,0.00,
"conclusion,intelectual,propiedad",conclusion de la propiedad intelectual,,0,,0.00,
"colombia,conclusion,intelectual,propiedad",conclusion de propiedad intelectual colombia,,0,,0.00,
"conclusion,intelectual,propiedad,trabajo",conclusion de un trabajo de propiedad intelectual,,0,,0.00,
"colombia,conclusion,intelectual,propiedad",conclusion propiedad intelectual en colombia,,0,,0.00,
"conclusion,ensayo,intelectual,pdf,propiedad",conclusion propiedad intelectual ensayo pdf+++,,0,,0.00,
"conclusion,intelectual,patente,propiedad",conclusion sobre patentes y propiedad intelectual,,0,,0.00,
"conclusion,intelectual,propiedad",conclusion sobre propiedad intelectual,,0,,0.00,
"conclusiones,crear,empresa,intelectual,propiedad",conclusiones de crear empresa y la propiedad intelectual,,0,,0.00,
"conclusiones,intelectual,propiedad",conclusiones sobre la propiedad intelectual,,0,,0.00,
"conclusiones,intelectual,propiedad,trabajo",conclusiones sobre trabajo de propiedad intelectual,,0,,0.00,
"concurrencia,derecho,intelectual,propiedad",concurrencia de derechos de propiedad intelectual,,0,,0.00,
"concurrencia,derecho,intelectual,pacanchique,propiedad,rubiela,vargas",concurrencia de derechos de propiedad intelectual por rubiela pacanchique vargas,,0,,0.00,
"concurso,intelectual,propiedad",concurso de propiedad intelectual,,0,,0.00,
"cavelier,concurso,ensayo,intelectual,propiedad",concurso ensayo cavelier propiedad intelectual,,0,,0.00,
"concurso,intelectual,propiedad",concurso propiedad intelectual,,0,,0.00,
"concurso,intelectual,omc,propiedad",concurso propiedad intelectual omc,,0,,0.00,
"clausula,concurso,intelectual,propiedad,proyecto",concursos proyectos and clausula propiedad intelectual,,0,,0.00,
"condiciones,intelectual,propiedad,reciprocidad",condicion de reciprocidad propiedad intelectual,,0,,0.00,
"condiciones,empresa,intelectual,propiedad,uso",condiciones uso propiedad intelectual en empresas,,0,,0.00,
"conflicto,intelectual,propiedad",conflicto de propiedad intelectual,,0,,0.00,
"conflicto,creacion,facebook,intelectual,propiedad",conflicto por la creación de facebook propiedad intelectual,,0,,0.00,
"actual,colombia,conflicto,intelectual,propiedad",conflictos actuales de propiedad intelectual en colombia,,0,,0.00,
"conflicto,intelectual,propiedad",conflictos de propiedad intelectual,,0,,0.00,
"2017,conflicto,intelectual,propiedad,sic",conflictos de propiedad intelectual 2017 sic,,0,,0.00,
"conflicto,intelectual,propiedad",conflictos de propiedad intelectual que es,,0,,0.00,
"conflicto,intelectual,propiedad,u",conflictos de propiedad intelectual u otros,,0,,0.00,
"anual,congreso,externa,intelectual,propiedad",congreso anual de propiedad intelectual externado,,0,,0.00,
"congreso,intelectual,propiedad",congreso de propiedad intelectual,,0,,0.00,
"2018,congreso,intelectual,propiedad",congreso de propiedad intelectual 2018,,0,,0.00,
"colombia,congreso,intelectual,propiedad",congreso de propiedad intelectual colombia,,0,,0.00,
"congreso,españa,intelectual,propiedad",congreso de propiedad intelectual españa,,0,,0.00,
"2018,congreso,intelectual,internacional,propiedad",congreso internacional de propiedad intelectual 2018,,0,,0.00,
"2019,congreso,intelectual,propiedad",congreso propiedad intelectual 2019,,0,,0.00,
"bogota,conferencia,congreso,intelectual,propiedad",congresos conferencias propiedad intelectual bogota,,0,,0.00,
"2018,congreso,intelectual,propiedad",congresos propiedad intelectual 2018,,0,,0.00,
"conjunto,derecho,intelectual,propiedad",conjunto de derechos en la propiedad intelectual,,0,,0.00,
"ancestral,conocimiento,intelectual,propiedad",conocimiento ancestral propiedad intelectual,,0,,0.00,
"ancestral,conocimiento,intelectual,propiedad",conocimiento ancestral y propiedad intelectual,,0,,0.00,
"conocimiento,intelectual,propiedad,tradicional",conocimiento tradicional propiedad intelectual,,0,,0.00,
"conocimiento,intelectual,propiedad",conocimiento y propiedad intelectual,,0,,0.00,
"conocimiento,intelectual,propiedad",conocimientos sobre propiedad intelectual,,0,,0.00,
"3,533,conpes,intelectual,propiedad",conpes 3.533 sobre propiedad intelectual,,0,,0.00,
"3533,conpes,intelectual,propiedad",conpes 3533 propiedad intelectual,,0,,0.00,
"conpes,intelectual,propiedad",conpes de propiedad intelectual,,0,,0.00,
"2017,conpes,intelectual,propiedad",conpes propiedad intelectual 2017,,0,,0.00,
"consecuencias,intelectual,propiedad,vulneracion",consecuencias de la vulneracion de propiedad intelectual,,0,,0.00,
"acatar,consecuencias,intelectual,normatividad,propiedad",consecuencias de no acatar la normativa de la propiedad intelectual,,0,,0.00,
"consecuencias,intelectual,propiedad,respeto",consecuencias de no respetar la propiedad intelectual,,0,,0.00,
"ciberespacio,consecuencias,intelectual,propiedad,temas",consecuencias del ciberespacio en el tema de la propiedad intelectual,,0,,0.00,
"consecuencias,intelectual,propiedad,uso",consecuencias del uso de propiedad intelectual,,0,,0.00,
"consecuencias,intelectual,propiedad",consecuencias propiedad intelectual,,0,,0.00,
"consejo,definicion,intelectual,propiedad",consejo de estado definicion propiedad intelectual,,0,,0.00,
"consejo,intelectual,propiedad",consejo de estado propiedad intelectual,,0,,0.00,
"consejo,intelectual,marcela,palacioi,propiedad,sabias",consejo de sabios propiedad intelectual marcela palacioi,,0,,0.00,
"considera,etica,intelectual,propiedad",consideraciones eticas y de propiedad intelectual,,0,,0.00,
"constancia,derecho,intelectual,propiedad,renuncia",constancia de renuncia al derecho de propiedad intelectual,,0,,0.00,
"colombia,constitucion,intelectual,propiedad",constitucion de colombia propiedad intelectual,,0,,0.00,
"91,ala,constitucion,derecho,intelectual,propiedad",constitucion del 91 derecho ala propiedad intelectual,,0,,0.00,
"colombia,constitucion,intelectual,politica,propiedad,proteccion",constitucion politica de colombia proteccion a la propiedad intelectual,,0,,0.00,
"constitución,intelectual,propiedad",constitución y propiedad intelectual,,0,,0.00,
"anguita,constitución,intelectual,luis,propiedad",constitución y propiedad intelectual de luis anguita,,0,,0.00,
"constitución,intelectual,pdf,propiedad",constitución y propiedad intelectual pdf,,0,,0.00,
"consulta,demanda,intelectual,propiedad",consulta de demanda de propiedad intelectual,,0,,0.00,
"consulta,intelectual,propiedad",consulta de propiedad intelectual,,0,,0.00,
"colombia,consulta,intelectual,propiedad",consulta de propiedad intelectual colombia,,0,,0.00,
"consulta,general,intelectual,propiedad,registro",consultar el registro general de la propiedad intelectual,,0,,0.00,
"consulta,intelectual,numero,propiedad,registro",consultar numero de registro de propiedad intelectual,,0,,0.00,
"colombia,consulta,intelectual,propiedad",consultar propiedad intelectual colombia,,0,,0.00,
"consumidor,intelectual,propiedad",consumidor con la propiedad intelectual,,0,,0.00,
"consumidor,intelectual,propiedad,ver",consumidor tiene que ver propiedad intelectual,,0,,0.00,
"comercial,competencias,consumo,derecho,intelectual,propiedad,tension",consumo propiedad intelectual y competencia tensiones con el derecho comercial,,0,,0.00,
"contenido,curso,gestion,intelectual,propiedad",contenido curso de gestión de la propiedad intelectual,,0,,0.00,
"contenido,intelectual,propiedad",contenido de la propiedad intelectual,,0,,0.00,
"contenido,derecho,intelectual,propiedad",contenido de los derechos de propiedad intelectual,,0,,0.00,
"contenido,intelectual,libro,propiedad",contenido libre de propiedad intelectual,,0,,0.00,
"colombia,contenido,intelectual,propiedad",contenido propiedad intelectual en colombia,,0,,0.00,
"contenido,intelectual,propiedad",contenidos de la propiedad intelectual,,0,,0.00,
"contenido,descrision,fisica,intelectual,propiedad",contenidos de propiedad intelectual y descrision fisica,,0,,0.00,
"contenido,intelectual,propiedad",contenidos propiedad intelectual,,0,,0.00,
"colombia,contituye,intelectual,politica,propiedad,protegere",contitución politica de colombia el estado protegera la propiedad intelectual,,0,,0.00,
"epub,intelectual,propiedad",contra la propiedad intelectual epub,,0,,0.00,
"intelectual,propiedad,steffen",contra la propiedad intelectual steffan,,0,,0.00,
"contratacion,derecho,directo,intelectual,ostentoso,propiedad",contratacion directa por ostentar derechos propiedad intelectual,,0,,0.00,
"contratacion,intelectual,internacional,marca,patente,propiedad",contratacion internacional de marcas y patentes propiedad intelectual,,0,,0.00,
"contratacion,intelectual,propiedad",contratacion propiedad intelectual,,0,,0.00,
"contratacion,contrato,intelectual,prestacion,propiedad,servicio",contratacion propiedad intelectual en contrato de prestacion de servicios,,0,,0.00,
"contrato,intelectual,propiedad",contratación propiedad intelectual,,0,,0.00,
"cesion,contrato,derecho,explotacion,intelectual,propiedad",contrato cesion derechos explotacion propiedad intelectual,,0,,0.00,
"asistencia,contrato,intelectual,propiedad,tecnica",contrato con asistencia tecnica y propiedad intelectual,,0,,0.00,
"confidencialidad,contrato,intelectual,propiedad",contrato de confidencialidad para propiedad intelectual,,0,,0.00,
"contrato,creacion,intelectual,propiedad,publicitarios",contrato de creación publicitaria y propiedad intelectual,,0,,0.00,
"contrato,derecho,industrial,intelectual,propiedad",contrato de derecho de propiedad intelectual e industrial,,0,,0.00,
"contrato,encarga,intelectual,obra,propiedad",contrato de encargo de obra en propiedad intelectual,,0,,0.00,
"contrato,derecho,explotacion,intelectual,patente,propiedad",contrato de explotacion de una patente propiedad intelectual derechos,,0,,0.00,
"contrato,españa,freelance,intelectual,ley,propiedad",contrato de freelance propiedad intelectual españa ley,,0,,0.00,
"contrato,general,intelectual,licencia,propiedad",contrato de licencia de propiedad intelectual generalidades,,0,,0.00,
"contrato,intelectual,licencia,propiedad",contrato de licencia propiedad intelectual,,0,,0.00,
"contrato,intelectual,maquila,propiedad",contrato de maquila propiedad intelectual,,0,,0.00,
"contrato,intelectual,obra,propiedad",contrato de obra propiedad intelectual,,0,,0.00,
"contrato,españa,intelectual,ley,prestacion,propiedad,servicio",contrato de prestacion de servicios propiedad intelectual españa ley,,0,,0.00,
"caracteristicas,contrato,intelectual,propiedad",contrato de propiedad intelectual caracteristicas,,0,,0.00,
"colombia,contrato,intelectual,propiedad",contrato de propiedad intelectual colombia,,0,,0.00,
"contrato,english,intelectual,propiedad",contrato de propiedad intelectual english,,0,,0.00,
"contrato,intelectual,modal,propiedad",contrato de propiedad intelectual modalidades,,0,,0.00,
"contrato,intelectual,modelo,natural,personas,propiedad",contrato de propiedad intelectual persona natural modelo,,0,,0.00,
"contrato,intelectual,propiedad",contrato de propiedad intelectual que es,,0,,0.00,
"autores,contrato,derecho,intelectual,propiedad",contrato de propiedad intelectual y derechos de autor,,0,,0.00,
"contrato,intelectual,propiedad,proteccion",contrato de proteccion de propiedad intelectual,,0,,0.00,
"contrato,intelectual,propiedad,publico",contrato de publicidad y propiedad intelectual,,0,,0.00,
"colombia,contrato,intelectual,propiedad,publico",contrato de publicidad y propiedad intelectual colombia,,0,,0.00,
"contrato,españa,intelectual,ley,propiedad,servicio",contrato de servicios propiedad intelectual españa ley,,0,,0.00,
"clausula,contrato,intelectual,propiedad,trabajo",contrato de trabajo clausula de propiedad intelectual,,0,,0.00,
"contrato,derecho,intelectual,propiedad",contrato derechos de propiedad intelectual,,0,,0.00,
"contrato,intelectual,licencia,propiedad,software",contrato licencia de software propiedad intelectual,,0,,0.00,
"contrato,general,intelectual,licencia,propiedad,software",contrato licencia de software propiedad intelectual generalidades,,0,,0.00,
"contrato,intelectual,propiedad,utiliza",contrato por utilizar la propiedad intelectual,,0,,0.00,
"contrato,diseño,grafica,intelectual,propiedad",contrato propiedad intelectual diseño grafico,,0,,0.00,
"contrato,intelectual,musicales,obra,propiedad,validez",contrato sobre propiedad intelectual y obras musicales validez,,0,,0.00,
"contrato,intelectual,propiedad,software",contrato software propiedad intelectual,,0,,0.00,
"autentica,contrato,intelectual,propiedad",contratos de propiedad intelectual autenticos,,0,,0.00,
"contrato,empresa,intelectual,propiedad,socio",contratos de propiedad intelectual entre empresas y socios,,0,,0.00,
"contrato,intelectual,propiedad,proteccion",contratos de proteccion de la propiedad intelectual,,0,,0.00,
"contrato,intelectual,propiedad,proteccion",contratos de protección de la propiedad intelectual,,0,,0.00,
"contrato,intelectual,internacionales,propiedad",contratos internacionales de la propiedad intelectual,,0,,0.00,
"colombia,contrato,industrial,intelectual,internacionales,propiedad",contratos internacionales de propiedad intelectual industrial colombia,,0,,0.00,
"contrato,ia,industrial,intelectual,internacionales,propiedad,sic,tecnologicos",contratos internacionales de propiedad intelectual industrial tecnolog ia sic,,0,,0.00,
"contrato,industrial,intelectual,intendencia,propiedad,super",contratos propiedad intelectual super intendencia de industria,,0,,0.00,
"control,desigualdad,intelectual,propiedad",control de la propiedad intelectual y desigualdad,,0,,0.00,
"control,intelectual,propiedad",control del la propiedad intelectual,,0,,0.00,
"controversia,intelectual,propiedad",controversia de propiedad intelectual,,0,,0.00,
"controversia,intelectual,propiedad",controversias sobre propiedad intelectual,,0,,0.00,
"convencer,intelectual,juez,propiedad",convencimiento del juez en propiedad intelectual,,0,,0.00,
"convencion,intelectual,propiedad,roma",convención de roma propiedad intelectual,,0,,0.00,
"berna,convenio,intelectual,paises,propiedad",convenio berna propiedad intelectual paises,,0,,0.00,
"convenio,d,erome,intelectual,propiedad",convenio d eroma sobre propiedad intelectual,,0,,0.00,
"berna,convenio,intelectual,pdf,propiedad",convenio de berna propiedad intelectual pdf,,0,,0.00,
"berna,convenio,intelectual,propiedad",convenio de berna sobre propiedad intelectual,,0,,0.00,
"cesion,convenio,derecho,intelectual,propiedad",convenio de cesión de derechos de propiedad intelectual,,0,,0.00,
"convenio,ginebra,intelectual,propiedad",convenio de ginebra propiedad intelectual,,0,,0.00,
"convenio,intelectual,mundial,organizacion,propiedad",convenio de la organizacion mundial de la propiedad intelectual,,0,,0.00,
"convenio,intelectual,paris,propiedad",convenio de paris en propiedad intelectual,,0,,0.00,
"convenio,intelectual,paris,propiedad",convenio de paris para la propiedad intelectual,,0,,0.00,
"convenio,intelectual,paris,propiedad,proteccion",convenio de paris para la proteccion de la propiedad intelectual,,0,,0.00,
"convenio,intelectual,paris,pdf,propiedad",convenio de paris propiedad intelectual pdf,,0,,0.00,
"convenio,intelectual,paris,propiedad",convenio de paris sobre propiedad intelectual,,0,,0.00,
"convenio,intelectual,mundial,organizaciones,para,propiedad",convenio de parís organización mundial de la propiedad intelectual,,0,,0.00,
"convenio,intelectual,propiedad,roma",convenio de roma propiedad intelectual,,0,,0.00,
"convenio,intelectual,propiedad,roma",convenio de roma sobre propiedad intelectual,,0,,0.00,
"convenio,intelectual,propiedad,singapur",convenio de singapur sobre propiedad intelectual,,0,,0.00,
"convenio,intelectual,propiedad,washington",convenio de washington sobre propiedad intelectual,,0,,0.00,
"convenio,intelectual,mundial,organizaciones,propiedad",convenio organización mundial de la propiedad intelectual,,0,,0.00,
"convenio,intelectual,propiedad",convenio propiedad intelectual,,0,,0.00,
"convenio,establecimiento,intelectual,mundial,organizaciones,propiedad",convenio que establece la organización mundial de la propiedad intelectua,,0,,0.00,
"convenio,intelectual,interadministrativo,propiedad,unal",convenios interadministrativos unal propiedad intelectual,,0,,0.00,
"convocatoria,intelectual,propiedad",convocatoria propiedad intelectual,,0,,0.00,
"convocatoria,intelectual,n,propiedad,ruta",convocatorias propiedad intelectual ruta n,,0,,0.00,
"coordinador,intelectual,propiedad",coordinador propiedad intelectual,,0,,0.00,
"artesanias,colombia,coordinador,intelectual,propiedad",coordinador propiedad intelectual artesanias de colombia,,0,,0.00,
"arquitectonico,copia,eiffel,intelectual,propiedad,torres",copia arquitectonica de la torre eiffel propiedad intelectual,,0,,0.00,
"copropiedad,intelectual,propiedad",copropieda en propiedad intelectual,,0,,0.00,
"copropiedad,intelectual,propiedad",copropiedad en propiedad intelectual,,0,,0.00,
"copyright,derecho,intelectual,propiedad",copyright derechos de propiedad intelectual,,0,,0.00,
"copyright,intelectual,ley,propiedad,red,social",copyright ley de propiedad intelectual redes sociales,,0,,0.00,
"corpoica,intelectual,propiedad",corpoica propiedad intelectual,,0,,0.00,
"corpoica,empleo,intelectual,propiedad",corpoica propiedad intelectual empleo,,0,,0.00,
"corpus,intelectual,mechanicum,propiedad",corpus mechanicum propiedad intelectual,,0,,0.00,
"constitucion,corte,derecho,intelectual,propiedad",corte constitucional derecho de propiedad intelectual,,0,,0.00,
"constitucion,corte,derecho,economica,intelectual,propiedad",corte constitucional propiedad intelectual derecho economico,,0,,0.00,
"constitucion,corte,intelectual,propiedad",corte constitucional y propiedad intelectual,,0,,0.00,
"corte,intelectual,justidiciar,propiedad,suprema",corte suprema de justidicia propiedad intelectual,,0,,0.00,
"colombia,costo,intelectual,licencia,propiedad",costo de licencia de la propiedad intelectual colombia,,0,,0.00,
"colombia,costo,intelectual,propiedad",costo de propiedad intelectual colombia,,0,,0.00,
"costo,demanda,intelectual,propiedad",costo de una demanda de propiedad intelectual,,0,,0.00,
"costo,demas,intelectual,propiedad",costo dem propiedad intelectual,,0,,0.00,
"costo,intelectual,propiedad",costo para la propiedad intelectual,,0,,0.00,
"costo,intelectual,propiedad",costo propiedad intelectual,,0,,0.00,
"colombia,costo,intelectual,propiedad",costo propiedad intelectual colombia,,0,,0.00,
"colombia,costo,intelectual,propiedad,proteccion",costo protección propiedad intelectual colombia,,0,,0.00,
"costo,derecho,intelectual,propiedad",costos derechos propiedad intelectual,,0,,0.00,
"costumbres,intelectual,internacional,propiedad",costumbre internacional propiedad intelectual,,0,,0.00,
"cracion,farmaseutica,intelectual,propiedad",craciones farmaseutica propiedad intelectual,,0,,0.00,
"comunidad,creacion,derecho,intelectual,propiedad",creacion comun en los derechos de propiedad intelectual,,0,,0.00,
"audiovisuales,creacion,intelectual,propiedad",creaciones audiovisuales y propiedad intelectual,,0,,0.00,
"creacion,industriales,intelectual,propiedad",creaciones industriales propiedad intelectual,,0,,0.00,
"creacion,intelectual,propiedad,tribunal",creación de un tribunal de propiedad intelectual,,0,,0.00,
"crear,intelectual,propiedad,proteger",crear y proteger propiedad intelectual,,0,,0.00,
"crear,intelectual,internet,propiedad,respeto,usuario",crees que los usuarios de internet respetan la propiedad intelectual,,0,,0.00,
"bohemian,cristal,intelectual,propiedad,proteccion",cristal de bohemia protección propiedad intelectual,,0,,0.00,
"critica,economia,intelectual,naranja,propiedad",critica a la economia naranja y la propiedad intelectual,,0,,0.00,
"critica,intelectual,medicina,propiedad",critica a la propiedad intelectual en la medicina,,0,,0.00,
"critica,intelectual,medicina,moderna,propiedad",critica a la propiedad intelectual en la medicina moderna,,0,,0.00,
"critica,derecho,intelectual,propiedad",criticas a el derecho de propiedad intelectual,,0,,0.00,
"critica,intelectual,propiedad",criticas a la propiedad intelectual,,0,,0.00,
"cronologia,intelectual,propiedad",cronologia de la propiedad intelectual,,0,,0.00,
"cruciggrama,educaplay,intelectual,propiedad",cruciggrama de propiedad intelectual de educaplay,,0,,0.00,
"crucigrama,intelectual,propiedad",crucigrama de propiedad intelectual,,0,,0.00,
"crucigrama,educaplay,intelectual,propiedad",crucigrama de propiedad intelectual de educaplay,,0,,0.00,
"cuadritos,intelectual,propiedad",cuadrito de propiedad intelectual,,0,,0.00,
"comparativo,cuadro,derecho,intelectual,propiedad",cuadro comparativo de derechos de propiedad intelectual,,0,,0.00,
"conceptual,cuadro,intelectual,propiedad",cuadro conceptual de propiedad intelectual,,0,,0.00,
"cuadro,intelectual,propiedad",cuadro de la propiedad intelectual,,0,,0.00,
"cuadro,intelectual,propiedad,sinoptico",cuadro sinoptico de la propiedad intelectual,,0,,0.00,
"cuadro,intelectual,propiedad,sinoptico",cuadro sinoptico de propiedad intelectual,,0,,0.00,
"cuadro,intelectual,origen,propiedad,sinoptico",cuadro sinoptico del origen de la propiedad intelectual,,0,,0.00,
"cuadro,intelectual,propiedad,sinoptico",cuadro sinoptico propiedad intelectual,,0,,0.00,
"compromiso,intelectual,propiedad",cual es el compromiso de la propiedad intelectual,,0,,0.00,
"contenido,intelectual,propiedad",cual es el contenido de la propiedad intelectual,,0,,0.00,
"dia,intelectual,propiedad",cual es el dia de la propiedad intelectual,,0,,0.00,
"identifica,intelectual,productos,propiedad",cual es el identificador para un producto de propiedad intelectual,,0,,0.00,
"intelectual,objetivos,propiedad",cual es el objetivo de la propiedad intelectual,,0,,0.00,
"intelectual,objetivos,propiedad,tlc",cual es el objetivo de la propiedad intelectual tlc,,0,,0.00,
"intelectual,origen,propiedad",cual es el origen de la propiedad intelectual,,0,,0.00,
"inscribir,intelectual,patente,proceso,propiedad",cual es el proceso para inscribir patentar propiedad intelectual,,0,,0.00,
"inscribiropantetar,intelectual,proceso,propiedad",cual es el proceso para inscribiropantetar propiedad intelectual,,0,,0.00,
"derecho,intelectual,propiedad,propocito",cual es el propocito de los derechos de propiedad intelectual,,0,,0.00,
"derecho,intelectual,propiedad,proposito",cual es el proposito de los derechos de propiedad intelectual,,0,,0.00,
"diferencia,industrial,intelectual,propiedad",cual es la diferencia entre propiedad intelectual e industrial,,0,,0.00,
"diferencia,industrial,intelectual,propiedad",cual es la diferencia propiedad industrial e intelectual,,0,,0.00,
"final,intelectual,propiedad",cual es la finalidad de la propiedad intelectual,,0,,0.00,
"finalidade,intelectual,propiedad",cual es la finalidade la propieda intelectual,,0,,0.00,
"colombia,importancia,intelectual,propiedad",cual es la importancia la propiedad intelectual en colombia,,0,,0.00,
"intelectual,legislativo,propiedad",cual es la legislación de la propiedad intelectual,,0,,0.00,
"colombia,intelectual,ley,propiedad,vigente",cual es la ley de propiedad intelectual vigente en colombia,,0,,0.00,
"intelectual,internet,propiedad",cual es la propiedad intelectual en internet,,0,,0.00,
"comunidad,intelectual,propiedad,semejanzas",cual es la semejanza entre propiedad intelectual y propiedad comun,,0,,0.00,
"intelectual,propiedad,vigencia",cual es la vigencia de una propiedad intelectual,,0,,0.00,
"derecho,esel,intelectual,propiedad,proposito",cual esel proposito de los derechos de propiedad intelectual,,0,,0.00,
"avances,intelectual,propiedad",cual ha sido el avance en la propiedad intelectual,,0,,0.00,
"cual,intelectual,objetivos,propiedad",cuale e el objetivo de la propiedad intelectual,,0,,0.00,
"cual,intelectual,propiedad,siguientes",cuales de los siguientes no es una propiedad intelectual,,0,,0.00,
"cual,derecho,intelectual,patrimoniales,propiedad",cuales son derechos patrimoniales propiedad intelectual,,0,,0.00,
"2,categoria,cual,intelectual,propiedad",cuales son las 2 categorias de la propiedad intelectual,,0,,0.00,
"categoria,cual,intelectual,propiedad",cuales son las categorias de la propiedad intelectual,,0,,0.00,
"categoria,cual,intelectual,propiedad",cuales son las categoris de propiedad intelectual,,0,,0.00,
"considera,cual,intelectual,propiedad",cuales son las consideración sobre la propiedad intelectual,,0,,0.00,
"colombia,cual,diversidad,forma,intelectual,propiedad",cuales son las diversas formas de propiedad intelectual en colombia,,0,,0.00,
"cual,encarga,entidades,intelectual,propiedad,proteger",cuales son las entidades encargadas de proteger la propiedad intelectual,,0,,0.00,
"cual,industrial,intelectual,ley,propiedad",cuales son las leyes de propiedad industrial e intelectual,,0,,0.00,
"cual,especiales,intelectual,ley,propiedad",cuales son las leyes especiales en la propiedad intelectual,,0,,0.00,
"cual,intelectual,propiedad,sancio,viola",cuales son las sancioes por violar la propiedad intelectual,,0,,0.00,
"cual,grande,intelectual,propiedad,ram,tres",cuales son las tres grandes ramas de la propiedad intelectual,,0,,0.00,
"cual,intelectual,principales,propiedad,tipos",cuales son lo principales tipos de propiedad intelectual,,0,,0.00,
"cual,intelectual,modelo,propiedad",cuales son los modelos de la propiedad intelectual,,0,,0.00,
"cual,intelectual,principales,propiedad,tipos",cuales son los principales tipos de propiedad intelectual,,0,,0.00,
"cual,derecho,intelectual,problemas,propiedad",cuales son los problemas de los derechos de propiedad intelectual,,0,,0.00,
"corte,cual,intelectual,propiedad,resumen,tipos",cuales son los tipos de propiedad intelectual resumen corto,,0,,0.00,
"cual,forma,intelectual,propiedad,tipos",cuales son los tipos de propiedad intelectual y sus formas,,0,,0.00,
"cual,intelectual,medio,propiedad,tres",cuales son los tres medios de propiedad intelectual,,0,,0.00,
"cual,intelectual,losderechos,patrimoniales,propiedad",cuales son losderechos patrimoniales de una propiedad intelectual,,0,,0.00,
"consecuenciasde,cual,intelectual,propiedad,violacion",cuales son sus consecuenciasde la violacion a la propiedad intelectual,,0,,0.00,
"considera,intelectual,propiedad,robo",cuando es considerada robada la propiedad intelectual,,0,,0.00,
"intelectual,propiedad",cuando hay propiedad intelectual,,0,,0.00,
"intelectual,nacido,propiedad",cuando nace la propiedad intelectual,,0,,0.00,
"crear,derecho,intelectual,propiedad",cuando se crearon los derechos de propiedad intelectual,,0,,0.00,
"intelectual,pierde,propiedad",cuando se pierde la propiedad intelectual,,0,,0.00,
"industrial,intelectual,propiedad,utiliza",cuando se utiliza la propiedad intelectual e industrial,,0,,0.00,
"autores,derecho,intelectual,propiedad,viola",cuando se viola un derecho de autor y propiedad intelectual,,0,,0.00,
"derecho,intelectual,propiedad,viola",cuando son violados los derechos de una propiedad intelectual,,0,,0.00,
"colombia,cuangto,intelectual,patente,propiedad,vale",cuangto vale una patente de propiedad intelectual en colombia,,0,,0.00,
"cuanto,cuesta,intelectual,libro,propiedad,registro",cuanto cuesta registrar un libro en la propiedad intelectual,,0,,0.00,
"certificado,cuanto,demora,intelectual,propiedad",cuanto demora un certificado de propiedad intelectual,,0,,0.00,
"certificado,colombia,cuanto,demora,intelectual,propiedad",cuanto demora un certificado de propiedad intelectual colombia,,0,,0.00,
"abogado,colombia,cuanto,especializaciones,gana,intelectual,propiedad",cuanto gana un abogado especializado en propiedad intelectual en colombia,,0,,0.00,
"cuanto,duro,intelectual,propiedad,tiempo",cuanto tiempo dura la propiedad intelectual,,0,,0.00,
"cuanto,derecho,intelectual,invencion,otorga,propiedad,tiempo",cuanto tiempo otorga la propiedad intelectual un derecho de invención,,0,,0.00,
"cuanto,derecho,intelectual,ivencion,otorga,propiedad,tiempo",cuanto tiempo otorga la propiedad intelectual un derecho de ivencion,,0,,0.00,
"cuanto,intelectual,propiedad,proteger,tiempo",cuanto tiempo se protege la propiedad intelectual,,0,,0.00,
"cuanto,evolution,intelectual,konami,pro,propiedad,soccer,valdria",cuanto valdria la propiedad intelectual pro evolution soccer de konami,,0,,0.00,
"cuanto,intelectual,proceso,propiedad,vale",cuanto vale el proceso de propiedad intelectual,,0,,0.00,
"cuanto,intelectual,investigacion,propiedad,vale",cuanto vale propiedad intelectual en una investigacion,,0,,0.00,
"colombia,cuanto,intelectual,investigacion,propiedad,vale",cuanto vale propiedad intelectual en una investigacion en colombia,,0,,0.00,
"colombia,cuanto,intelectual,patente,propiedad,vale",cuanto vale una patente de propiedad intelectual colombia,,0,,0.00,
"cuba,intelectual,internacionales,propiedad,trata",cuba y propiedad intelectual tratados internacionales,,0,,0.00,
"cueles,intelectual,propiedad",cuel es la propiedad intelectual,,0,,0.00,
"cueles,derecho,intelectual,propiedad,proposito",cuel es proposito de los derechos de la propiedad intelectual,,0,,0.00,
"bancaria,cuenta,intelectual,propiedad,sic",cuenta bancaria sic propiedad intelectual,,0,,0.00,
"cuestionario,intelectual,propiedad",cuestionario de propiedad intelectual,,0,,0.00,
"cultura,griega,intelectual,propiedad",cultura griega propiedad intelectual,,0,,0.00,
"cultura,intelectual,propiedad,remix",cultura remix y la propiedad intelectual,,0,,0.00,
"cumple,intelectual,normas,propiedad",cumpliendo con las normas de propiedad intelectual,,0,,0.00,
"cumplimiento,intelectual,normas,propiedad",cumplimiento de las normas sobre propiedad intelectual,,0,,0.00,
"autores,cumplimiento,derecho,intelectual,propiedad",cumplimiento derechos de autor y propiedad intelectual,,0,,0.00,
"basico,cursillo,intelectual,ompi,propiedad",cursillo basico de propiedad intelectual ompi,,0,,0.00,
"cursillo,intelectual,propiedad",cursillo de propiedad intelectual de a,,0,,0.00,
"cursillo,intelectual,onu,propiedad",cursillo de propiedad intelectual de la onu,,0,,0.00,
"001,cursillo,dl,intelectual,propiedad",cursillo de propiedad intelectual dl-001,,0,,0.00,
"cursillo,intelectual,ompi,propiedad",cursillo de propiedad intelectual ompi,,0,,0.00,
"basico,curso,intelectual,ompi,propiedad",curso basico de propiedad intelectual ompi,,0,,0.00,
"basico,curso,industrial,intelectual,propiedad,superintendencia",curso basico de propiedad intelectual superintendencia industria,,0,,0.00,
"basico,curso,industrial,intelectual,propiedad,superintendia",curso basico de propiedad intelectual superintendia industria,,0,,0.00,
"basico,curso,intelectual,ompi,propiedad,virtual",curso básico propiedad intelectual ompi virtual,,0,,0.00,
"autores,curso,derecho,intelectual,propiedad",curso de derechos de autor y propiedad intelectual,,0,,0.00,
"curso,gestion,intelectual,propiedad",curso de gestión de la propiedad intelectual,,0,,0.00,
"curso,intelectual,ompui,propiedad",curso de propiedad intelectual de la ompui,,0,,0.00,
"2019,curso,intelectual,ompi,propiedad",curso de propiedad intelectual ompi 2019,,0,,0.00,
"2019,curso,general,intelectual,propiedad",curso general de propiedad intelectual 2019,,0,,0.00,
"curso,intelectual,introduccion,propiedad",curso introduccion a la propiedad intelectual,,0,,0.00,
"curso,intelectual,ompi,propiedad,respuestas",curso ompi propiedad intelectual respuestas,,0,,0.00,
"2018,colombia,curso,intelectual,line,propiedad",curso on line propiedad intelectual en colombia 2018,,0,,0.00,
"curso,industrial,intelectual,propiedad",curso propiedad intelectual e industrial,,0,,0.00,
"curso,intelectual,online,propiedad",curso propiedad intelectual online,,0,,0.00,
"comercial,curso,industrial,intelectual,propiedad,superintendencia",curso propiedad intelectual superintendencia de industria y comercio,,0,,0.00,
"curso,intelectual,propiedad,sena",curso sena propiedad intelectual,,0,,0.00,
"comercial,curso,industrial,intelectual,propiedad,superintendencia",curso superintendencia de industria y comercio propiedad intelectual,,0,,0.00,
"curso,intelectual,propiedad,virtual",curso virtual propiedad intelectual,,0,,0.00,
"curso,intelectual,mexico,propiedad",cursos de propiedad intelectual en mexico,,0,,0.00,
"curso,intelectual,online,propiedad",cursos de propiedad intelectual online,,0,,0.00,
"curso,intelectual,online,propiedad",cursos online de propiedad intelectual,,0,,0.00,
"2017,curso,intelectual,propiedad",cursos propiedad intelectual 2017,,0,,0.00,
"2018,curso,intelectual,propiedad",cursos propiedad intelectual 2018,,0,,0.00,
"2019,curso,intelectual,propiedad",cursos propiedad intelectual 2019,,0,,0.00,
"2018,curso,gratis,intelectual,propiedad",cursos propiedad intelectual gratis 2018,,0,,0.00,
"cual,intelectual,propiedad,siguientes,tradicional",cuál de los siguientes no es una propiedad intelectual tradicional,,0,,0.00,
"colombia,cual,derecho,intelectual,ley,propiedad",cuál es la ley de derechos de propiedad intelectual colombia,,0,,0.00,
"cual,intelectual,ley,propiedad,proteger",cuál es la ley que protege la propiedad intelectual,,0,,0.00,
"colombia,cual,facultad,intelectual,mejor,propiedad",cuál es la mejor facultad en colombia de propiedad intelectual,,0,,0.00,
"cual,forma,intelectual,mejor,propiedad,proteger",cuál sería la mejor forma de proteger la propiedad intelectual,,0,,0.00,
"categoría,cual,diferencia,intelectual,propiedad",cuáles son las diferentes categorías de propiedad intelectual,,0,,0.00,
"cual,dos,intelectual,propiedad,ram",cuáles son las dos ramas de la propiedad intelectual,,0,,0.00,
"cual,elementos,intelectual,propiedad",cuáles son los elementos de la propiedad intelectual,,0,,0.00,
"conforman,cual,elementos,intelectual,propiedad",cuáles son los elementos que conforman la propiedad intelectual,,0,,0.00,
"cual,intelectual,mecanica,propiedad,proteccion",cuáles son los mecanismos de protección de propiedad intelectual,,0,,0.00,
"cuando,establecimiento,intelectual,mundial,organizaciones,propiedad",cuándo se estableció la organización mundial de la propiedad intelectual,,0,,0.00,
"codigo,cualquier,identifica,intelectual,obra,propiedad,tipos",códigos identificadores de obras para cualquier tipo de propiedad intelectual,,0,,0.00,
"como,define,intelectual,propiedad,teinco",cómo está definida la propiedad intelectual en teinco,,0,,0.00,
"como,divide,intelectual,marta,propiedad,santa",cómo está dividida la propiedad intelectual en santa marta,,0,,0.00,
"como,intelectual,marta,propiedad,santa",cómo está la propiedad intelectual en santa marta,,0,,0.00,
"como,hacer,intelectual,propiedad,registro",cómo hacer un registro de la propiedad intelectual,,0,,0.00,
"como,intelectual,propiedad,proteger",cómo proteger la propiedad intelectua,,0,,0.00,
"como,empresa,intelectual,propiedad,proteger",cómo proteges tu propiedad intelectual de una empresa,,0,,0.00,
"como,hacer,intelectual,propiedad,proteccion",cómo se hace la proteccion y la propiedad intelectual,,0,,0.00,
"como,hacer,intelectual,propiedad,proteccion",cómo se hace la protección de la propiedad intelectual,,0,,0.00,
"artificial,como,intelectual,inteligencia,propiedad,regular",cómo se regula la inteligencia artificial en la propiedad intelectual,,0,,0.00,
"colombia,como,intelectual,propiedad,regular",cómo se regula la propiedad intelectual en colombia,,0,,0.00,
"como,intelectual,propiedad,tasa",cómo tasar mi propiedad intelectual,,0,,0.00,
"alta,dar,intelectual,propiedad",dar de alta propiedad intelectual,,0,,0.00,
"datos,intelectual,mongolia,propiedad",datos de la propiedad intelectual de mongolia,,0,,0.00,
"datos,intelectual,nueva,propiedad,zelanda",datos de la propiedad intelectual de nueva zelanda,,0,,0.00,
"davincci,intelectual,propiedad",davincci propiedad intelectual,,0,,0.00,
"daño,derecho,infracciones,intelectual,morales,propiedad",daño moral por infracción de derechos de propiedad intelectual,,0,,0.00,
"daño,intelectual,propiedad,proteccion",daños a la protección de la propiedad intelectual,,0,,0.00,
"daño,informatica,intelectual,propiedad",daños informaticos contra la propiedad intelectual,,0,,0.00,
"daño,informe,intelectual,propiedad",daños informativos contra la propiedad intelectual,,0,,0.00,
"dci,intelectual,propiedad",dci propiedad intelectual,,0,,0.00,
"dconra,intelectual,propiedad",dconra la propiedad intelectual,,0,,0.00,
"intelectual,nacido,propiedad",de donde nace la propiedad intelectual,,0,,0.00,
"intelectual,necesidades,propiedad,surge",de donde surge la necesidad de la propiedad intelectual,,0,,0.00,
"intelectual,propiedad,surge",de donde surge la propiedad intelectual,,0,,0.00,
"ecci,intelectual,propiedad,universidad",de la propiedad intelectual universidad ecci,,0,,0.00,
"intelectual,propiedad,red,social",de propiedad intelectual en redes sociales,,0,,0.00,
"intelectual,ley,propiedad,q,trata",de q se trata ley de propiedad intelectual,,0,,0.00,
"años,intelectual,ley,propiedad",de que año es la ley de propiedad intelectual,,0,,0.00,
"componen,intelectual,propiedad",de que se compone la propiedad intelectual,,0,,0.00,
"intelectual,propiedad,trata",de que se trata la propiedad intelectual,,0,,0.00,
"intelectual,propiedad,trata",de que se trata la propiedada intelectual,,0,,0.00,
"intelectual,permanente,propiedad,seminario,trata",de que se trata seminario permanente de propiedad intelectual,,0,,0.00,
"intelectual,propiedad,registro,sirve",de que sirve registrar la propiedad intelectual,,0,,0.00,
"intelectual,propiedad,tlc,trata",de que trata la propiedad intelectual en el tlc,,0,,0.00,
"anonima,intelectual,obra,propiedad",de quien es la propiedad intelectual de una obra anonima,,0,,0.00,
"colombia,debate,intelectual,propiedad",debate de propiedad intelectual colombia,,0,,0.00,
"debate,intelectual,propiedad",debates de propiedad intelectual,,0,,0.00,
"comercial,deberes,intelectual,propiedad,sociedad",deberes en un sociedad comercial sobre propiedad intelectual,,0,,0.00,
"debe,intelectual,proceso,propiedad",debido proceso propiedad intelectual,,0,,0.00,
"colombia,decho,intelectual,propiedad",deches propiedad intelectual colombia,,0,,0.00,
"351,decision,intelectual,propiedad",decision 351 propiedad intelectual,,0,,0.00,
"486,can,decision,intelectual,propiedad",decision 486 can propiedad intelectual,,0,,0.00,
"486,andina,comunidad,decision,intelectual,propiedad",decision 486 comunidad andina propiedad intelectual,,0,,0.00,
"andina,decision,intelectual,propiedad",decision andina propiedad intelectual,,0,,0.00,
"can,decision,intelectual,propiedad",decision can propiedad intelectual,,0,,0.00,
"2000,486,decisiones,intelectual,legal,marca,propiedad",decisión 486 de 2000 marco legal propiedad intelectual,,0,,0.00,
"andina,colombia,decisiones,intelectual,propiedad",decisión andina en colombia propiedad intelectual,,0,,0.00,
"aspectos,declaracion,etica,intelectual,propiedad,unisabana",declaracion de aspectos eticos y propiedad intelectual unisabana,,0,,0.00,
"2001,declaracion,doh,intelectual,propiedad",declaracion de doha 2001 propiedad intelectual,,0,,0.00,
"declaracion,doh,intelectual,propiedad",declaracion de doha propiedad intelectual,,0,,0.00,
"declaracion,derecho,humano,intelectual,propiedad,universidad",declaracion universal de los derechos humanos propiedad intelectual,,0,,0.00,
"colombia,declarar,derecho,intelectual,propiedad",declaración de derechos de propiedad intelectual colombia,,0,,0.00,
"declarar,derecho,intelectual,poseedor,propiedad",declaración de poseedor de derechos de propiedad intelectual,,0,,0.00,
"14,colombia,decreto,intelectual,propiedad",decreto 14 propiedad intelectual colombia,,0,,0.00,
"2121de,decreto,intelectual,propiedad",decreto 2121de propiedad intelectual,,0,,0.00,
"cesion,decreto,intelectual,propiedad",decreto cesión propiedad intelectual,,0,,0.00,
"decreto,intelectual,internacional,propiedad",decreto de propiedad intelectual internacional,,0,,0.00,
"decreto,intelectual,propiedad,protrccion",decreto de protrccion a la propiedad intelectual,,0,,0.00,
"colombia,decreto,intelectual,ley,propiedad",decreto ley de propiedad intelectual colombia,,0,,0.00,
"colombia,decreto,intelectual,propiedad",decreto propiedad intelectual colombia,,0,,0.00,
"colombia,decreto,intelectual,propiedad,reglamentario",decreto reglamentario de propiedad intelectual en colombia,,0,,0.00,
"colombia,decreto,intelectual,propiedad,regular",decretos que regulan la propiedad intelectual en colombia,,0,,0.00,
"autores,deecreto,derecho,intelectual,propiedad",deecretos derechos de autor y propiedad intelectual,,0,,0.00,
"defender,intelectual,propiedad",defender la propiedad intelectual,,0,,0.00,
"comercial,defender,guerra,intelectual,propiedad",defender la propiedad intelectual guerra comercial,,0,,0.00,
"competencias,defensa,intelectual,propiedad",defensa de la competencia y propiedad intelectual,,0,,0.00,
"da,defensa,intelectual,juridica,propiedad",defensa juridica da la propiedad intelectual,,0,,0.00,
"defensa,intelectual,juridica,propiedad",defensa juridica de la propiedad intelectual,,0,,0.00,
"deficnicion,franquicia,intelectual,licencia,propiedad",deficnicion de licenciamiento franquicias en propiedad intelectual,,0,,0.00,
"defiende,farmaceutica,industrial,intelectual,principios,propiedad",defiende los principios de propiedad intelectual en la industria farmaceutica,,0,,0.00,
"define,intelectual,palabras,propiedad,propio",defina propiedad intelectual con sus propias palabras,,0,,0.00,
"define,intelectual,propiedad,tipos",defina tipos de propiedad intelectual,,0,,0.00,
"asesoria,define,intelectual,material,propiedad",define asesoria en materia de propiedad intelectual,,0,,0.00,
"contrato,define,intelectual,propiedad",define contrato de propiedad intelectual,,0,,0.00,
"colciencias,define,intelectual,propiedad",define propiedad intelectual colciencias,,0,,0.00,
"civil,codigo,colombia,define,intelectual,propiedad",define propiedad intelectual en colombia codigo civil,,0,,0.00,
"define,informatica,intelectual,propiedad",define propiedad intelectual informatica,,0,,0.00,
"comercial,defini,intelectual,ion,propiedad,uso",defini ión de uso comercial en propiedad intelectual,,0,,0.00,
"contrato,definicion,intelectual,propiedad",definicion contrato de propiedad intelectual,,0,,0.00,
"contrato,definicion,intelectual,propiedad",definicion de contrato de propiedad intelectual,,0,,0.00,
"definicion,delito,intelectual,propiedad",definicion de delitos contra la propiedad intelectual,,0,,0.00,
"autores,definicion,derecho,intelectual,propiedad",definicion de derechos de autor y propiedad intelectual,,0,,0.00,
"costitucion,definicion,intelectual,politica,propiedad",definicion de la propiedad intelectual en la costitucion politica,,0,,0.00,
"definicion,derecho,intelectual,propiedad",definicion de los derechos de propiedad intelectual,,0,,0.00,
"definicion,derecho,intelectual,propiedad,software",definicion de los derechos de propiedad intelectual software,,0,,0.00,
"cicncia,definicion,intelectual,politica,propiedad",definicion de propiedad intelectual cicncias politicas,,0,,0.00,
"ciencias,definicion,intelectual,politica,propiedad",definicion de propiedad intelectual ciencias politicas,,0,,0.00,
"ciencias,definicion,intelectual,politica,propiedad,yahoo",definicion de propiedad intelectual ciencias politicas yahoo,,0,,0.00,
"colombia,definicion,intelectual,propiedad",definicion de propiedad intelectual colombia,,0,,0.00,
"autores,definicion,intelectual,propiedad",definicion de propiedad intelectual con autor,,0,,0.00,
"autores,definicion,derecho,intelectual,propiedad",definicion de propiedad intelectual derechos de autor,,0,,0.00,
"definicion,industrial,intelectual,propiedad",definicion de propiedad intelectual e industrial,,0,,0.00,
"colombia,definicion,intelectual,propiedad",definicion de propiedad intelectual en colombia,,0,,0.00,
"definicion,derecho,intelectual,propiedad",definicion de propiedad intelectual en derecho,,0,,0.00,
"definicion,informatica,intelectual,propiedad",definicion de propiedad intelectual en informatica,,0,,0.00,
"definicion,intelectual,mexico,propiedad",definicion de propiedad intelectual en mexico,,0,,0.00,
"definicion,ernesto,intelectual,propiedad,rengifo",definicion de propiedad intelectual ernesto rengifo,,0,,0.00,
"definicion,guatemala,intelectual,propiedad",definicion de propiedad intelectual guatemala,,0,,0.00,
"definicion,indecopi,intelectual,propiedad",definicion de propiedad intelectual indecopi,,0,,0.00,
"definicion,intelectual,ompi,propiedad",definicion de propiedad intelectual ompi,,0,,0.00,
"definicion,intelectual,iva,propiedad",definicion de propiedad intelectual para iva,,0,,0.00,
"colombia,definicion,intelectual,iva,propiedad",definicion de propiedad intelectual para iva en colombia,,0,,0.00,
"definicion,intelectual,pdf,propiedad",definicion de propiedad intelectual pdf,,0,,0.00,
"autores,definicion,intelectual,propiedad,segun",definicion de propiedad intelectual segun autores,,0,,0.00,
"definicion,intelectual,ompi,propiedad,segun",definicion de propiedad intelectual segun la ompi,,0,,0.00,
"definicion,intelectual,propiedad,wikipedia",definicion de propiedad intelectual wikipedia,,0,,0.00,
"autores,definicion,derecho,intelectual,propiedad",definicion de propiedad intelectual y derecho de autor,,0,,0.00,
"definicion,intelectual,propiedad,reglamento",definicion de reglamento de propiedad intelectual,,0,,0.00,
"definicion,intelectual,legal,propiedad,terminal",definicion de terminos legales y propiedad intelectual,,0,,0.00,
"compromiso,definicion,intelectual,propiedad,riesgo",definicion del riesgo compromiso a la propiedad intelectual,,0,,0.00,
"definicion,derecho,intelectual,omc,propiedad",definicion derechos de propiedad intelectual omc,,0,,0.00,
"definicion,intelectual,jurisprudencial,propiedad",definicion jurisprudencial de propiedad intelectual,,0,,0.00,
"definicion,intelectual,propiedad",definicion la propiedad intelectual,,0,,0.00,
"definicion,intelectual,propiedad,segun,wipe",definicion propiedad intelectual segun wipo,,0,,0.00,
"aplicaciones,definicion,derecho,intelectual,propiedad",definición de los derechos de propiedad intelectual de las aplicaciones,,0,,0.00,
"definicion,intelectual,propiedad,ut",definición de propiedad intelectual de las uts,,0,,0.00,
"ambito,definicion,intelectual,propiedad,propio",definición propia del ámbito de la propiedad intelectual,,0,,0.00,
"definicon,intelectual,propiedad",definicon de propiedad intelectual,,0,,0.00,
"definion,intelectual,propiedad",definion de propiedad intelectual,,0,,0.00,
"definivion,intelectual,propiedad",definivion propiedad intelectual,,0,,0.00,
"delegado,intelectual,omc,propiedad",delegados de la omc propiedad intelectual,,0,,0.00,
"delito,industrial,intelectual,propiedad",delito contra la propiedad industrial e intelectual,,0,,0.00,
"delito,intelectual,propiedad",delito contra la propiedad intelectua,,0,,0.00,
"delito,informatica,intelectual,propiedad",delito contra la propiedad intelectual informatica,,0,,0.00,
"chile,delito,intelectual,propiedad",delitos contra la propiedad intelectual chile,,0,,0.00,
"codigo,colombiano,delito,intelectual,penal,propiedad",delitos contra la propiedad intelectual codigo penal colombiano,,0,,0.00,
"definicion,delito,intelectual,propiedad",delitos contra la propiedad intelectual definicion,,0,,0.00,
"delito,ecuador,intelectual,propiedad",delitos contra la propiedad intelectual ecuador,,0,,0.00,
"codigo,colombia,delito,intelectual,penal,propiedad",delitos contra la propiedad intelectual en colombia codigo penal,,0,,0.00,
"delito,intelectual,internet,propiedad",delitos contra la propiedad intelectual en internet,,0,,0.00,
"delito,guatemala,intelectual,propiedad",delitos contra la propiedad intelectual guatemala,,0,,0.00,
"delito,informatica,intelectual,propiedad",delitos contra la propiedad intelectual informatica,,0,,0.00,
"delito,informatica,intelectual,propiedad",delitos contra la propiedad intelectual informática,,0,,0.00,
"delito,intelectual,mexico,propiedad",delitos contra la propiedad intelectual mexico,,0,,0.00,
"delito,intelectual,monografia,propiedad",delitos contra la propiedad intelectual monografias,,0,,0.00,
"colomnbia,delito,intelectual,musica,propiedad",delitos contra la propiedad intelectual musical en colomnbia,,0,,0.00,
"delito,intelectual,peru,propiedad",delitos contra la propiedad intelectual peru,,0,,0.00,
"delito,intelectual,pdf,peru,propiedad",delitos contra la propiedad intelectual peru pdf,,0,,0.00,
"delito,intelectual,pirateria,propiedad",delitos contra la propiedad intelectual pirateria,,0,,0.00,
"delito,intelectual,internet,propiedad",delitos contra la propiedad intelectual por internet,,0,,0.00,
"autores,delito,derecho,intelectual,propiedad",delitos contra la propiedad intelectual y derechos de autor,,0,,0.00,
"delito,intelectual,propiedad,telecomunicaciones",delitos contra la propiedad intelectual y las telecomunicaciones,,0,,0.00,
"autores,delito,derecho,intelectual,propiedad",delitos contra los derechos de autor y propiedad intelectual,,0,,0.00,
"autores,colombia,delito,derecho,intelectual,propiedad",delitos contra los derechos de autor y propiedad intelectual colombia,,0,,0.00,
"codigo,colombiano,delito,intelectual,penal,propiedad",delitos contra propiedad intelectual codigo penal colombiano,,0,,0.00,
"colombia,delito,intelectual,propiedad",delitos de propiedad intelectual en colombia,,0,,0.00,
"delito,intelectual,mexico,propiedad",delitos de propiedad intelectual en mexico,,0,,0.00,
"delito,informatica,intelectual,propiedad",delitos informaticos contra la propiedad intelectual,,0,,0.00,
"delito,informatica,infracciones,intelectual,propiedad",delitos informaticos infracciones a la propiedad intelectual,,0,,0.00,
"delito,informatica,intelectual,propiedad",delitos informaticos sobre propiedad intelectual,,0,,0.00,
"delito,informatica,intelectual,propiedad",delitos informáticos y propiedad intelectual,,0,,0.00,
"delito,intelectual,propiedad",delitos para la propiedad intelectual,,0,,0.00,
"afinidad,delito,derecho,intelectual,propiedad,uso",delitos por uso de la propiedad intelectual y derechos afines,,0,,0.00,
"colombia,delito,intelectual,propiedad,relacion",delitos relacionados con la propiedad intelectual colombia,,0,,0.00,
"delito,intelectual,propiedad,relatos",delitos relativos a la propiedad intelectual,,0,,0.00,
"delito,industrial,intelectual,propiedad,relatos",delitos relativos a la propiedad intelectual o industrial,,0,,0.00,
"apple,demanda,intelectual,propiedad",demanda a apple propiedad intelectual,,0,,0.00,
"demanda,farmaceutica,intelectual,propiedad,unidos",demanda contra farmaceutica propiedad intelectual en los estados unidos,,0,,0.00,
"demanda,intelectual,microsoft,propiedad",demanda contra microsoft propiedad intelectual,,0,,0.00,
"2001,demanda,intelectual,microsoft,propiedad",demanda contra microsoft propiedad intelectual 2001,,0,,0.00,
"demanda,empresa,intelectual,propiedad",demanda por propiedad intelectual de la empresa,,0,,0.00,
"demanda,grafica,intelectual,propiedad",demanda por propiedad intelectual grafica,,0,,0.00,
"demanda,intelectual,propiedad,robo",demanda por robo de propiedad intelectual,,0,,0.00,
"demanda,intelectual,propiedad,uso",demanda por uso de propiedad intelectual,,0,,0.00,
"demanda,intelectual,propiedad,vulnerabilidad",demanda por vulnerar propiedad intelectual,,0,,0.00,
"demanda,intelectual,propiedad,unidos",demanda propiedad intelectual en los estados unidos,,0,,0.00,
"demanda,hurtado,intelectual,propiedad",demandas por hurto de propiedad intelectual,,0,,0.00,
"demanda,intelectual,propiedad",demandas por propiedad intelectual,,0,,0.00,
"demanda,intelectual,propiedad,urto",demandas por urto de propiedad intelectual,,0,,0.00,
"denominacion,intelectual,origen,propiedad",denominacion de origen propiedad intelectual,,0,,0.00,
"abogado,cardenas,denton,intelectual,ltda,propiedad",dentons cardenas & cardenas abogados propiedad intelectual ltda,,0,,0.00,
"abogado,cardenas,denton,intelectual,propiedad,sas",dentons cardenas & cardenas abogados propiedad intelectual sas,,0,,0.00,
"denucia,intelectual,propiedad,robo",denucias por robo de propiedad intelectual,,0,,0.00,
"delito,denuncia,intelectual,propiedad",denuncia por delitos contra la propiedad intelectual,,0,,0.00,
"denuncia,intelectual,mundial,organizacion,plagio,propiedad",denunciar plagio ante la organizacion mundial de la propiedad intelectual,,0,,0.00,
"colombia,departamento,externa,intelectual,propiedad,universidad",departamento de propiedad intelectual de la universidad externado de colombia,,0,,0.00,
"departamento,externa,intelectual,propiedad",departamento de propiedad intelectual externado,,0,,0.00,
"departamento,intelectual,propiedad",departamento de propiedad intelectual que es,,0,,0.00,
"departamento,intelectual,nacional,planeacion,propiedad",departamento nacional de planeacion propiedad intelectual,,0,,0.00,
"1162,decreto,departamento,intelectual,nacional,planeacion,propiedad",departamento nacional de planeacion propiedad intelectual decreto 1162,,0,,0.00,
"1990,decreto,departamento,intelectual,nacional,planeacion,propiedad",departamento nacional de planeacion propiedad intelectual decreto 1990,,0,,0.00,
"29,decreto,departamento,intelectual,nacional,planeacion,propiedad",departamento nacional de planeacion propiedad intelectual decreto 29,,0,,0.00,
"29,departamento,intelectual,ley,nacional,planeacion,propiedad",departamento nacional de planeacion propiedad intelectual ley 29,,0,,0.00,
"departamento,externa,intelectual,propiedad",departamento propiedad intelectual externado,,0,,0.00,
"comunitaria,dercho,intelectual,propiedad",dercho comunitario y propiedad intelectual,,0,,0.00,
"dercho,intelectual,propiedad",dercho de propiedad intelectual,,0,,0.00,
"dercho,intelectual,propiedad,relatos",derchos relativos a la propiedad intelectual,,0,,0.00,
"colombia,dercho,intelectual,propiedad,relatos",derchos relativos a la propiedad intelectual en colombia,,0,,0.00,
"colombia,derecho,intelectual,propiedad",derecho a la propiedad intelectual colombia,,0,,0.00,
"curso,derecho,intelectual,propiedad",derecho a la propiedad intelectual cursos,,0,,0.00,
"derecho,dibujos,intelectual,propiedad",derecho a la propiedad intelectual dibujo,,0,,0.00,
"derecho,intelectual,normas,propiedad",derecho a la propiedad intelectual normas,,0,,0.00,
"derecho,intelectual,pertenecientes,propiedad,tercera",derecho a la propiedad intelectual perteneciente a terceros,,0,,0.00,
"culturales,derecho,intelectual,obra,propiedad",derecho a la propiedad intelectual sobre obras culturales,,0,,0.00,
"derecho,humano,intelectual,propiedad",derecho a la propiedad intelectual son derechos humanos,,0,,0.00,
"derecho,intelectual,propiedad,virtual",derecho a la propiedad virtual intelectual,,0,,0.00,
"derecho,intelectual,propiedad,proteccion",derecho a la proteccion de la propiedad intelectual,,0,,0.00,
"derecho,intelectual,propiedad,proteccion",derecho a la protección a la propiedad intelectual,,0,,0.00,
"derecho,intelectual,propiedad,virtual",derecho a propiedad virtual intelectual,,0,,0.00,
"acceso,derecho,informe,intelectual,propiedad",derecho al acceso a la información propiedad intelectual,,0,,0.00,
"ala,animado,derecho,intelectual,propiedad",derecho ala propiedad intelectual animado,,0,,0.00,
"anglosajona,derecho,intelectual,propiedad",derecho anglosajon propiedad intelectual,,0,,0.00,
"comercial,derecho,intelectual,propiedad",derecho comercial propiedad intelectual,,0,,0.00,
"comparativo,derecho,intelectual,propiedad,software",derecho comparado propiedad intelectual software,,0,,0.00,
"colombia,comunitaria,derecho,intelectual,propiedad",derecho comunitario y propiedad intelectual en colombia,,0,,0.00,
"constitucion,derecho,intelectual,propiedad",derecho constitucional a la propiedad intelectual,,0,,0.00,
"corporal,derecho,gil,intelectual,jimena,propiedad",derecho corporativo y propiedad intelectual jimena gil,,0,,0.00,
"auto,derecho,inicio,intelectual,nivel,propiedad",derecho de auto y propiedad intelectual para nivel inicial,,0,,0.00,
"autores,derecho,intelectual,mismo,propiedad",derecho de autor es lo mismo que propiedad intelectual,,0,,0.00,
"autores,derecho,industrial,intelectual,propiedad",derecho de autor propiedad industrial y intelectual,,0,,0.00,
"animado,autores,derecho,fondo,intelectual,propiedad",derecho de autor y propiedad intelectual animadas para fondos,,0,,0.00,
"autores,chile,derecho,intelectual,propiedad",derecho de autor y propiedad intelectual chile,,0,,0.00,
"autores,colombia,derecho,intelectual,propiedad",derecho de autor y propiedad intelectual en colombia,,0,,0.00,
"autores,derecho,intelectual,pdf,propiedad",derecho de autor y propiedad intelectual en pdf,,0,,0.00,
"autores,derecho,intelectual,mismo,propiedad",derecho de autor y propiedad intelectual es lo mismo,,0,,0.00,
"autores,derecho,importancia,intelectual,propiedad",derecho de autor y propiedad intelectual importancia,,0,,0.00,
"autores,derecho,intelectual,propiedad,regalias",derecho de autor y propiedad intelectual regalias,,0,,0.00,
"bien,derecho,intelectual,propiedad",derecho de bienes y propiedad intelectual,,0,,0.00,
"competencias,derecho,intelectual,propiedad",derecho de competencia y propiedad intelectual,,0,,0.00,
"derecho,distribución,intelectual,propiedad",derecho de distribución propiedad intelectual,,0,,0.00,
"casa,competencias,derecho,intelectual,propiedad",derecho de la competencia y propiedad intelectual casos,,0,,0.00,
"competencias,derecho,intelectual,propiedad,sic",derecho de la competencia y propiedad intelectual sic,,0,,0.00,
"david,derecho,industrial,intelectual,medina,propiedad,rangel",derecho de la propiedad industrial e intelectual david rangel medina,,0,,0.00,
"derecho,industrial,intelectual,pdf,propiedad",derecho de la propiedad industrial e intelectual pdf,,0,,0.00,
"derecho,intelectual,propiedad,semillas",derecho de la propiedad intelectual de las semillas,,0,,0.00,
"colombia,derecho,intelectual,propiedad",derecho de la propiedad intelectual en colombia,,0,,0.00,
"derecho,intelectual,mexico,pdf,propiedad",derecho de la propiedad intelectual en mexico pdf,,0,,0.00,
"becerra,derecho,intelectual,manuel,pdf,propiedad,ramirez",derecho de la propiedad intelectual manuel becerra ramirez pdf,,0,,0.00,
"derecho,intelectual,oxford,pdf,propiedad",derecho de la propiedad intelectual oxford pdf,,0,,0.00,
"derecho,intelectual,pdf,propiedad",derecho de la propiedad intelectual pdf,,0,,0.00,
"derecho,intelectual,pdf,peru,propiedad",derecho de la propiedad intelectual peru pdf,,0,,0.00,
"derecho,intelectual,propiedad",derecho de la propiedad intelectual que es,,0,,0.00,
"cual,derecho,intelectual,propiedad,ram",derecho de la propiedad intelectual y cuales son sus ramas,,0,,0.00,
"derecho,intelectual,propiedad,red,social,tic",derecho de las tic redes sociales y propiedad intelectual,,0,,0.00,
"argentina,derecho,intelectual,propiedad",derecho de propiedad intelectual argentina,,0,,0.00,
"chile,derecho,intelectual,propiedad",derecho de propiedad intelectual chile,,0,,0.00,
"convenio,derecho,intelectual,propiedad,roma",derecho de propiedad intelectual convenio de roma,,0,,0.00,
"curso,derecho,intelectual,online,propiedad",derecho de propiedad intelectual curso online,,0,,0.00,
"definicion,derecho,intelectual,propiedad",derecho de propiedad intelectual definicion,,0,,0.00,
"derecho,ejemplos,intelectual,propiedad",derecho de propiedad intelectual ejemplos,,0,,0.00,
"derecho,empleo,intelectual,propiedad",derecho de propiedad intelectual empleo,,0,,0.00,
"derecho,intelectual,jardin,propiedad",derecho de propiedad intelectual en los jardines,,0,,0.00,
"derecho,intelectual,panama,propiedad",derecho de propiedad intelectual en panama,,0,,0.00,
"derecho,intelectual,peru,propiedad",derecho de propiedad intelectual en peru,,0,,0.00,
"derecho,historia,intelectual,propiedad",derecho de propiedad intelectual historia,,0,,0.00,
"derecho,intelectual,peru,propiedad",derecho de propiedad intelectual peru,,0,,0.00,
"derecho,intelectual,propiedad,romano",derecho de propiedad intelectual romano,,0,,0.00,
"derecho,ingles,intelectual,propiedad,traduccion",derecho de propiedad intelectual traducción ingles,,0,,0.00,
"derecho,intelectual,patente,propiedad,sirve",derecho de propiedad intelectual y para que sirve y patentes,,0,,0.00,
"deimportancipn,derecho,intelectual,propiedad",derecho deimportancipn propiedad intelectual,,0,,0.00,
"autores,derecho,intelectual,propiedad",derecho del autor y propiedad intelectual,,0,,0.00,
"consumidor,derecho,intelectual,propiedad",derecho del consumidor y propiedad intelectual,,0,,0.00,
"deporte,derecho,intelectual,propiedad",derecho deportivo desde la propiedad intelectual,,0,,0.00,
"derecho,empresarial,intelectual,pdf,propiedad",derecho empresarial y propiedad intelectual pdf,,0,,0.00,
"derecho,economia,intelectual,naranja,propiedad",derecho en propiedad intelectual economia naranja,,0,,0.00,
"derecho,europea,intelectual,propiedad",derecho europeo propiedad intelectual,,0,,0.00,
"comercial,derecho,exclusion,intelectual,nombre,propiedad",derecho exclusivo sobre un nombre comercial propiedad intelectual,,0,,0.00,
"derecho,fundamentos,intelectual,propiedad",derecho fundamental a la propiedad intelectual,,0,,0.00,
"derecho,humano,intelectual,propiedad",derecho humano a la propiedad intelectual,,0,,0.00,
"biologico,derecho,intelectual,propiedad",derecho intelectual a propiedad biologica,,0,,0.00,
"derecho,intelectual,internacional,propiedad",derecho internacional de la propiedad intelectual,,0,,0.00,
"ambiental,derecho,intelectual,internacional,medio,propiedad",derecho internacional medio ambiente y propiedad intelectual,,0,,0.00,
"autores,derecho,intelectual,morales,propiedad",derecho moral del autor propiedad intelectual,,0,,0.00,
"autores,derecho,intelectual,morales,propiedad,toro,vallejo",derecho moral del autor propiedad intelectual toro vallejo,,0,,0.00,
"derecho,intelectual,penal,propiedad",derecho penal propiedad intelectual,,0,,0.00,
"cautelares,colombia,derecho,intelectual,medidas,penal,propiedad",derecho penal propiedad intelectual medidas cautelares colombia,,0,,0.00,
"derecho,intelectual,petitorio,propiedad",derecho petitorio propiedad intelectual,,0,,0.00,
"derecho,intelectual,proceso,propiedad",derecho procesal propiedad intelectual,,0,,0.00,
"bogota,derecho,intelectual,propiedad",derecho propiedad intelectual bogota,,0,,0.00,
"aire,bueno,derecho,intelectual,propiedad",derecho propiedad intelectual buenos aires,,0,,0.00,
"cayetano,derecho,intelectual,propiedad",derecho propiedad intelectual cayetano,,0,,0.00,
"constitucion,derecho,intelectual,propiedad",derecho propiedad intelectual constitucion,,0,,0.00,
"colombia,derecho,intelectual,propiedad",derecho propiedad intelectual en colombia,,0,,0.00,
"derecho,intelectual,pdf,propiedad",derecho propiedad intelectual pdf,,0,,0.00,
"conocimeitno,culturales,d,derecho,ebienes,intelectual,propiedad,yacceso",derecho propiedad intelectual yacceso de conocimeitno d ebienes culturales,,0,,0.00,
"derecho,intelectual,propiedad",derecho sobre propiedad intelectual,,0,,0.00,
"derecho,intelectual,nueva,propiedad,tecnologicos",derecho y nuevas tecnologías propiedad intelectual,,0,,0.00,
"conexos,derecho,intelectual,propiedad",derechos conexos en propiedad intelectual,,0,,0.00,
"colombia,conexos,derecho,intelectual,propiedad",derechos conexos en propiedad intelectual colombian,,0,,0.00,
"argentina,conexos,derecho,intelectual,propiedad",derechos conexos propiedad intelectual argentina,,0,,0.00,
"autores,colombia,derecho,intelectual,propiedad",derechos de autor colombia propiedad intelectual,,0,,0.00,
"autores,derecho,intelectual,propiedad",derechos de autor de la propiedad intelectual,,0,,0.00,
"autores,derecho,intelectual,propiedad",derechos de autor de propiedad intelectual,,0,,0.00,
"autores,contenido,derecho,digitales,intelectual,propiedad",derechos de autor en contenidos digitales propiedad intelectual,,0,,0.00,
"autores,derecho,intelectual,propiedad",derechos de autor la propiedad intelectual,,0,,0.00,
"autores,derecho,intelectual,propiedad",derechos de autor o derechos de propiedad intelectual,,0,,0.00,
"autores,colombia,derecho,intelectual,propiedad",derechos de autor propiedad intelectual en colombia,,0,,0.00,
"autores,derecho,intelectual,licencia,propiedad",derechos de autor propiedad intelectual y licencias,,0,,0.00,
"autores,derecho,ejemplos,intelectual,licencia,propiedad",derechos de autor propiedad intelectual y licencias ejemplos,,0,,0.00,
"autores,derecho,intelectual,plagio,propiedad",derechos de autor propiedad intelectual y plagio,,0,,0.00,
"academico,autores,derecho,intelectual,plagio,propiedad",derechos de autor propiedad intelectual y plagio académico,,0,,0.00,
"autores,derecho,intelectual,propiedad,vs",derechos de autor vs propiedad intelectual,,0,,0.00,
"autores,derecho,intelectual,ley,propiedad",derechos de autor y ley de propiedad intelectual,,0,,0.00,
"autores,derecho,intelectual,propiedad",derechos de autor y propiedad intelectua,,0,,0.00,
"arte,autores,derecho,intelectual,propiedad",derechos de autor y propiedad intelectual arts,,0,,0.00,
"autores,clombia,derecho,intelectual,propiedad",derechos de autor y propiedad intelectual clombia,,0,,0.00,
"autores,colombia,derecho,gratis,intelectual,propiedad",derechos de autor y propiedad intelectual colombia gratis,,0,,0.00,
"autores,derecho,intelectual,propiedad,proyecto,registro",derechos de autor y propiedad intelectual como registro un proyecto,,0,,0.00,
"autores,colombia,compartir,derecho,intelectual,propiedad",derechos de autor y propiedad intelectual compartidos colombia,,0,,0.00,
"artesanias,autores,derecho,intelectual,propiedad",derechos de autor y propiedad intelectual de artesanias,,0,,0.00,
"autores,definicion,derecho,intelectual,propiedad",derechos de autor y propiedad intelectual definicion,,0,,0.00,
"autores,derecho,diferencia,intelectual,propiedad",derechos de autor y propiedad intelectual diferencias,,0,,0.00,
"autores,bogota,derecho,direccion,intelectual,propiedad",derechos de autor y propiedad intelectual direccion bogota,,0,,0.00,
"autores,colombia,costo,derecho,intelectual,propiedad,software",derechos de autor y propiedad intelectual en colombia costos software,,0,,0.00,
"autores,derecho,desarrollo,intelectual,propiedad,tecnologicos",derechos de autor y propiedad intelectual en el desarrollo tecnologico,,0,,0.00,
"autores,derecho,entorno,intelectual,propiedad,virtual",derechos de autor y propiedad intelectual en entornos virtuales,,0,,0.00,
"autores,derecho,gerencia,informe,intelectual,propiedad",derechos de autor y propiedad intelectual en informes de gerencia,,0,,0.00,
"autores,colombia,derecho,intelectual,internet,propiedad",derechos de autor y propiedad intelectual en internet colombia,,0,,0.00,
"autores,derecho,economica,intelectual,naranja,propiedad",derechos de autor y propiedad intelectual en la economía naranja,,0,,0.00,
"autores,derecho,digital,intelectual,propiedad",derechos de autor y propiedad intelectual en la era digital,,0,,0.00,
"autores,derecho,educativa,instituciones,intelectual,propiedad",derechos de autor y propiedad intelectual en las instituciones educativas,,0,,0.00,
"autores,derecho,intelectual,multimedia,productos,propiedad",derechos de autor y propiedad intelectual en productos multimedia,,0,,0.00,
"autores,derecho,intelectual,mismo,propiedad",derechos de autor y propiedad intelectual es lo mismo,,0,,0.00,
"autores,colombia,derecho,esal,intelectual,propiedad",derechos de autor y propiedad intelectual esal colombia,,0,,0.00,
"autores,derecho,fotocopiadora,intelectual,propiedad",derechos de autor y propiedad intelectual fotocopias,,0,,0.00,
"articulo,autores,derecho,fotocopiadora,intelectual,propiedad",derechos de autor y propiedad intelectual fotocopias articulo,,0,,0.00,
"autores,derecho,fotografia,intelectual,propiedad",derechos de autor y propiedad intelectual fotografias,,0,,0.00,
"autores,derecho,intelectual,internacional,propiedad",derechos de autor y propiedad intelectual internacional,,0,,0.00,
"autores,derecho,intelectual,jurisprudencia,propiedad",derechos de autor y propiedad intelectual jurisprudencia,,0,,0.00,
"autores,colombia,derecho,intelectual,ley,propiedad",derechos de autor y propiedad intelectual ley colombia,,0,,0.00,
"autores,derecho,intelectual,normas,propiedad",derechos de autor y propiedad intelectual norma,,0,,0.00,
"autores,derecho,intelectual,olombia,propiedad",derechos de autor y propiedad intelectual olombia,,0,,0.00,
"autores,derecho,intelectual,ley,pdf,propiedad",derechos de autor y propiedad intelectual pdf leyes,,0,,0.00,
"autores,colombia,derecho,intelectual,ley,pdf,propiedad",derechos de autor y propiedad intelectual pdf leyes colombia,,0,,0.00,
"2018,autores,derecho,intelectual,ley,propiedad,proyecto",derechos de autor y propiedad intelectual proyecto de ley 2018,,0,,0.00,
"autores,derecho,intelectual,obra,propiedad,registrode",derechos de autor y propiedad intelectual registrode obras,,0,,0.00,
"autores,derecho,intelectual,propiedad,sena",derechos de autor y propiedad intelectual sena,,0,,0.00,
"autores,derecho,intelectual,propiedad,sisjur",derechos de autor y propiedad intelectual sisjur,,0,,0.00,
"autores,derecho,intelectual,pintura,propiedad,sisjur",derechos de autor y propiedad intelectual sisjur pinturas,,0,,0.00,
"autores,derecho,intelectual,propiedad,ucc",derechos de autor y propiedad intelectual ucc,,0,,0.00,
"autores,derecho,intelectual,propiedad,tramite,ver",derechos de autor y propiedad intelectual ver tramite,,0,,0.00,
"derecho,exclusion,intelectual,propiedad",derechos de exclusividad y propiedad intelectual,,0,,0.00,
"aplicacion,derecho,exclusion,intelectual,propiedad,web",derechos de exclusividad y propiedad intelectual aplicacion web,,0,,0.00,
"derecho,explotación,intelectual,propiedad",derechos de explotación propiedad intelectual,,0,,0.00,
"derecho,intelectual,peru,propiedad",derechos de la propiedad intelectual en peru,,0,,0.00,
"agro,derecho,intelectual,propiedad",derechos de propiedad intelectual agro,,0,,0.00,
"argentina,derecho,intelectual,propiedad",derechos de propiedad intelectual argentina,,0,,0.00,
"articulo,derecho,intelectual,propiedad",derechos de propiedad intelectual articulos,,0,,0.00,
"chile,derecho,intelectual,propiedad",derechos de propiedad intelectual chile,,0,,0.00,
"2018,colombia,derecho,intelectual,propiedad",derechos de propiedad intelectual colombia 2018,,0,,0.00,
"cine,colombia,derecho,intelectual,propiedad",derechos de propiedad intelectual colombia cine,,0,,0.00,
"aula,colombia,derecho,intelectual,propiedad",derechos de propiedad intelectual colombia en el aula,,0,,0.00,
"avianca,derecho,intelectual,propiedad",derechos de propiedad intelectual de avianca,,0,,0.00,
"bavaria,derecho,intelectual,propiedad",derechos de propiedad intelectual de bavaria,,0,,0.00,
"coco,cola,derecho,intelectual,propiedad",derechos de propiedad intelectual de coca cola,,0,,0.00,
"derecho,intelectual,nestle,propiedad",derechos de propiedad intelectual de nestle,,0,,0.00,
"autores,conexos,derecho,intelectual,propiedad",derechos de propiedad intelectual derecho de autor y derechos conexos,,0,,0.00,
"arquitectonico,derecho,diseño,intelectual,propiedad",derechos de propiedad intelectual diseño arquitectonico,,0,,0.00,
"derecho,dpi,intelectual,propiedad",derechos de propiedad intelectual dpi,,0,,0.00,
"derecho,individual,intelectual,propiedad",derechos de propiedad intelectual e individual,,0,,0.00,
"derecho,ecuador,intelectual,propiedad",derechos de propiedad intelectual ecuador,,0,,0.00,
"derecho,ejemplos,intelectual,propiedad",derechos de propiedad intelectual ejemplo,,0,,0.00,
"avianca,derecho,intelectual,propiedad",derechos de propiedad intelectual en avianca,,0,,0.00,
"chile,derecho,intelectual,propiedad",derechos de propiedad intelectual en chile,,0,,0.00,
"2017,colombia,derecho,intelectual,propiedad",derechos de propiedad intelectual en colombia 2017,,0,,0.00,
"2019,colombia,derecho,intelectual,propiedad",derechos de propiedad intelectual en colombia 2019,,0,,0.00,
"citas,colombia,derecho,intelectual,propiedad",derechos de propiedad intelectual en colombia citar,,0,,0.00,
"colombia,derecho,intelectual,precio,propiedad",derechos de propiedad intelectual en colombia precio,,0,,0.00,
"corea,derecho,intelectual,propiedad,sur",derechos de propiedad intelectual en corea del sur,,0,,0.00,
"derecho,economia,intelectual,propiedad",derechos de propiedad intelectual en economia,,0,,0.00,
"comercial,derecho,intelectual,propiedad",derechos de propiedad intelectual en el comercio,,0,,0.00,
"comercial,derecho,intelectual,internacional,propiedad",derechos de propiedad intelectual en el comercio internacional,,0,,0.00,
"970,derecho,documentos,intelectual,propiedad",derechos de propiedad intelectual en el documental 970,,0,,0.00,
"colombia,derecho,eldiseño,intelectual,moda,propiedad",derechos de propiedad intelectual en eldiseño de modas colombia,,0,,0.00,
"derecho,intelectual,propiedad,unidos",derechos de propiedad intelectual en estados unidos,,0,,0.00,
"derecho,india,intelectual,propiedad",derechos de propiedad intelectual en india,,0,,0.00,
"derecho,intelectual,internet,propiedad",derechos de propiedad intelectual en internet,,0,,0.00,
"artesanias,derecho,intelectual,propiedad",derechos de propiedad intelectual en la artesania,,0,,0.00,
"derecho,intelectual,propiedad,software",derechos de propiedad intelectual en software,,0,,0.00,
"derecho,intelectual,multas,propiedad,software",derechos de propiedad intelectual en software multas,,0,,0.00,
"derecho,intelectual,marca,propiedad",derechos de propiedad intelectual en una marca,,0,,0.00,
"derecho,españa,intelectual,propiedad",derechos de propiedad intelectual españa,,0,,0.00,
"derecho,intelectual,internacional,propiedad",derechos de propiedad intelectual internacional,,0,,0.00,
"derecho,intelectual,lexico,propiedad",derechos de propiedad intelectual lexica,,0,,0.00,
"derecho,intelectual,mapa,mental,propiedad",derechos de propiedad intelectual mapa mental,,0,,0.00,
"derecho,intelectual,mexico,propiedad",derechos de propiedad intelectual mexico,,0,,0.00,
"apa,derecho,intelectual,normas,propiedad",derechos de propiedad intelectual normas apa,,0,,0.00,
"concurso,derecho,fotografia,intelectual,propiedad",derechos de propiedad intelectual para concurso de fotografia,,0,,0.00,
"cultivo,derecho,intelectual,propiedad,transgenicos",derechos de propiedad intelectual para cultivos transgenicos,,0,,0.00,
"derecho,intelectual,peru,propiedad",derechos de propiedad intelectual peru,,0,,0.00,
"derecho,intelectual,png,propiedad",derechos de propiedad intelectual png,,0,,0.00,
"derecho,intelectual,privada,propiedad",derechos de propiedad intelectual privados,,0,,0.00,
"colombia,derecho,exportar,intelectual,propiedad",derechos de propiedad intelectual que exporta colombia,,0,,0.00,
"derecho,intelectual,propiedad",derechos de propiedad intelectual que son,,0,,0.00,
"ceballos,derecho,intelectual,molano,propiedad,raquel",derechos de propiedad intelectual raquel ceballos molano,,0,,0.00,
"arte,derecho,intelectual,kamentsa,manual,propiedad",derechos de propiedad intelectual sobre el arte manual kamentsa,,0,,0.00,
"derecho,intelectual,propiedad,regimenes,variedades,vegetales",derechos de propiedad intelectual sobre variedades vegetales regímenes,,0,,0.00,
"derecho,intelectual,propiedad,syllabus",derechos de propiedad intelectual syllabus,,0,,0.00,
"derecho,intelectual,propiedad,tlcan",derechos de propiedad intelectual tlcan,,0,,0.00,
"derecho,intelectual,ogm,propiedad",derechos de propiedad intelectual y los ogm,,0,,0.00,
"derecho,informe,intelectual,propiedad,sistema",derechos de propiedad intelectual y los sistemas de información,,0,,0.00,
"derecho,intelectual,patente,propiedad",derechos de propiedad intelectual y patentes,,0,,0.00,
"choque,derecho,intelectual,propiedad",derechos de propiedad intelectual y su choque con otros derechos,,0,,0.00,
"derecho,intelectual,propiedad",derechos de propiedad propiedad intelectual,,0,,0.00,
"derecho,intelectual,propiedad",derechos de una propiedad intelectual,,0,,0.00,
"autores,derecho,intelectual,propiedad",derechos del autor o propiedad intelectual,,0,,0.00,
"autores,derecho,intelectual,propiedad",derechos del autor y propiedad intelectual,,0,,0.00,
"autores,colombiano,derecho,intelectual,propiedad",derechos del autor y propiedad intelectual colombiano,,0,,0.00,
"autores,derecho,imagenes,intelectual,propiedad",derechos del autor y propiedad intelectual imagenes,,0,,0.00,
"autores,derecho,educativa,imagenes,intelectual,propiedad",derechos del autor y propiedad intelectual imagenes educativas,,0,,0.00,
"autores,derecho,intelectual,propiedad,wikipedia",derechos del autor y propiedad intelectual wikipedia,,0,,0.00,
"colombia,derecho,derivada,intelectual,propiedad",derechos derivados de la propiedad intelectual en colombia,,0,,0.00,
"derecho,economica,intelectual,propiedad",derechos economicos por propiedad intelectual,,0,,0.00,
"derecho,intelectual,material,propiedad,tlcan",derechos en materia de propiedad intelectual tlcan,,0,,0.00,
"derecho,fundamentales,intelectual,propiedad",derechos fundamentales de la propiedad intelectual,,0,,0.00,
"colombia,derecho,fundamentales,intelectual,propiedad",derechos fundamentales de la propiedad intelectual en colombia,,0,,0.00,
"derecho,fundamentales,intelectual,propiedad,relacion",derechos fundamentales relacionados con la propiedad intelectual,,0,,0.00,
"derecho,humano,intelectual,propiedad,universales",derechos humanos universales propiedad intelectual,,0,,0.00,
"derecho,inherente,intelectual,propiedad",derechos inherentes a la propiedad intelectual,,0,,0.00,
"derecho,diferencia,intelectual,morales,propiedad",derechos morales diferencia propiedad intelectual,,0,,0.00,
"conciliación,derecho,intelectual,morales,propiedad,puede",derechos morales en propiedad intelectual se pueden conciliar,,0,,0.00,
"conciliación,derecho,intelectual,morales,propiedad,puede",derechos morales en propiedad intelectual se pueden conciliar+,,0,,0.00,
"derecho,intelectual,patrimoniales,propiedad",derechos patrimoniales de propiedad intelectual,,0,,0.00,
"derecho,intelectual,patrimoniales,propiedad",derechos patrimoniales de una propiedad intelectual,,0,,0.00,
"codigo,colombia,delito,derecho,intelectual,penal,propiedad",derechos propiedad intelectual codigo penal colombia delitos,,0,,0.00,
"colombia,derecho,intelectual,propiedad",derechos propiedad intelectual colombia,,0,,0.00,
"derecho,documentos,intelectual,propiedad",derechos propiedad intelectual de un documento,,0,,0.00,
"colombia,derecho,documentos,intelectual,propiedad",derechos propiedad intelectual de un documento colombia,,0,,0.00,
"derecho,españa,intelectual,propiedad",derechos propiedad intelectual españa,,0,,0.00,
"derecho,fotografia,intelectual,propiedad",derechos propiedad intelectual fotografia,,0,,0.00,
"derecho,fotografia,intelectual,propiedad,sic",derechos propiedad intelectual fotografia sic,,0,,0.00,
"derecho,intelectual,ley,propiedad,proteger",derechos que protegen las leyes de propiedad intelectual,,0,,0.00,
"derecho,intelectual,pdf,propiedad",derechos sobre propiedad intelectual pdf,,0,,0.00,
"derecho,intelectual,propiedad,supranacionales",derechos supranacionales propiedad intelectual,,0,,0.00,
"derecho,intelectual,obligaciones,propiedad",derechos y obligaciones de la propiedad intelectual,,0,,0.00,
"derecho,intelectual,propiedad",derechos y propiedad intelectual,,0,,0.00,
"alternantivas,dereho,forma,intelectual,propiedad",derehos de propiedad y formas alternantivas a la propiedad intelectual,,0,,0.00,
"desafio,futuro,intelectual,propiedad",desafios de la propiedad intelectual del futuro,,0,,0.00,
"desarrollo,intelectual,propiedad",desarrollo de la propiedad intelectual,,0,,0.00,
"desarrollo,intelectual,propiedad",desarrollo de propiedad intelectual,,0,,0.00,
"desarrollo,intelectual,propiedad,software",desarrollo de software propiedad intelectual,,0,,0.00,
"descargar,intelectual,ley,propiedad",descargar ley propiedad intelectual,,0,,0.00,
"descargar,industrial,intelectual,propiedad,proteccion",descargar proteccion de la propiedad industrial e intelectual,,0,,0.00,
"descargar,ilegal,intelectual,pdf,propiedad",descargar un pdf es ilegal contra la propiedad intelectual,,0,,0.00,
"colombia,descertificación,intelectual,propiedad",descertificación de colombia propiedad intelectual,,0,,0.00,
"describir,historia,intelectual,propiedad",describa la historia de la propiedad intelectual,,0,,0.00,
"descripcion,intelectual,propiedad,registro",descripcion de registro de la propiedad intelectual,,0,,0.00,
"colombia,descripcion,intelectual,propiedad,registro",descripcion de registro de la propiedad intelectual en colombia,,0,,0.00,
"023,acuerdo,corte,descripcion,estatuto,intelectual,propiedad",descripción corta estatuto de propiedad intelectual acuerdo 023,,0,,0.00,
"023,acuerdo,corte,descripcion,estatuto,intelectual,propiedad,univalle",descripción corta estatuto de propiedad intelectual acuerdo 023 univalle,,0,,0.00,
"descripcion,industrial,intelectual,propiedad,publico,registro",descripción de publicaciones y registros de propiedad industrial o intelectual,,0,,0.00,
"colombia,habla,intelectual,propiedad",desde cuando se habla de propiedad intelectual en colombia,,0,,0.00,
"habla,intelectual,propiedad",desde cuando se habla sobre propiedad intelectual,,0,,0.00,
"intelectual,propiedad,solicitud",desde la solicitud propiedad intelectual,,0,,0.00,
"años,intelectual,nacido,propiedad",desde que año nace propiedad intelectual,,0,,0.00,
"can,desiciones,intelectual,propiedad",desicion de la can propiedad intelectual,,0,,0.00,
"abogado,despacho,intelectual,propiedad",despacho abogados de propiedad intelectual,,0,,0.00,
"abogado,despacho,intelectual,madre,propiedad",despacho abogados de propiedad intelectual en madrid,,0,,0.00,
"abogado,despacho,intelectual,propiedad",despachos abogados propiedad intelectual,,0,,0.00,
"despacho,especializaciones,intelectual,propiedad",despachos especializados en propiedad intelectual,,0,,0.00,
"cdmx,despacho,intelectual,propiedad",despachos propiedad intelectual cdmx,,0,,0.00,
"despierta,intelectual,propiedad",despierta la propiedad intelectual,,0,,0.00,
"desventajas,intelectual,propiedad",desventajas de la propiedad intelectual,,0,,0.00,
"desventajas,farmaceutica,industrial,intelectual,propiedad",desventajas propiedad intelectual en industria farmaceutica,,0,,0.00,
"autores,detecho,intelectual,propiedad",detechos de autor y propiedad intelectual,,0,,0.00,
"2017,andina,comunidad,dia,intelectual,propiedad",dia de la propiedad intelectual 2017 comunidad andina,,0,,0.00,
"2019,dia,intelectual,mundial,propiedad",dia mundial de la propiedad intelectual 2019,,0,,0.00,
"2019,dia,intelectual,mundial,propiedad,uis",dia mundial de la propiedad intelectual 2019 uis,,0,,0.00,
"autores,derecho,dia,intelectual,mundial,propiedad",dia mundial de los derechos de autor y propiedad intelectual,,0,,0.00,
"dia,intelectual,propiedad,worldipday",dia propiedad intelectual worldipday,,0,,0.00,
"diagrama,flujo,intelectual,propiedad",diagrama de flujo propiedad intelectual,,0,,0.00,
"diagrama,intelectual,propiedad,universidad",diagrama del universo de la propiedad intelectual,,0,,0.00,
"dian,intelectual,propiedad",dian propiedad intelectual,,0,,0.00,
"dian,intelectual,propiedad,uribe",diana uribe propiedad intelectual,,0,,0.00,
"autores,derecho,diapositivas,intelectual,propiedad",diapositivas derechos de autor y propiedad intelectual,,0,,0.00,
"autores,derecho,diapositivas,intelectual,niños,propiedad",diapositivas derechos de autor y propiedad intelectual para niños,,0,,0.00,
"diapositivas,hechos,intelectual,plantas,propiedad,trabajo",diapositivas trabajos hechos sobre propiedad intelectual sobre las plantas,,0,,0.00,
"dibamica,intelectual,propiedad",dibam propiedad intelectual,,0,,0.00,
"dibujos,intelectual,propiedad,protegere",dibujo de el estado protegera la propiedad intelectual dibujos,,0,,0.00,
"dibujos,intelectual,propiedad,proteccion",dibujos de proteccion de propiedad intelectual,,0,,0.00,
"bilingue,diccionario,intelectual,libro,propiedad",diccionario bilingue de propiedad intelectual libro,,0,,0.00,
"diccionario,intelectual,propiedad",diccionario de propiedad intelectual,,0,,0.00,
"diferecnai,industrial,intelectual,propiedad",diferecnai entre propiedad intelectual y propiedad industrial,,0,,0.00,
"autores,coautor,consejo,diferencia,intelectual,propiedad",diferencia de autor y coautor consejo de estado propiedad intelectual,,0,,0.00,
"diferencia,intelectual,propiedad",diferencia de la propiedad intelectual,,0,,0.00,
"diferencia,intelectual,ley,propiedad",diferencia de las leyes de propiedad intelectual,,0,,0.00,
"diferencia,industrial,intelectual,propiedad",diferencia de propiedad industrial y propiedad intelectual,,0,,0.00,
"autores,derecho,diferencia,intelectual,propiedad",diferencia derechos de autor y propiedad intelectual,,0,,0.00,
"autores,derecho,diferencia,intelectual,propiedad",diferencia entre derechos de autor y derechos de propiedad intelectual,,0,,0.00,
"autores,colombia,derecho,diferencia,intelectual,propiedad",diferencia entre derechos de autor y propiedad intelectual colombia,,0,,0.00,
"diferencia,explotacion,intelectual,propiedad,regalias",diferencia entre explotacion de la propiedad intelectual y regalias,,0,,0.00,
"diferencia,horizontal,intelectual,propiedad",diferencia entre la propiedad horizontal y la intelectual,,0,,0.00,
"diferencia,industrial,intelectual,propiedad",diferencia entre la propiedad industrial e intelectual,,0,,0.00,
"colombia,diferencia,industrial,intelectual,propiedad",diferencia entre la propiedad industrial e intelectual en colombia,,0,,0.00,
"diferencia,intelectual,ordinario,propiedad",diferencia entre la propiedad intelectual y la ordinaria,,0,,0.00,
"diferencia,dominio,intelectual,nombre,propiedad",diferencia entre nombre de dominio y propiedad intelectual,,0,,0.00,
"colombia,diferencia,industrial,intelectual,propiedad",diferencia entre propiedad industrial y propiedad intelectual en colombia,,0,,0.00,
"autores,derecho,diferencia,industrial,intelectual,propiedad",diferencia entre propiedad intelectual derecho de autor y propiedad industria,,0,,0.00,
"autores,derecho,diferencia,industrial,intelectual,propiedad",diferencia entre propiedad intelectual derecho de autor y propiedad industrial,,0,,0.00,
"common,creatividad,diferencia,intelectual,propiedad",diferencia entre propiedad intelectual y creative commons,,0,,0.00,
"derecho,diferencia,intelectual,propiedad",diferencia entre propiedad intelectual y derecho intelectual,,0,,0.00,
"autores,colombia,derecho,diferencia,intelectual,propiedad",diferencia entre propiedad intelectual y derechos de autor colombia,,0,,0.00,
"diferencia,industrial,intelectual,mexico,propiedad",diferencia entre propiedad intelectual y propiedad industrial en mexico,,0,,0.00,
"diferencia,intelectual,morales,propiedad",diferencia entre propiedad intelectual y propiedad moral,,0,,0.00,
"diferencia,explotacion,intelectual,propiedad,regalias",diferencia entre regalia y explotacion propiedad intelectual,,0,,0.00,
"diferencia,explotacion,intelectual,propiedad,regalias",diferencia entre regalias y explotacion a la propiedad intelectual,,0,,0.00,
"diferencia,intelectual,propiedad,regalias",diferencia entre regalias y propiedad intelectual,,0,,0.00,
"diferencia,industrial,intelectual,propiedad",diferencia propiedad industrial de propiedad intelectual,,0,,0.00,
"autores,derecho,diferencia,intelectual,propiedad",diferencia propiedad intelectual y derechos de autor,,0,,0.00,
"diferencia,intelectual,propiedad",diferencias de la propiedad intelectual,,0,,0.00,
"colombia,diferencia,industrial,intelectual,propiedad",diferencias entre propiedad intelectual e industrial en colombia,,0,,0.00,
"autores,cuadro,derecho,diferencia,intelectual,propiedad",diferencias entre propiedad intelectual y derechos de autor cuadro,,0,,0.00,
"diferencia,intelectual,morales,propiedad",diferencias entre propiedad intelectual y propiedad moral,,0,,0.00,
"diferencia,intelectual,morales,propiedad",diferencias entre propiedad intelectual y propiedad morales,,0,,0.00,
"diferencia,intelectual,ordinario,propiedad",diferencias entre propiedad ordinaria y propiedad intelectual,,0,,0.00,
"autores,derecho,diferencia,intelectual,propiedad",diferencias propiedad intelectual y derechos de autor,,0,,0.00,
"comunidad,diferencia,intelectual,propiedad",diferencias propiedad intelectual y propiedad comun,,0,,0.00,
"diferencia,intelectual,plagio,propiedad",diferencias sobre propiedad intelectual y plagio,,0,,0.00,
"diferencia,intelectual,propiedad,tipos",diferentes tipos de propiedad intelectual,,0,,0.00,
"dificultad,intelectual,obtener,propiedad",dificultad para obtener propiedad intelectual,,0,,0.00,
"dificultades,intelectual,propiedad",dificultades propiedad intelectual,,0,,0.00,
"digitales,intelectual,propiedad",digitales propiedad intelectual,,0,,0.00,
"dimenciones,intelectual,propiedad",dimenciones de la propiedad intelectual,,0,,0.00,
"asuncion,dinapi,direccion,intelectual,nacional,propiedad",dinapi dirección nacional de propiedad intelectual asunción,,0,,0.00,
"diplomado,gestion,intelectual,propiedad",diplomado de gestion de propiedad intelectual,,0,,0.00,
"consumidor,derecho,diplomado,intelectual,propiedad",diplomado en derecho del consumidor y propiedad intelectual,,0,,0.00,
"arboleda,diplomado,gestion,intelectual,propiedad,sergio,universidad",diplomado en gestion de propiedad intelectual universidad sergio arboleda,,0,,0.00,
"diplomado,industrial,intelectual,propiedad",diplomado en propiedad industrial e intelectual,,0,,0.00,
"2018,diplomado,intelectual,propiedad",diplomado en propiedad intelectual 2018,,0,,0.00,
"diplomado,eafit,intelectual,propiedad",diplomado en propiedad intelectual eafit,,0,,0.00,
"diplomado,intelectual,iser,propiedad",diplomado en propiedad intelectual iser,,0,,0.00,
"2018,diplomado,intelectual,internacional,propiedad",diplomado internacional de propiedad intelectual 2018,,0,,0.00,
"bogota,diplomado,intelectual,propiedad",diplomado propiedad intelectual bogota,,0,,0.00,
"bogota,diplomado,intelectual,propiedad",diplomado propiedad intelectual bogotá,,0,,0.00,
"colombia,diplomado,intelectual,propiedad",diplomado propiedad intelectual colombia,,0,,0.00,
"diplomado,eafit,intelectual,propiedad",diplomado propiedad intelectual eafit,,0,,0.00,
"diplomado,icesi,intelectual,propiedad",diplomado propiedad intelectual icesi,,0,,0.00,
"diplomado,intelectual,medellin,propiedad",diplomado propiedad intelectual medellin,,0,,0.00,
"diplomado,intelectual,propiedad,uninorte",diplomado propiedad intelectual uninorte,,0,,0.00,
"diplomado,intelectual,medellin,propiedad,upb",diplomado propiedad intelectual upb medellín,,0,,0.00,
"diplomado,intelectual,propiedad,virtual",diplomado virtual de propiedad intelectual,,0,,0.00,
"diplomado,intelectual,propiedad,virtual",diplomado virtual propiedad intelectual,,0,,0.00,
"diplomatura,intelectual,propiedad",diplomatura en propiedad intelectual,,0,,0.00,
"autores,derecho,direccion,intelectual,propiedad",direccion de de derechos de autor y propiedad intelectual,,0,,0.00,
"conocimiento,direccion,intelectual,propiedad,transferencia,unimag",direccion de transferencia de conocimiento y propiedad intelectual unimag,,0,,0.00,
"delito,direccion,intelectual,propiedad",direccion delitos propiedad intelectual,,0,,0.00,
"colombia,desarrollo,direccion,division,intelectual,ministerio,propiedad",direccion ministerio de desarrollo division de propiedad intelectual colombia,,0,,0.00,
"autores,derecho,direccion,intelectual,nacional,propiedad",direccion nacional de derechos de autor y propiedad intelectual,,0,,0.00,
"direccion,escuela,intelectual,manual,nacional,policia,propiedad",direccion nacional de escuelas de policia manual de propiedad intelectual,,0,,0.00,
"direccion,extension,innovacion,intelectual,nacional,propiedad",direccion nacional de extension innovacion y propiedad intelectual,,0,,0.00,
"direccion,extension,innovacion,intelectual,nacional,propiedad",direccion nacional de extension innovacion y propiedad intelectual extension,,0,,0.00,
"argentina,direccion,intelectual,nacional,propiedad,registro",direccion nacional del registro de la propiedad intelectual argentina,,0,,0.00,
"direccion,extensiones,innovación,intelectual,nacional,propiedad,unal",dirección nacional de extensión innovación y propiedad intelectual unal,,0,,0.00,
"colombia,direccion,intelectual,nacional,propiedad",dirección nacional de propiedad intelectual colombia,,0,,0.00,
"000025,directo,intelectual,propiedad",directiva 000025 propiedad intelectual,,0,,0.00,
"director,externa,intelectual,propiedad",director de propiedad intelectual en el externado,,0,,0.00,
"director,intelectual,propiedad,revista",director de revista propiedad intelectual,,0,,0.00,
"directrices,intelectual,propiedad",directrices de propiedad intelectual,,0,,0.00,
"directrices,intelectual,javeriana,propiedad",directrices de propiedad intelectual javeriana,,0,,0.00,
"directrices,gestion,intelectual,propiedad",directrices para la gestión de la propiedad intelectual,,0,,0.00,
"disciplina,intelectual,propiedad",disciplinas de la propiedad intelectual,,0,,0.00,
"disciplina,intelectual,propiedad",disciplinas de propiedad intelectual,,0,,0.00,
"disciplina,intelectual,propiedad,relacion",disciplinas relacionadas con la propiedad intelectual,,0,,0.00,
"disclaimer,intelectual,propiedad",disclaimer de propiedad intelectual,,0,,0.00,
"disclaimer,documentos,intelectual,propiedad",disclaimer de propiedad intelectual en documento,,0,,0.00,
"actividades,diseño,intelectual,propiedad",diseño actividad de propiedad intelectual,,0,,0.00,
"circuito,diseño,intelectual,propiedad",diseño de circuitos propiedad intelectual,,0,,0.00,
"circuito,diseño,ejemplis,intelectual,propiedad",diseño de circuitos propiedad intelectual ejempli,,0,,0.00,
"compact,diseño,genero,grua,intelectual,propiedad",diseño generico compactadores gruas propiedad intelectual,,0,,0.00,
"diseño,ejemplos,industrial,intelectual,propiedad",diseño industrial ejemplos propiedad intelectual,,0,,0.00,
"diseño,empleo,industrial,intelectual,propiedad",diseño industrial propiedad intelectual empleo,,0,,0.00,
"diseño,intelectual,legislacion,propiedad,uao",diseño legislacion y propiedad intelectual uao,,0,,0.00,
"diseño,intelectual,propiedad",diseño propiedad intelectual,,0,,0.00,
"concordancia,diseño,intelectual,normatividad,propiedad,tic",diseño propiedad intelectual y las tic y normatividad concordante,,0,,0.00,
"diseño,intelectual,propiedad,urbanistico",diseño urbanístico propiedad intelectual,,0,,0.00,
"diseño,intelectual,propiedad",diseños propiedad intelectual,,0,,0.00,
"colombia,diversidad,forma,intelectual,propiedad",diversas formas de propiedad intelectual en colombia,,0,,0.00,
"derecho,division,intelectual,propiedad",division de los derechos de propiedad intelectual,,0,,0.00,
"camara,comercial,division,intelectual,propiedad",division de propiedad intelectual camara de comercio,,0,,0.00,
"camara,comercial,division,intelectual,medellin,propiedad",division de propiedad intelectual camara de comercio medellin,,0,,0.00,
"divisiones,intelectual,ompi,propiedad",división propiedad intelectual ompi,,0,,0.00,
"divulgacion,intelectual,material,propiedad",divulgacion en materia de propiedad intelectual,,0,,0.00,
"450,dl,gestion,intelectual,propiedad",dl-450 gestión de la propiedad intelectual,,0,,0.00,
"001,curso,dl,dl001s,general,intelectual,ompi,propiedad",dl001s dl-001 curso general de propiedad intelectual en la ompi,,0,,0.00,
"dnda,intelectual,propiedad,registro",dnda registro propiedad intelectual,,0,,0.00,
"dnx,intelectual,propiedad",dnx tiene propiedad intelectual,,0,,0.00,
"doctor,etica,intelectual,propiedad",doctorado en etica y propiedad intelectual,,0,,0.00,
"183932342,documentos,intelectual,propiedad",document 183932342 propiedad-intelectual,,0,,0.00,
"documentos,doh,intelectual,propiedad,tlc",documental del tlc doha propiedad intelectual,,0,,0.00,
"colombia,documentos,intelectual,propiedad,proteccion",documento con proteccion de la propiedad intelectual en colombia,,0,,0.00,
"cesion,colombia,derecho,documentos,intelectual,propiedad",documento de cesión de derechos sobre propiedad intelectual colombia,,0,,0.00,
"autores,derecho,documentos,intelectual,pdf,propiedad",documento de derecho de autor y propiedad intelectual pdf,,0,,0.00,
"documentos,estrategias,intelectual,propiedad",documento de estrategia de propiedad intelectual,,0,,0.00,
"documentos,intelectual,marca,propiedad",documento de marca y propiedad intelectual,,0,,0.00,
"documentos,intelectual,propiedad,proyecto",documento de propiedad intelectual de un proyecto,,0,,0.00,
"documentos,intelectual,propiedad,tesis,univalle",documento de propiedad intelectual tesis univalle,,0,,0.00,
"documentos,intelectual,propiedad,word",documento de word con propiedad intelectual,,0,,0.00,
"colombia,documentos,intelectual,propiedad,registro",documentos de propiedad intelectual colombia registro,,0,,0.00,
"dar,documentos,intelectual,proceso,propiedad,soporte",documentos para dar soporte a los procesos de propiedad intelectual,,0,,0.00,
"documentos,intelectual,propiedad,registro",documentos para registro propiedad intelectual,,0,,0.00,
"doh,intelectual,propiedad",doha propiedad intelectual,,0,,0.00,
"domus,intelectual,propiedad",domus propiedad intelectual,,0,,0.00,
"denuncia,intelectual,propiedad",donde denuncia propiedad intelectual,,0,,0.00,
"demanda,hago,intelectual,propiedad",donde hago una demanda de propiedad intelectual,,0,,0.00,
"intelectual,pago,propiedad",donde pagar por propiedad intelectual,,0,,0.00,
"colombia,intelectual,pago,propiedad",donde pagar por propiedad intelectual colombia,,0,,0.00,
"colombua,intelectual,pago,propiedad",donde pagar por propiedad intelectual colombua,,0,,0.00,
"aula,intelectual,propiedad,queda,sic",donde queda el aula de propiedad intelectual de la sic,,0,,0.00,
"autores,colombia,derecho,intelectual,propiedad,registro",donde registrar derechos de autor y propiedad intelectual colombia,,0,,0.00,
"derecho,españa,intelectual,propiedad,registro",donde registrar los derechos de propiedad intelectual en españa,,0,,0.00,
"cali,intelectual,propiedad,registro",donde registrar una propiedad intelectual en cali,,0,,0.00,
"colombia,intelectual,propiedad,registro",donde registro de la propiedad intelectual en colombia,,0,,0.00,
"colombia,intelectual,propiedad,registro",donde registro la propiedad intelectual en colombia,,0,,0.00,
"aplicaciones,intelectual,propiedad",donde se aplica la propiedad intelectual,,0,,0.00,
"colombia,demanda,intelectual,propiedad",donde se demanda propiedad intelectual.en.colombia,,0,,0.00,
"encuentra,fiscalia,intelectual,nacional,propiedad,unidos",donde se encuentra la fiscalia unidad nacional propiedad intelectual,,0,,0.00,
"constitucion,habla,intelectual,propiedad",donde se habla de propiedad intelectual en la constitucion,,0,,0.00,
"hacer,intelectual,propiedad,registro",donde se hace el registro de propiedad intelectual,,0,,0.00,
"intelectual,propiedad,proteger",donde se protege la propiedad intelectual,,0,,0.00,
"colombia,intelectual,medellin,propiedad,regiestro",donde se regiestra la propiedad intelectual en medellin colombia,,0,,0.00,
"bogota,intelectual,musica,propiedad,registro",donde se registra la propieda intelectual de musica en bogota,,0,,0.00,
"colombia,intelectual,medellin,propiedad,registro",donde se registra la propiedad intelectual en medellin colombia,,0,,0.00,
"intelectual,propiedad,registro",donde se registra propiedad intelectual,,0,,0.00,
"colombia,intelectual,propiedad,registro",donde se registra propiedad intelectual colombia,,0,,0.00,
"industrial,intelectual,propiedad,utiliza",donde se utiliza la propiedad intelectual e industrial,,0,,0.00,
"ingles,intelectual,propiedad,utiliza",donde se utiliza la propiedad intelectual en ingles,,0,,0.00,
"intelectual,necesidades,propiedad,surge",donde surge la necesidad de la propiedad intelectual,,0,,0.00,
"intelectual,necesidades,propiedad,surge",donde surgue la necesidad de la propiedad intelectual,,0,,0.00,
"derecho,intelectual,propiedad,trabajo",donde trabajan los de derecho de propiedad intelectual,,0,,0.00,
"dos,ente,intelectual,propiedad,proteger",dos entes que protegen la propiedad intelectual,,0,,0.00,
"dos,grande,intelectual,propiedad,ram",dos grandes ramas de la propiedad intelectual,,0,,0.00,
"dosn,from,intelectual,propiedad,proteccion",dosn fromas de proteccion de propiedad intelectual,,0,,0.00,
"drincipales,intelectual,ley,propiedad",drincipales leyes sobre propiedad intelectual,,0,,0.00,
"dsf,intelectual,propiedad",dsf propiedad intelectual,,0,,0.00,
"duaracion,intelectual,propiedad",duaracion de la propiedad intelectual,,0,,0.00,
"duncan,intelectual,propiedad",duncan propiedad intelectual,,0,,0.00,
"colombia,duracion,intelectual,propiedad",duracion de la propiedad intelectual en colombia,,0,,0.00,
"autores,derecho,duracion,intelectual,propiedad",duracion de los derechos de autor de la propiedad intelectual,,0,,0.00,
"colombia,duracion,intelectual,propiedad",duración de la propiedad intelectual en colombia,,0,,0.00,
"dxn,intelectual,propiedad",dxn tiene propiedad intelectual,,0,,0.00,
"26,abril,d,dia,intelectual,mundial,propiedad",día mundial de la propiedad intelectual 26 de abril d,,0,,0.00,
"autores,derecho,dia,intelectual,mundial,propiedad",día mundial del derecho al autor y propiedad intelectual,,0,,0.00,
"donde,industrial,intelectual,propiedad,utiliza",dónde se utiliza la propiedad intelectual e industrial,,0,,0.00,
"eafit,intelectual,propiedad",eafit propiedad intelectual,,0,,0.00,
"diplomado,eafit,intelectual,propiedad",eafit propiedad intelectual diplomado,,0,,0.00,
"economia,intelectual,propiedad",economia de la propiedad intelectual,,0,,0.00,
"economia,intelectual,naranja,propiedad",economia naranja y propiedad intelectual,,0,,0.00,
"economia,intelectual,propiedad",economia y propiedad intelectual,,0,,0.00,
"economica,intelectual,propiedad",economía de la propiedad intelectual,,0,,0.00,
"digital,economica,intelectual,propiedad",economía digital en propiedad intelectual,,0,,0.00,
"economica,intelectual,ley,naranja,propiedad",economía naranja propiedad intelectua ley,,0,,0.00,
"economica,intelectual,naranja,propiedad",economía naranja propiedad intelectual,,0,,0.00,
"continuo,educacion,intelectual,propiedad",educacion continuada propiedad intelectual,,0,,0.00,
"alerta,colombia,eeuu,intelectual,maximo,propiedad,sacar",eeuu saca a colombia de maxima alerta en propiedad intelectual,,0,,0.00,
"comercial,efectos,intelectual,internacional,propiedad",efectos de la propiedad intelectual en el comercio internacional,,0,,0.00,
"efectos,intelectual,negativo,pirateria,propiedad",efectos negativos de la pirateria para la propiedad intelectual,,0,,0.00,
"efta,intelectual,propiedad",efta propiedad intelectual,,0,,0.00,
"arbitraje,ejemplos,intelectual,propiedad",ejemplo de arbitraje en la propiedad intelectual,,0,,0.00,
"demanda,ejemplos,intelectual,propiedad",ejemplo de demanda de propiedad intelectual,,0,,0.00,
"derecho,ejemplos,intelectual,propiedad",ejemplo de derecho de propiedad intelectual,,0,,0.00,
"derecho,ejemplos,intelectual,morales,propiedad",ejemplo de derechos morales de propiedad intelectual,,0,,0.00,
"documentos,ejemplos,intelectual,propiedad,traspaso",ejemplo de documento de traspaso de propiedad intelectual,,0,,0.00,
"ejemplos,estrategias,intelectual,propiedad",ejemplo de estrategia de propiedad intelectual,,0,,0.00,
"colombia,ejemplos,intelectual,mal,propiedad,utilizacion",ejemplo de mala utilizacion de propiedad intelectual en colombia,,0,,0.00,
"ejemplos,empresa,intelectual,propiedad",ejemplo de propiedad intelectual en una empresa,,0,,0.00,
"ejemplos,intelectual,propiedad,registro",ejemplo de registro propiedad intelectual,,0,,0.00,
"correo,ejemplos,firma,intelectual,propiedad",ejemplo firmas de correo propiedad intelectual,,0,,0.00,
"datos,ejemplos,intelectual,manual,propiedad,proteccion,sencillo",ejemplo manual sencillo para proteccion datos propiedad intelectual,,0,,0.00,
"ejemplos,intelectual,investigacion,propiedad",ejemplo propiedad intelectual de una investigacion,,0,,0.00,
"ejemplos,intelectual,investigación,propiedad",ejemplo propiedad intelectual de una investigaciones,,0,,0.00,
"ejemplos,intelectual,investigación,propiedad,proyecto",ejemplo propiedad intelectual proyecto de investigación,,0,,0.00,
"ejemplos,intelectual,investigación,propiedad,proyecto",ejemplo propiedad intelectual proyectos de investigación,,0,,0.00,
"ejemplos,intelectual,propiedad,reglamento",ejemplo reglamento propiedad intelectual,,0,,0.00,
"actividades,ejemplos,intelectual,investigacion,propiedad",ejemplos de activo de propiedad intelectual investigacion,,0,,0.00,
"actividades,ejemplos,intelectual,propiedad",ejemplos de activos de propiedad intelectual,,0,,0.00,
"bien,ejemplos,inmateriales,intelectual,propiedad",ejemplos de bienes inmateriales propiedad intelectual,,0,,0.00,
"casa,ejemplos,intelectual,propiedad",ejemplos de casos de propiedad intelectual,,0,,0.00,
"autores,casa,derecho,ejemplos,intelectual,propiedad",ejemplos de casos de propiedad intelectual sobre derechos de autor,,0,,0.00,
"confusión,ejemplos,intelectual,propiedad",ejemplos de confusión de propiedad intelectual,,0,,0.00,
"contrato,ejemplos,intelectual,propiedad",ejemplos de contratos de propiedad intelectual,,0,,0.00,
"declaracion,ejemplos,intelectual,propiedad",ejemplos de declaracion de propiedad intelectual,,0,,0.00,
"delito,ejemplos,intelectual,propiedad",ejemplos de delitos de propiedad intelectual,,0,,0.00,
"derecho,ejemplos,intelectual,propiedad",ejemplos de derecho de propiedad intelectual,,0,,0.00,
"autores,derecho,ejemplos,intelectual,propiedad",ejemplos de derechos de autor y propiedad intelectual,,0,,0.00,
"derecho,ejemplos,intelectual,propiedad",ejemplos de derechos de propiedad intelectual,,0,,0.00,
"derecho,ejemplos,intelectual,patrimoniales,propiedad",ejemplos de derechos patrimoniales de propiedad intelectual,,0,,0.00,
"deseño,ejemplos,industriales,intelectual,propiedad",ejemplos de deseños industriales propiedad intelectual,,0,,0.00,
"diseño,ejemplos,industrial,intelectual,propiedad",ejemplos de diseño industrial en propiedad intelectual,,0,,0.00,
"ejemplos,ensayo,intelectual,propiedad",ejemplos de ensayos sobre propiedad intelectual,,0,,0.00,
"ejemplos,industriales,intelectual,propiedad",ejemplos de industriales propiedad intelectual,,0,,0.00,
"ejemplos,intelectual,propiedad",ejemplos de la propiedad intelectual ejemplos,,0,,0.00,
"ejemplos,hacer,intelectual,propiedad",ejemplos de lo que hace la propiedad intelectual,,0,,0.00,
"ejemplos,intelectual,marca,propiedad",ejemplos de marcas en propiedad intelectual,,0,,0.00,
"ejemplos,intelectual,marca,propiedad",ejemplos de marcas propiedad intelectual,,0,,0.00,
"ejemplos,intelectual,not,propiedad",ejemplos de notas propiedad intelectual,,0,,0.00,
"ejemplos,intelectual,patente,propiedad",ejemplos de patentes y propiedad intelectual,,0,,0.00,
"ejemplos,intelectual,problemas,propiedad",ejemplos de problemas de propiedad intelectual,,0,,0.00,
"ejemplos,intelectual,proceso,propiedad",ejemplos de procesos de propiedad intelectual,,0,,0.00,
"ejemplos,industrial,intelectual,propiedad",ejemplos de propiedad industrial e intelectual,,0,,0.00,
"ejemplos,intelectual,propiedad,tv",ejemplos de propiedad intelectual de la tv,,0,,0.00,
"colombia,ejemplos,intelectual,propiedad,tv",ejemplos de propiedad intelectual de la tv colombia,,0,,0.00,
"ejemplos,intelectual,investigacion,propiedad",ejemplos de propiedad intelectual en investigacion,,0,,0.00,
"azar,ejemplos,intelectual,juegos,propiedad",ejemplos de propiedad intelectual en juego de azar,,0,,0.00,
"ejemplos,imagenes,intelectual,propiedad",ejemplos de propiedad intelectual imagenes,,0,,0.00,
"ejemplos,intelectual,propiedad,proteccion,variedades,vegetales",ejemplos de protección de las variedades vegetales propiedad intelectual,,0,,0.00,
"comerciales,ejemplos,intelectual,propiedad,secreto",ejemplos de secretos comerciales propiedad intelectual,,0,,0.00,
"ejemplos,intelectual,propiedad,tecnologia",ejemplos de tecnologias de propiedad intelectual,,0,,0.00,
"aplicacion,derecho,ejemplos,exclusion,intelectual,propiedad,web",ejemplos derechos de exclusividad y propiedad intelectual aplicacion web,,0,,0.00,
"autores,derecho,ejemplos,etica,intelectual,propiedad,vs",ejemplos eticos propiedad intelectual vs derechos de autor,,0,,0.00,
"ejemplos,infracciones,intelectual,propiedad",ejemplos infracción de propiedad intelectual,,0,,0.00,
"ejemplos,intelectual,modal,propiedad",ejemplos modalidades propiedad intelectual,,0,,0.00,
"ejemplos,intelectual,investigacion,propiedad",ejemplos propiedad intelectual en investigacion,,0,,0.00,
"ejemplos,intelectual,propiedad,real",ejemplos reales de propiedad intelectual,,0,,0.00,
"derecho,ejemplos,intelectual,propiedad,violacion",ejemplos violacion de derecho propiedad intelectual,,0,,0.00,
"ejercicios,intelectual,propiedad",ejercicios de propiedad intelectual,,0,,0.00,
"ejercicios,intelectual,propiedad",ejercicios sobre propiedad intelectual,,0,,0.00,
"abc,intelectual,propiedad",el abc de la propiedad intelectual,,0,,0.00,
"arte,intelectual,propiedad,proteger",el arte de proteger la propiedad intelectual,,0,,0.00,
"10,articulo,intelectual,ley,propiedad",el artículo 10 de la ley de propiedad intelectual,,0,,0.00,
"c,intelectual,propiedad,respeto",el c.i y el respeto a la propiedad intelectual,,0,,0.00,
"comercial,intelectual,internacional,propiedad",el comercio internacional y la propiedad intelectual,,0,,0.00,
"contenido,forma,intelectual,propiedad",el contenido de la propiedad intelectual está formado,,0,,0.00,
"contenido,forma,intelectual,propiedad",el contenido de la propiedad intelectual está formado por,,0,,0.00,
"delito,intelectual,internet,propiedad",el delito contra propiedad intelectual por internet,,0,,0.00,
"deporte,intelectual,propiedad,resumen",el deporte y la propiedad intelectual resumen,,0,,0.00,
"derecho,intelectual,propiedad",el derecho a la propiedad intelectual es un derecho,,0,,0.00,
"derecho,economica,intelectual,propiedad",el derecho a la propiedad intelectual es un derecho economico,,0,,0.00,
"ala,derecho,fundamentos,intelectual,propiedad",el derecho ala propiedad intelectual es un derecho fundamental,,0,,0.00,
"autores,derecho,intelectual,propiedad",el derecho de autor o derecho a la propiedad intelectual,,0,,0.00,
"autores,derecho,intelectual,propiedad",el derecho de autor propiedad intelectual,,0,,0.00,
"autores,derecho,intelectual,propiedad,surge",el derecho de autor surge de la propiedad intelectual,,0,,0.00,
"colombiano,derecho,industrial,intelectual,musica,propiedad",el derecho de propiedad intelectual en la industria musical colombiana,,0,,0.00,
"derecho,intelectual,propiedad,ram",el derecho de propiedad intelectual es una rama del derecho,,0,,0.00,
"derecho,informatica,intelectual,propiedad",el derecho informático y la propiedad intelectual,,0,,0.00,
"desarrollo,intelectual,material,propiedad,referencia",el desarrollo de un material de referencia propiedad intelectual,,0,,0.00,
"baratos,deseo,intelectual,propiedad,tener",el deseo de tener propiedad intelectual barata,,0,,0.00,
"baratos,deseo,intelectual,pirateria,propiedad,tener",el deseo de tener propiedad intelectual barata pirateria,,0,,0.00,
"dibujos,intelectual,propiedad,proteger,tiburon",el dibujo de un tiburon esta protegido por propiedad intelectual,,0,,0.00,
"drone,intelectual,propiedad,ver",el dron tiene que ver con la propiedad intelectual,,0,,0.00,
"intelectual,propiedad,proteger",el estado proteger propiedad intelectual,,0,,0.00,
"intelectual,propiedad,protegere",el estado protegera la propiedad intelectual,,0,,0.00,
"intelectual,propiedad,protegere,tiempo",el estado protegera la propiedad intelectual por el tiempo,,0,,0.00,
"brexit,impacto,intelectual,propiedad",el impacto del brexit en la propiedad intelectual,,0,,0.00,
"intelectual,know,propiedad",el know how es propiedad intelectual,,0,,0.00,
"ecuatoriano,instituto,intelectual,know,propiedad",el know how instituto ecuatoriano de propiedad intelectual,,0,,0.00,
"clases,intelectual,lapiz,propiedad",el lapiz que clase de propiedad intelectual es,,0,,0.00,
"elementos,franquicia,intelectual,licencia,propiedad",el licenciamiento de la propiedad intelectual elementos de franquicia,,0,,0.00,
"franquicia,intelectual,licencia,propiedad",el licenciamiento de la propiedad intelectual franquicia,,0,,0.00,
"intelectual,manejo,propiedad,red,social",el manejo de la propiedad intelectual de las redes sociales,,0,,0.00,
"hacer,intelectual,nombre,partes,propiedad",el nombre hace parte de la propiedad intelectual,,0,,0.00,
"intelectual,paradigma,propiedad,richard,stallman",el paradigma de la propiedad intelectual de richard stallman,,0,,0.00,
"intelectual,patente,problemas,propiedad",el problema de las patentes y la propiedad intelectual,,0,,0.00,
"intelectual,patente,problemas,propiedad,wiquipedia",el problema de las patentes y la propiedad intelectual wiquipedia,,0,,0.00,
"contribuciones,intelectual,propiedad,registro",el registro de propiedad intelectual a que contribuye,,0,,0.00,
"colombia,general,intelectual,propiedad,registro",el registro general de la propiedad intelectual en colombia,,0,,0.00,
"aplicaciones,intelectual,propiedad,reglamento",el reglamento de propiedad intelectual aplica para,,0,,0.00,
"intelectual,propiedad,reglamento,uniminuto",el reglamento de propiedad intelectual uniminuto,,0,,0.00,
"abierto,completa,intelectual,propiedad,reloj,sistema",el reloj sistema completamente abierto en la propiedad intelectual,,0,,0.00,
"certificate,fiscal,intelectual,propiedad,revisor",el revisor fiscal certifica la propiedad intelectual,,0,,0.00,
"intelectual,propiedad,simbolo",el simbolo de la propiedad intelectual,,0,,0.00,
"intelectual,propiedad,significado,simbolo",el simbolo de propiedad intelectual con el significado,,0,,0.00,
"intelectual,propiedad,software",el software en la propiedad intelectual,,0,,0.00,
"colombia,industrial,intelectual,propiedad,software",el software es propiedad intelectual o industrial colombia,,0,,0.00,
"intelectual,propiedad,proteccion,software",el software es proteccion intelectual o propiedad intelectual,,0,,0.00,
"intelectual,propiedad,software",el software y la propiedad intelectual,,0,,0.00,
"intelectual,prezi,propiedad,software",el software y la propiedad intelectual prezi,,0,,0.00,
"intelectual,propiedad,sofwar,tipos",el sofwar que tipo de propiedad intelectual es,,0,,0.00,
"intelectual,propiedad,valor",el valor de la propiedad intelectual,,0,,0.00,
"determinar,intelectual,propiedad,valor",el valor de la propiedad intelectual está determinado por,,0,,0.00,
"acumulada,capitales,intelectual,propiedad,semillas,valor",el valor de la semilla propiedad intelectual y acumulación capitalista,,0,,0.00,
"elecciones,francia,intelectual,propiedad",elecciones francia y la propiedad intelectual,,0,,0.00,
"elementos,industrial,intelectual,propiedad",elementos de la propiedad industrial e intelectual,,0,,0.00,
"colombia,elementos,intelectual,propiedad",elementos de la propiedad intelectual en colombia,,0,,0.00,
"colombia,educacion,elementos,intelectual,propiedad",elementos de la propiedad intelectual en colombia en educacion,,0,,0.00,
"educativa,elementos,instituciones,intelectual,propiedad",elementos de la propiedad intelectual en las instituciones educativas,,0,,0.00,
"elementos,intelectual,pdf,propiedad",elementos de la propiedad intelectual pdf,,0,,0.00,
"colegio,elementos,intelectual,propiedad",elementos de propiedad intelectual de un colegio,,0,,0.00,
"educativa,elementos,instituciones,intelectual,propiedad",elementos de propiedad intelectual en las instituciones educativas,,0,,0.00,
"educativa,elementos,institucion,intelectual,propiedad",elementos de propiedad intelectual en una institucion educativa,,0,,0.00,
"banda,elementos,intelectual,propiedad,sonora",elementos de propiedad intelectual para banda sonoras,,0,,0.00,
"educativa,elementos,instituciones,intelectual,propiedad,relacion",elementos de propiedad intelectual relacionados con las instituciones educativas,,0,,0.00,
"elementos,intelectual,propiedad,udea",elementos de propiedad intelectual udes,,0,,0.00,
"derecho,elementos,intelectual,propiedad",elementos del derecho de propiedad intelectual,,0,,0.00,
"elementos,grafica,intelectual,internet,obtener,propiedad",elementos graficos obtenidos en internet propiedad intelectual,,0,,0.00,
"elementos,intelectual,propiedad,proteger,sitios,web",elementos para proteger la propiedad intelectual de un sitio web,,0,,0.00,
"elementos,intelectual,patrimoniales,propiedad",elementos patrimoniales de la propiedad intelectual,,0,,0.00,
"conforman,elementos,intelectual,propiedad",elementos que conforman la propiedad intelectual,,0,,0.00,
"colombia,embargo,intelectual,propiedad,secuestro",embargo y secuestro de la propiedad intelectual colombia,,0,,0.00,
"embargo,intelectual,propiedad,secuestro",embargo y secuestro de propiedad intelectual,,0,,0.00,
"empesa,intelectual,propiedad",empesa propiedad intelectual,,0,,0.00,
"abogado,empleo,intelectual,junior,propiedad",empleo abogado junior propiedad intelectual,,0,,0.00,
"alice,empleo,intelectual,propiedad",empleo propiedad intelectual alicante,,0,,0.00,
"barcelona,empleo,intelectual,propiedad",empleo propiedad intelectual barcelona,,0,,0.00,
"bogota,empleo,intelectual,propiedad",empleo propiedad intelectual bogotá,,0,,0.00,
"colombia,empleo,intelectual,propiedad",empleo propiedad intelectual colombia,,0,,0.00,
"empleo,intelectual,madre,propiedad",empleo propiedad intelectual madrid,,0,,0.00,
"empresa,intelectual,problemas,propiedad",empresas con problemas de propiedad intelectual,,0,,0.00,
"empresa,intelectual,propiedad",empresas con propiedad intelectual,,0,,0.00,
"colombia,desarrollo,empresa,intelectual,propiedad",empresas de desarrollo de propiedad intelectual en colombia,,0,,0.00,
"empresa,industrial,intelectual,propiedad",empresas de propiedad industrial e intelectual,,0,,0.00,
"colombia,empresa,industrial,intelectual,propiedad",empresas de propiedad industrial e intelectual colombia,,0,,0.00,
"empresa,industrial,intelectual,propiedad",empresas de propiedad industrial en intelectual,,0,,0.00,
"autores,derecho,empresa,intelectual,propiedad",empresas de propiedad intelectual y derechos de autor,,0,,0.00,
"bogota,colombia,empresa,intelectual,propiedad",empresas propiedad intelectual bogota colombia,,0,,0.00,
"bucaramanga,empresa,intelectual,propiedad",empresas propiedad intelectual bucaramanga,,0,,0.00,
"apoyo,empresa,intelectual,propiedad",empresas que apoyan la propiedad intelectual,,0,,0.00,
"casa,hacer,intelectual,propiedad,robo",en caso de robo de propiedad intelectual que hacer,,0,,0.00,
"colombia,cual,intelectual,propiedad,ram",en colombia cuales son las ramas de la propiedad intelectual,,0,,0.00,
"colombia,derecho,intelectual,propiedad,proteccion",en colombia derecho a la proteccion de la propiedad intelectual,,0,,0.00,
"colombia,derecho,intelectual,propiedad",en colombia que es el derecho de propiedad intelectual,,0,,0.00,
"categoria,cuanto,divide,intelectual,propiedad",en cuantas categorias se divide la propiedad intelectual,,0,,0.00,
"cuanto,divide,intelectual,propiedad,ram",en cuantas ramas se divide la propiedad intelectual,,0,,0.00,
"derecho,encarga,intelectual,propiedad",en derecho quien se encarga de la propiedad intelectual,,0,,0.00,
"industrial,intelectual,propiedad,utilice",en donde se utilice la propiedad intelectual e industrial,,0,,0.00,
"co,drupal,gov,http,intelectual,propiedad,sic,www",en http www.sic.gov.co drupal que-es-la-propiedad-intelectual,,0,,0.00,
"intelectual,propiedad",en la propiedad intelectual,,0,,0.00,
"autores,intelectual,propiedad",en la propiedad intelectual el autor es,,0,,0.00,
"afecta,colombia,intelectual,pirateria,propiedad",en que afecta la pirateria de propiedad intelectual en colombia,,0,,0.00,
"afecta,empresa,intelectual,propiedad",en que afecta la propiedad intelectual a una empresa,,0,,0.00,
"ambito,aplicaciones,intelectual,propiedad",en que ambitos se aplica la propiedad intelectual,,0,,0.00,
"ambito,intelectual,presente,propiedad",en que ambitos se presenta propiedad intelectual,,0,,0.00,
"ambito,intelectual,propiedad,utiliza",en que ambitos se utiliza propiedad intelectual,,0,,0.00,
"beneficios,intelectual,mundo,propiedad",en que beneficia la propiedad intelectual al mundo,,0,,0.00,
"beneficios,intelectual,mundo,propiedad,proteccion",en que beneficia la protección la propiedad intelectual al mundo,,0,,0.00,
"aplicaciones,categoria,intelectual,propiedad,software",en que categoria aplica el software en las propiedad intelectual,,0,,0.00,
"categoria,divide,intelectual,propiedad",en que categorias se divide la propiedad intelectual,,0,,0.00,
"consiste,intangibles,intelectual,propiedad",en que consiste el intangible propiedad intelectual,,0,,0.00,
"consiste,industrial,intelectual,propiedad,regimen",en que consiste el regimen de propiedad industrial e intelectual,,0,,0.00,
"consiste,intelectual,propiedad,registro",en que consiste el registro de la propiedad intelectual,,0,,0.00,
"consiste,intelectual,propiedad,robo",en que consiste el robo de propiedad intelectual,,0,,0.00,
"consiste,intelectual,propiedad,robo,yahoo",en que consiste el robo de propiedad intelectual yahoo,,0,,0.00,
"consiste,gestion,intelectual,propiedad",en que consiste la gestion de la propiedad intelectual,,0,,0.00,
"consiste,intelectual,ley,propiedad",en que consiste la ley de propiedad intelectual,,0,,0.00,
"consiste,intelectual,ley,lpi,propiedad",en que consiste la ley de propiedad intelectual lpi,,0,,0.00,
"consiste,intelectual,propiedad,violacion",en que consiste la violacion a la propiedad intelectual,,0,,0.00,
"autores,consiste,derecho,intelectual,propiedad",en que consiste los derechos de autor propiedad intelectual,,0,,0.00,
"consiste,intelectual,propiedad",en que consiste propiedad intelectual,,0,,0.00,
"consisye,intelectual,propiedad",en que consisye la propiedad intelectual,,0,,0.00,
"encuentra,intelectual,ley,pagian,propiedad",en que pagian se encuentra ley de propiedad intelectual,,0,,0.00,
"categoría,intelectual,propiedad,software",en qué categoría de la propiedad intelectual está el software,,0,,0.00,
"autores,consiste,derecho,intelectual,propiedad",en qué consiste la propiedad intelectual de derechos de autor,,0,,0.00,
"emprsa,encarga,intelectual,propiedad",encargados de la propiedad intelectual en una emprsa,,0,,0.00,
"encuesta,gstion,intelectual,propiedad,universidad",encuesta a universidades sobre gstion de la propiedad intelectual,,0,,0.00,
"enfasis,intelectual,propiedad",enfasis en propiedad intelectual,,0,,0.00,
"enfoque,intelectual,propiedad,valor",enfoques de la valoración de propiedad intelectual,,0,,0.00,
"enfoque,intelectual,opciones,propiedad,real,valor",enfoques de la valoración de propiedad intelectual opciones reales,,0,,0.00,
"enfoque,intelectual,propiedad,valuacion",enfoques de la valuación de propiedad intelectual,,0,,0.00,
"enfoque,intelectual,propiedad",enfoques de propiedad intelectual,,0,,0.00,
"enfoque,individual,intelectual,propiedad",enfoques de propiedad intelectual enfoque de propiedad individual,,0,,0.00,
"enforcement,intelectual,propiedad",enforcement propiedad intelectual,,0,,0.00,
"engine,intelectual,propiedad",engineering propiedad intelectual,,0,,0.00,
"acerca,ensayo,intelectual,propiedad",ensayo acerca de la propiedad intelectual,,0,,0.00,
"4,actividades,ensayo,intelectual,propiedad,udea",ensayo actividad 4 udes propiedad intelectual,,0,,0.00,
"aplicacion,ensayo,intelectual,propiedad,udea",ensayo aplicacion de la propiedad intelectual udes,,0,,0.00,
"ensayo,intelectual,propiedad",ensayo de la propiedad intelectual,,0,,0.00,
"ensayo,intelectual,propiedad,udea",ensayo de la propiedad intelectual udes,,0,,0.00,
"beneficios,ensayo,intelectual,propiedad",ensayo de los beneficios de la propiedad intelectual,,0,,0.00,
"ensayo,intelectual,propiedad",ensayo de propiedad intelectual,,0,,0.00,
"ensayo,intelectual,propiedad,udea",ensayo de propiedad intelectual de la udes,,0,,0.00,
"ensayo,intelectual,propiedad,tic",ensayo de propiedad intelectual en las tics,,0,,0.00,
"colombia,comunitaria,derecho,ensayo,intelectual,propiedad",ensayo derecho comunitario en la propiedad intelectual colombia,,0,,0.00,
"educativa,ensayo,implicaciones,instituciones,intelectual,propiedad",ensayo implicaciones de la propiedad intelectual en las instituciones educativas,,0,,0.00,
"educativa,ensayo,implicaciones,instituciones,intelectual,propiedad",ensayo implicaciones de propiedad intelectual en las instituciones educativas,,0,,0.00,
"ensayo,importancia,intelectual,propiedad,proteccion",ensayo importancia de la proteccion de la propiedad intelectual,,0,,0.00,
"aplicaciones,ensayo,intelectual,pdf,propiedad,sst",ensayo propiedad intelectual aplicado a la sst pdf,,0,,0.00,
"aplicaciones,ensayo,intelectual,propiedad,sstpdf",ensayo propiedad intelectual aplicado a la sstpdf,,0,,0.00,
"cvudes,ensayo,intelectual,propiedad",ensayo propiedad intelectual cvudes,,0,,0.00,
"ensayo,intelectual,propiedad,sotfware",ensayo propiedad intelectual de los sotfware,,0,,0.00,
"colombia,ensayo,intelectual,propiedad",ensayo propiedad intelectual en colombia,,0,,0.00,
"colombia,ensayo,intelectual,mundo,propiedad",ensayo propiedad intelectual en colombia y el mundo,,0,,0.00,
"educativa,ensayo,instituciones,intelectual,propiedad",ensayo propiedad intelectual en las instituciones educativas,,0,,0.00,
"ensayo,intelectual,mexico,propiedad",ensayo propiedad intelectual en mexico,,0,,0.00,
"ensayo,intelectual,pdf,propiedad",ensayo propiedad intelectual pdf,,0,,0.00,
"ensayo,intelectual,propiedad,udea",ensayo propiedad intelectual udes,,0,,0.00,
"constitucion,derecho,ensayo,intelectual,propiedad",ensayo sobre derecho constitucional a la propiedad intelectual,,0,,0.00,
"derecho,ensayo,intelectual,propiedad",ensayo sobre derecho propiedad intelectual,,0,,0.00,
"autores,derecho,ensayo,intelectual,propiedad",ensayo sobre derechos de autor y propiedad intelectual,,0,,0.00,
"ensayo,importancia,intelectual,propiedad",ensayo sobre la importancia de la propiedad intelectual,,0,,0.00,
"ensayo,importancia,intelectual,propiedad,proteger",ensayo sobre la importancia de proteger la propiedad intelectual,,0,,0.00,
"colombia,ensayo,intelectual,propiedad",ensayo sobre la propiedad intelectual en colombia,,0,,0.00,
"ensayo,intelectual,mexico,propiedad",ensayo sobre la propiedad intelectual en mexico,,0,,0.00,
"ensayo,intelectual,propiedad,udea",ensayo sobre la propiedad intelectual udes,,0,,0.00,
"ensayo,intelectual,legislativo,propiedad",ensayo sobre legislación de propiedad intelectual,,0,,0.00,
"academico,ensayo,intelectual,legislativo,propiedad",ensayo sobre legislación de propiedad intelectual academica,,0,,0.00,
"ensayo,intelectual,plagio,propiedad,uniminuto,violacion",ensayo sobre plagio y violacion de la propiedad intelectual uniminuto,,0,,0.00,
"colombia,ensayo,intelectual,propiedad",ensayo sobre propiedad intelectual colombia,,0,,0.00,
"autores,derecho,ensayo,intelectual,propiedad",ensayo sobre propiedad intelectual derechos autor,,0,,0.00,
"educativa,ensayo,instituciones,intelectual,propiedad",ensayo sobre propiedad intelectual en las instituciones educativas,,0,,0.00,
"ensayo,intelectual,propiedad,udea",ensayo sobre propiedad intelectual udes,,0,,0.00,
"ensayo,intelectual,marca,propiedad",ensayo sobre propiedad intelectual y marcas,,0,,0.00,
"ensayo,intelectual,propiedad",ensayos de propiedad intelectual,,0,,0.00,
"ensayo,intelectual,propiedad",ensayos sobre la propiedad intelectual,,0,,0.00,
"andina,ensayo,intelectual,propiedad",ensayos sobre propiedad intelectual andina,,0,,0.00,
"alianza,ensayo,intelectual,pacifico,propiedad",ensayos sobre propiedad intelectual en la alianza del pacifico,,0,,0.00,
"comercial,entender,intelectual,propiedad,relacion",entender la relación entre la propiedad intelectual y el comercio-e,,0,,0.00,
"colombiano,ente,intelectual,permite,propiedad,registro",entes del estado colombiano que permiten registro de propiedad intelectual,,0,,0.00,
"entevista,intelectual,propiedad",entevista propiedad intelectual,,0,,0.00,
"entidad,intelectual,propiedad,proteger",entidad para proteger la propiedad intelectual,,0,,0.00,
"colectiva,derecho,entidades,gestion,intelectual,propiedad",entidades de gestión colectiva de derechos de propiedad intelectual,,0,,0.00,
"entidades,intelectual,propiedad",entidades de propiedad intelectual,,0,,0.00,
"encarga,entidades,intelectual,propiedad",entidades encargadas de la propiedad intelectual,,0,,0.00,
"colom,encarga,entidades,ia,intelectual,propiedad",entidades encargadas de la propiedad intelectual en colom ia,,0,,0.00,
"colombia,entidades,intelectual,propiedad,proteger",entidades que protegen la propiedad intelectual en colombia,,0,,0.00,
"colombia,entidades,intelectual,propiedad,regular",entidades regulan la propiedad intelectual colombia,,0,,0.00,
"ddhh,entorno,intelectual,propiedad",entorno a los ddhh y la propiedad intelectual,,0,,0.00,
"epigrafe,intelectual,propiedad",epigrafe propiedad intelectual,,0,,0.00,
"dominio,equilibrio,intelectual,propiedad,publico",equilibrio propiedad intelectual y dominio publico,,0,,0.00,
"ernesto,intelectual,propiedad,regifo",ernesto regifo propiedad intelectual,,0,,0.00,
"autores,derecho,ernesto,intelectual,moderna,propiedad,rengifo",ernesto rengifo derecho propiedad intelectual el moderno derecho de autor,,0,,0.00,
"ernesto,garcía,intelectual,propiedad,rengifo",ernesto rengifo garcía propiedad intelectual,,0,,0.00,
"bueno,intelectual,mal,propiedad",es bueno o malo la propiedad intelectual,,0,,0.00,
"correcta,dos,estudio,intelectual,partes,propiedad",es correcto estudiar a la propiedad intelectual en dos partes,,0,,0.00,
"colombia,intelectual,organos,propiedad,regular",es el organismo que regula la propiedad intelectual en colombia,,0,,0.00,
"importancia,intelectual,panama,propiedad",es la propiedad intelectual importante para panama,,0,,0.00,
"cliente,intelectual,ley,propiedad",es ley la propiedad intelectual del cliente,,0,,0.00,
"autores,derecho,intelectual,mismo,propiedad",es lo mismo derechos de autor y propiedad intelectual,,0,,0.00,
"copyright,intelectual,mismo,propiedad",es lo mismo propiedad intelectual que copyright,,0,,0.00,
"autores,derecho,intelectual,mismo,propiedad",es lo mismo propiedad intelectual y derechos de autor,,0,,0.00,
"intelectual,pagina,posible,propiedad,registro,web",es posible registrar pagina web como propiedad intelectual,,0,,0.00,
"derecho,intelectual,propiedad,real",es un derecho real el derecho de propiedad intelectual,,0,,0.00,
"co,drupal,gov,intelectual,investinbogota,orghttps,propiedad,sic,www",es.investinbogota.orghttp www.sic.gov.co drupal que-es-la-propiedad-intelectual,,0,,0.00,
"esado,intelectual,propiedad",esade propiedad intelectual,,0,,0.00,
"escandalo,intelectual,propiedad",escandalo propiedad intelectual,,0,,0.00,
"escearo,intelectual,propiedad",escearos en la propiedad intelectual,,0,,0.00,
"escenario,intelectual,propiedad",escenarios en la propiedad intelectual,,0,,0.00,
"colegio,escudo,intelectual,propiedad",escudo de colegio propiedad intelectual,,0,,0.00,
"colegio,colombia,escudo,intelectual,propiedad",escudo de colegio propiedad intelectual colombia,,0,,0.00,
"esecializacion,intelectual,medellin,propiedad",esecializacion propiedad intelectual medellin,,0,,0.00,
"españa,intelectual,ley,principales,propiedad",españa principales leyes sobre propiedad intelectual,,0,,0.00,
"especialicacion,externa,intelectual,nueva,propiedad,tecnologia",especialicacion propiedad intelectual nuevas tecnologias externado,,0,,0.00,
"derecho,especiales,intelectual,propiedad",especialidad en derecho de la propiedad intelectual,,0,,0.00,
"especiales,intelectual,linea,propiedad",especialidad en propiedad intelectual en linea,,0,,0.00,
"especiales,intelectual,mexico,propiedad",especialidad en propiedad intelectual mexico,,0,,0.00,
"especiales,intelectual,propiedad",especialidad en propiedad intelectual up,,0,,0.00,
"especiales,intelectual,propiedad",especialidad propiedad intelectual up,,0,,0.00,
"especialilzacion,externa,intelectual,propiedad,u",especialilzacion de propiedad intelectual u externado,,0,,0.00,
"derecho,especiales,intelectual,propiedad",especialista en derecho de propiedad intelectual,,0,,0.00,
"actividades,especiales,intelectual,propiedad,valuacion",especialista en valuación de activos y propiedad intelectual,,0,,0.00,
"colombia,especiales,intelectual,propiedad",especialistas en propiedad intelectual colombia,,0,,0.00,
"cali,especiales,expert,intelectual,propiedad",especialistas expertos en propiedad intelectual en cali,,0,,0.00,
"aire,bueno,derecho,especializacion,intelectual,propiedad",especializacion derecho propiedad intelectual buenos aires,,0,,0.00,
"derecho,especializacion,intelectual,propiedad",especializacion en derecho de propiedad intelectual,,0,,0.00,
"derecho,especializacion,intelectual,propiedad",especializacion en derecho propiedad intelectual y,,0,,0.00,
"bogota,especializacion,intelectual,propiedad",especializacion en propiedad intelectual bogota,,0,,0.00,
"colombia,especializacion,intelectual,propiedad",especializacion en propiedad intelectual en colombia,,0,,0.00,
"especializacion,externa,intelectual,propiedad",especializacion en propiedad intelectual externado,,0,,0.00,
"especializacion,intelectual,propiedad,rosario",especializacion en propiedad intelectual rosario,,0,,0.00,
"especializacion,intelectual,medellin,propiedad,universidad",especializacion en propiedad intelectual universidad de medellin,,0,,0.00,
"especializacion,intelectual,propiedad,virtual",especializacion en propiedad intelectual virtual,,0,,0.00,
"autores,derecho,especializacion,intelectual,propiedad",especializacion en propiedad intelectual y derechos de autor,,0,,0.00,
"bogota,especializacion,intelectual,propiedad",especializacion propiedad intelectual bogotá,,0,,0.00,
"colombia,especializacion,intelectual,propiedad",especializacion propiedad intelectual colombia,,0,,0.00,
"colombia,especializacion,intelectual,propiedad",especializacion propiedad intelectual en colombia,,0,,0.00,
"arboleda,especializacion,intelectual,propiedad,sergio",especializacion propiedad intelectual sergio arboleda,,0,,0.00,
"colombia,especializacion,intelectual,nacional,propiedad,u",especializacion propiedad intelectual u nacional de colombia,,0,,0.00,
"especializaciones,francia,intelectual,propiedad",especializaciones en propiedad intelectual francia,,0,,0.00,
"especializaciones,intelectual,propiedad,virtual",especializaciones virtuales propiedad intelectual,,0,,0.00,
"autores,derecho,especializaciones,intelectual,medellin,propiedad",especialización de derechos de autor y propiedad intelectual medellin,,0,,0.00,
"especializaciones,intelectual,medellin,propiedad",especialización en propiedad intelectual medellin,,0,,0.00,
"especializaciones,externa,intelectual,propiedad,u",especialización en propiedad intelectual u externado,,0,,0.00,
"actividades,especializaciones,intelectual,propiedad,valuacion",especialización en valuación de activos y propiedad intelectual,,0,,0.00,
"especializadin,externa,intelectual,propiedad,u",especializadin de propiedad intelectual u externado,,0,,0.00,
"asesor,especializaciones,franquicia,intelectual,juridica,propiedad",especializados en propiedad intelectual asesoría jurídica y franquicias,,0,,0.00,
"especial,intelectual,propiedad,vegetales",especies vegetales propiedad intelectual,,0,,0.00,
"especilizacion,intelectual,propiedad",especilizacion en propiedad intelectual,,0,,0.00,
"conceptual,esquema,intelectual,propiedad",esquema conceptual de propiedad intelectual,,0,,0.00,
"conceptual,esquema,intelectual,propiedad",esquema conceptual sobre propiedad intelectual,,0,,0.00,
"esquema,intelectual,propiedad",esquema de propiedad intelectual,,0,,0.00,
"circuito,d,esquema,intelectual,propiedad,trazos",esquema de trazado d circuitos propiedad intelectual,,0,,0.00,
"bajo,contrato,esquema,intelectual,propiedad,trazos",esquema de trazado propiedad intelectual bajo contrato,,0,,0.00,
"circuito,esquema,integral,intelectual,propiedad,trazos",esquema de trazados de circuitos integrados propiedad intelectual,,0,,0.00,
"comunitaria,esquema,intelectual,multilaterales,propiedad,proteccion",esquemas comunitarios y multilaterales de protección a la propiedad intelectual,,0,,0.00,
"esquema,intelectual,propiedad",esquemas de propiedad intelectual,,0,,0.00,
"circuito,esquema,intelectual,pdf,propiedad,trata",esquemas de tratado de circuito propiedad intelectual pdf,,0,,0.00,
"intelectual,propiedad,propuesta",esta propuesta es propiedad intelectual,,0,,0.00,
"estadistica,intelectual,propiedad",estadisticas de la propiedad intelectual,,0,,0.00,
"estadistica,intelectual,mundial,organizaciones,propiedad",estadisticas organización mundial de la propiedad intelectual,,0,,0.00,
"colombia,estadistica,intelectual,propiedad",estadisticas propiedad intelectual en colombia,,0,,0.00,
"artesanias,estadistica,intelectual,propiedad",estadisticas sobre propiedad intelectual en las artesanias,,0,,0.00,
"cumplimiento,intelectual,normas,propiedad",estado de cumplimiento de las normas sobre propiedad intelectual,,0,,0.00,
"cumplimiento,ejemplos,intelectual,normas,propiedad",estado de cumplimiento de las normas sobre propiedad intelectual ejemplos,,0,,0.00,
"intelectual,latinoamericana,propiedad,universidad",estado de propiedad intelectual en la universidades latinoamericanas,,0,,0.00,
"intelectual,investigación,propiedad,robo,unidos",estados unidos investiga robo de propiedad intelectual,,0,,0.00,
"intelectual,propiedad,unidos",estados unidos propiedad intelectual,,0,,0.00,
"indemnización,intelectual,propiedad,unidos",estados unidos propiedad intelectual indemnizaciones,,0,,0.00,
"colombia,estadistica,intelectual,propiedad",estadísticas de propiedad intelectual en colombia,,0,,0.00,
"caldas,estadistica,intelectual,propiedad",estadísticas propiedad intelectual en caldas,,0,,0.00,
"colombia,estadistica,intelectual,propiedad",estadísticas propiedad intelectual en colombia,,0,,0.00,
"estandar,intelectual,probatorio,propiedad",estandar probatorio en propiedad intelectual,,0,,0.00,
"estandares,intelectual,probatorio,propiedad",estandares probatorios en propiedad intelectual,,0,,0.00,
"estatus,intelectual,propiedad",estatus propiedad intelectual,,0,,0.00,
"2006,estatuto,intelectual,propiedad",estatuto de 2006 propiedad intelectual,,0,,0.00,
"estatuto,intelectual,propiedad",estatuto de la propiedad intelectual,,0,,0.00,
"antioquia,colegio,estatuto,intelectual,mayor,propiedad",estatuto de la propiedad intelectual colegio mayor de antioquia,,0,,0.00,
"031,2006,acuerdo,estatuto,intelectual,propiedad",estatuto de propiedad intelectual acuerdo 031 de 2006,,0,,0.00,
"estatuto,intelectual,propiedad,ud",estatuto de propiedad intelectual de la ud,,0,,0.00,
"estatuto,intelectual,propiedad,quindio,universidad",estatuto de propiedad intelectual de la universidad del quindio,,0,,0.00,
"estatuto,intelectual,propiedad,upb",estatuto de propiedad intelectual de la upb,,0,,0.00,
"estatuto,intelectual,itm,propiedad",estatuto de propiedad intelectual del itm,,0,,0.00,
"estatuto,in,intelectual,propiedad",estatuto de propiedad intelectual ins,,0,,0.00,
"estatuto,intelectual,itsa,propiedad",estatuto de propiedad intelectual itsa,,0,,0.00,
"educativa,estatuto,instituciones,intelectual,propiedad",estatuto de propiedad intelectual para instituciones educativas,,0,,0.00,
"estatuto,intelectual,propiedad",estatuto de propiedad intelectual que es,,0,,0.00,
"estatuto,intelectual,propiedad,sicve",estatuto de propiedad intelectual sicv,,0,,0.00,
"estatuto,intelectual,propiedad,udea",estatuto de propiedad intelectual udea,,0,,0.00,
"estatuto,intelectual,propiedad,uis",estatuto de propiedad intelectual uis,,0,,0.00,
"estatuto,intelectual,norte,propiedad,uni",estatuto de propiedad intelectual uni norte,,0,,0.00,
"estatuto,intelectual,propiedad,unicordoba",estatuto de propiedad intelectual unicordoba,,0,,0.00,
"estatuto,intelectual,propiedad,univalle",estatuto de propiedad intelectual univalle,,0,,0.00,
"arboleda,estatuto,intelectual,propiedad,sergio,univerisidad",estatuto de propiedad intelectual univerisidad sergio arboleda,,0,,0.00,
"autonoma,barcelona,estatuto,intelectual,propiedad,universidad",estatuto de propiedad intelectual universidad autonoma de barcelona,,0,,0.00,
"autonoma,estatuto,intelectual,madre,propiedad,universidad",estatuto de propiedad intelectual universidad autonoma de madrid,,0,,0.00,
"autonoma,estatuto,intelectual,occidente,propiedad,universidad",estatuto de propiedad intelectual universidad autonoma de occidente,,0,,0.00,
"amigos,catolica,estatuto,intelectual,luis,propiedad,universidad",estatuto de propiedad intelectual universidad católica luis amigo,,0,,0.00,
"cesar,estatuto,intelectual,propiedad,universidad",estatuto de propiedad intelectual universidad ces,,0,,0.00,
"antioquia,estatuto,intelectual,propiedad,universidad",estatuto de propiedad intelectual universidad de antioquia,,0,,0.00,
"chile,estatuto,intelectual,propiedad,universidad",estatuto de propiedad intelectual universidad de chile,,0,,0.00,
"estatuto,intelectual,medellin,propiedad,universidad",estatuto de propiedad intelectual universidad de medellín,,0,,0.00,
"estatuto,intelectual,propiedad,santander,universidad",estatuto de propiedad intelectual universidad de santander,,0,,0.00,
"estatuto,intelectual,paul,propiedad,sao,universidad",estatuto de propiedad intelectual universidad de sao paulo,,0,,0.00,
"atlantico,estatuto,intelectual,propiedad,universidad",estatuto de propiedad intelectual universidad del atlantico,,0,,0.00,
"cauca,estatuto,intelectual,propiedad,universidad",estatuto de propiedad intelectual universidad del cauca,,0,,0.00,
"estatuto,intelectual,propiedad,quindio,universidad",estatuto de propiedad intelectual universidad del quindio,,0,,0.00,
"estatuto,intelectual,propiedad,universidad,valle",estatuto de propiedad intelectual universidad del valle,,0,,0.00,
"033,estatuto,intelectual,propiedad,universidad,valle",estatuto de propiedad intelectual universidad del valle 033,,0,,0.00,
"colombia,estatuto,intelectual,nacional,propiedad,universidad",estatuto de propiedad intelectual universidad nacional de colombia,,0,,0.00,
"bolivar,estatuto,intelectual,propiedad,simon,universidad",estatuto de propiedad intelectual universidad simon bolivar,,0,,0.00,
"educativa,estatuto,intelectual,propiedad",estatuto educativo sobre la propiedad intelectual,,0,,0.00,
"estatuto,intelectual,propiedad,resumen",estatuto propiedad intelectual resumen,,0,,0.00,
"estatuto,intelectual,ppt,propiedad,udea",estatuto propiedad intelectual udes ppt,,0,,0.00,
"estatuto,intelectual,propiedad,udea,word",estatuto propiedad intelectual udes word,,0,,0.00,
"estatuto,intelectual,propiedad,upb",estatuto propiedad intelectual upb,,0,,0.00,
"estatuto,intelectual,propiedad",estatuto sobre la propiedad intelectual,,0,,0.00,
"estatuto,intelectual,propiedad,uniquindio",estatuto sobre la propiedad intelectual de uniquindio,,0,,0.00,
"cesar,estatuto,intelectual,popular,propiedad,universidad",estatutos de propiedad intelectual de la universidad popular del cesar,,0,,0.00,
"costo,estatuto,intelectual,propiedad,rico,universidad",estatutos de propiedad intelectual en la universidad de costa rica,,0,,0.00,
"bosque,estatuto,intelectual,propiedad,universidad",estatutos de propiedad intelectual universidad bosque,,0,,0.00,
"cesar,estatutus,intelectual,popular,propiedad,universidad",estatutus de propiedad intelectual de la universidad popular del cesar,,0,,0.00,
"estdistica,intelectual,propiedad",estdísticas propiedad intelectual,,0,,0.00,
"cuenta,derecho,intelectual,material,propiedad",este material cuenta con derechos de propiedad intelectual,,0,,0.00,
"comercial,estrategias,intelectual,propiedad,tecnica,validar",estrategia de propiedad intelectual validación técnica y comercia,,0,,0.00,
"estrategias,intelectual,propiedad,proteccion",estrategia de proteccion de propiedad intelectual,,0,,0.00,
"estrategias,intelectual,material,propiedad",estrategia en materia de propiedad intelectual,,0,,0.00,
"estrategias,intelectual,preliminar,propiedad",estrategia preliminar de propiedad intelectual,,0,,0.00,
"estrategias,intelectual,mejor,propiedad",estrategias para el mejoramiento en propiedad intelectual,,0,,0.00,
"actividades,estrategias,intangibles,intelectual,medidas,propiedad,proteccion",estrategias y medidas de proteccion de activos intangibles propiedad intelectual,,0,,0.00,
"estructura,intelectual,propiedad",estructura de propiedad intelectual,,0,,0.00,
"colombia,derecho,estructura,intelectual,propiedad",estructura del derecho de propiedad intelectual en colombia,,0,,0.00,
"empleo,estudio,intelectual,propiedad",estudiante propiedad intelectual empleo,,0,,0.00,
"abogado,estudio,intelectual,propiedad",estudio de abogados propiedad intelectual,,0,,0.00,
"estudio,intelectual,juridica,propiedad",estudio juridico propiedad intelectual,,0,,0.00,
"critica,derecho,estudio,intelectual,propiedad",estudios criticos sobre el derecho de propiedad intelectual,,0,,0.00,
"estudio,facultad,intelectual,pertenece,propiedad",estudios de propiedad intelectual pertenecen a que facultad,,0,,0.00,
"estudio,intelectual,juridica,propiedad",estudios juridicos propiedad intelectual,,0,,0.00,
"etica,intelectual,moderna,pdf,propiedad",etica moderna y propiedad intelectual pdf,,0,,0.00,
"etica,intelectual,pdf,profecional,propiedad",etica profecional y propiedad intelectual pdf,,0,,0.00,
"etica,intelectual,profesional,propiedad",etica profesional y propiedad intelectual,,0,,0.00,
"etica,intelectual,pdf,propiedad",etica y propiedad intelectual pdf,,0,,0.00,
"evaluacion,intelectual,propiedad",evaluacion de la propiedad intelectual,,0,,0.00,
"evaluacion,final,intelectual,propiedad",evaluacion final de la propiedad intelectual,,0,,0.00,
"cierre,evitar,facebook,intelectual,pagina,propiedad",evitar cierre de pagina facebook por propiedad intelectual,,0,,0.00,
"derecho,evolucion,historico,intelectual,propiedad",evolucion historica del derecho de propiedad intelectual,,0,,0.00,
"evolución,intelectual,legislacion,propiedad",evolución de la legislacion de la propiedad intelectual,,0,,0.00,
"colombia,evolución,intelectual,legislacion,propiedad",evolución de la legislacion de la propiedad intelectual en colombia,,0,,0.00,
"ex,intelectual,lotacion,propiedad",ex lotacion de la propiedad intelectual,,0,,0.00,
"examen,intelectual,propiedad",examen de propiedad intelectual,,0,,0.00,
"examen,intelectual,propiedad",examen sobre propiedad intelectual,,0,,0.00,
"excepciones,intelectual,principios,propiedad,territoriales",excepciones al principio de territorialidad en propiedad intelectual,,0,,0.00,
"excepciones,intelectual,propiedad,regimen",excepciones al regimen de propiedad intelectual,,0,,0.00,
"exigencias,intelectual,ocde,propiedad,sector",exigencia de la ocde sector propiedad intelectual,,0,,0.00,
"colombia,exigencias,intelectual,ocde,propiedad,sector",exigencia de la ocde sector propiedad intelectual colombia,,0,,0.00,
"agro,algunos,existen,intelectual,legislativo,propiedad,sector",existe alguna legislación sobre propiedad intelectual en el sector agro,,0,,0.00,
"existen,intelectual,mundial,organizacio,propiedad",existe organizacio mundial de la propiedad intelectual,,0,,0.00,
"comercial,existencia,explotación,intelectual,propiedad,regimen",existencia de régimen de propiedad intelectual y de explotación comercial,,0,,0.00,
"exito,intelectual,propiedad,traves",exito a traves de la propiedad intelectual,,0,,0.00,
"autores,derecho,diferencia,entre,explique,intelectual,propiedad",explique la diferencia entres derechos de autor y propiedad intelectual,,0,,0.00,
"abarca,explique,forma,intelectual,propiedad",explique qué formas abarca la propiedad intelectual,,0,,0.00,
"explotacion,intelectual,propiedad",explotacion a la propiedad intelectual,,0,,0.00,
"colombia,explotacion,intelectual,propiedad",explotacion de la propiedad intelectual colombia,,0,,0.00,
"explotacion,intelectual,propiedad",explotacion de propieda intelectual,,0,,0.00,
"explotación,intelectual,natural,personas,propiedad",explotación de la propiedad intelectual persona natural,,0,,0.00,
"explotación,intelectual,propiedad,significa",explotación de la propiedad intelectual que significa,,0,,0.00,
"derecho,explotación,intelectual,propiedad",explotación de los derechos de propiedad intelectual,,0,,0.00,
"expropiacion,intelectual,propiedad",expropiacion propiedad intelectual,,0,,0.00,
"especializacion,externa,intelectual,propiedad",externado especializacion en propiedad intelectual,,0,,0.00,
"externa,intelectual,propiedad",externado propiedad intelectual,,0,,0.00,
"externa,intelectual,propiedad,valuacion",externado propiedad intelectual y valuación,,0,,0.00,
"externalidades,intelectual,propiedad",externalidad propiedad intelectual,,0,,0.00,
"colombia,extincion,intelectual,propiedad",extincion de la propiedad intelectual colombia,,0,,0.00,
"factores,gestion,industrial,intelectual,propiedad",factores en la gestion y propiedad industrial e intelectual,,0,,0.00,
"fair,intelectual,propiedad,use",fair use propiedad intelectual,,0,,0.00,
"falla,intelectual,propiedad",fallos de propiedad intelectual,,0,,0.00,
"falla,intelectual,propiedad",fallos propiedad intelectual,,0,,0.00,
"debilidades,falla,intelectual,marca,propiedad",fallos propiedad intelectual marcas debiles,,0,,0.00,
"falta,intelectual,legislacion,propiedad",falta de legislacion propiedad intelectual,,0,,0.00,
"falta,intelectual,propiedad",faltas de propiedad intelectual,,0,,0.00,
"comision,creacion,fecha,intelectual,intersectorial,propiedad",fecha de creacion de la comision intersectorial de propiedad intelectual,,0,,0.00,
"centro,fecha,inauguracion,intelectual,primer,propiedad",fecha de inauguracion de primer centro de propiedad intelectual,,0,,0.00,
"fecha,intelectual,propiedad,vencimiento",fecha de vencimiento de la propiedad intelectual,,0,,0.00,
"derecho,fecha,intelectual,propiedad",fecha del derecho de propiedad intelectual,,0,,0.00,
"artistica,derecho,fecha,intelectual,obra,propiedad",fecha del derecho de propiedad intelectual obras artisticas,,0,,0.00,
"colombiano,federacion,futbol,intelectual,propiedad",federacion colombiana de futbol propiedad intelectual,,0,,0.00,
"fedesoft,intelectual,piratas,propiedad,software",fedesoft piratería de software y propiedad intelectual,,0,,0.00,
"felipe,figueroa,intelectual,propiedad",felipe figueroa propiedad intelectual,,0,,0.00,
"felxibilidad,ingles,intelectual,propiedad",felxibilidades de propiedad intelectual ingles,,0,,0.00,
"feria,intelectual,libro,propiedad",feria del libro propiedad intelectual,,0,,0.00,
"brasileño,fernando,indigenas,intelectual,propiedad,pueblo",fernando pueblos indígenas brasileños y propiedad intelectual,,0,,0.00,
"festivales,intelectual,propiedad",festivales propiedad intelectual,,0,,0.00,
"colombia,festivales,intelectual,propiedad",festivales propiedad intelectual colombia,,0,,0.00,
"fian,intelectual,propiedad",fian propiedad intelectual,,0,,0.00,
"colombia,ficha,intelectual,propiedad",ficha de propiedad intelectual colombia,,0,,0.00,
"colombiano,ficha,intelectual,propiedad,tecnica",ficha tecnica colombiana de propiedad intelectual,,0,,0.00,
"ficha,intelectual,propiedad,tecnica",ficha tecnica de propiedad intelectual,,0,,0.00,
"ejemplos,ficha,intelectual,propiedad,tecnica",ficha tecnica de propiedad intelectual ejemplos,,0,,0.00,
"ficha,intelectual,propiedad,tecnica",ficha tecnica propiedad intelectual,,0,,0.00,
"figuras,intelectual,juridica,propiedad",figura jurídica de propiedad intelectual,,0,,0.00,
"filetype,intelectual,marca,ppt,propiedad",filetype ppt las marcas en la propiedad intelectual,,0,,0.00,
"colombia,filetype,intelectual,ppt,propiedad",filetype ppt propiedad intelectual en colombia,,0,,0.00,
"final,industrial,intelectual,propiedad",finalidad de la propiedad industrial y intelectual,,0,,0.00,
"fin,intelectual,jurisprudencia,propiedad,vs",fines del estado jurisprudencia vs propiedad intelectual,,0,,0.00,
"correo,firma,intelectual,mensajes,propiedad",firma correo con mensaje de propiedad intelectual,,0,,0.00,
"abogado,bolivia,firma,intelectual,propiedad",firma de abogados en bolivia propiedad intelectual,,0,,0.00,
"abogado,firma,francia,intelectual,montpellier,propiedad",firmas abogados propiedad intelectual en montpellier francia,,0,,0.00,
"abogado,colombia,firma,intelectual,propiedad",firmas de abogado propiedad intelectual en colombia,,0,,0.00,
"abogado,colombia,firma,intelectual,propiedad",firmas de abogados colombia propiedad intelectual,,0,,0.00,
"abogado,firma,intelectual,propiedad",firmas de abogados propiedad intelectual,,0,,0.00,
"abogado,bogota,firma,intelectual,propiedad",firmas de abogados propiedad intelectual bogotá,,0,,0.00,
"abogado,cali,firma,intelectual,propiedad",firmas de abogados propiedad intelectual cali,,0,,0.00,
"abogado,firma,intelectual,medelli,propiedad",firmas de abogados propiedad intelectual medelli,,0,,0.00,
"abogado,bogota,firma,intelectual,propiedad,trabajo",firmas de abogados que trabajen propiedad intelectual bogota,,0,,0.00,
"firma,intelectual,propiedad",firmas de propiedad intelectual,,0,,0.00,
"bogorta,firma,intelectual,propiedad",firmas de propiedad intelectual bogort,,0,,0.00,
"colombia,firma,intelectual,propiedad",firmas propiedad intelectual colombia,,0,,0.00,
"fiscal,intelectual,primera,propiedad,unidos",fiscal primero unidad de propiedad intelectual,,0,,0.00,
"192,fiscalia,intelectual,propiedad",fiscalia 192 propiedad intelectual,,0,,0.00,
"bogota,delito,especializaciones,fiscalia,intelectual,propiedad",fiscalia especializada en delitos contra la propiedad intelectual bogota,,0,,0.00,
"fiscalia,intelectual,propiedad,unidos",fiscalia unidad propiedad intelectual,,0,,0.00,
"fiscalizacion,intelectual,propiedad",fiscalizacion de la propiedad intelectual,,0,,0.00,
"fiscalizacion,intelectual,propiedad,venezuela",fiscalizacion de la propiedad intelectual en venezuela,,0,,0.00,
"fiscalizacion,intelectual,pdf,propiedad",fiscalizacion de la propiedad intelectual pdf,,0,,0.00,
"flacso,intelectual,propiedad",flacso propiedad intelectual,,0,,0.00,
"autores,derecho,flayer,intelectual,plagio,propiedad",flayer de plagio derechos del autor y propiedad intelectual,,0,,0.00,
"colombia,flujograma,intelectual,propiedad,registro",flujograma registro de propiedad intelectual en colombia,,0,,0.00,
"autores,derecho,flyer,intelectual,plagio,propiedad",flyer de plagio derechos del autor y propiedad intelectual,,0,,0.00,
"colombia,fomentar,intelectual,propiedad",fomento de propiedad intelectual colombia,,0,,0.00,
"abogado,fondo,intelectual,propiedad",fondo abogado propiedad intelectual,,0,,0.00,
"fondo,intelectual,propiedad",fondos de propiedad intelectual,,0,,0.00,
"auto,derecho,formacion,gratuita,intelectual,nuves,propiedad,tecnologia",formación gratuita en propiedad intelectual derechos de auto nuveas tecnologias,,0,,0.00,
"alternativas,forma,intelectual,propiedad",formas alternativas a la propiedad intelectual,,0,,0.00,
"alternativas,forma,intelectual,propiedad",formas alternativas de propiedad intelectual,,0,,0.00,
"economica,forma,intelectual,propiedad,proteccion",formas de proteccion economica de la propiedad intelectual,,0,,0.00,
"forma,intelectual,propiedad,proteccion",formas de protección de la propiedad intelectual,,0,,0.00,
"colombia,forma,intelectual,propiedad,proteccion",formas de protección de la propiedad intelectual colombia,,0,,0.00,
"forma,intelectual,propiedad,protecicon",formas de protecicon de la propiedad intelectual,,0,,0.00,
"autores,derecho,forma,intelectual,propiedad,respeto",formas de respetar derechos de autor y propiedad intelectual,,0,,0.00,
"forma,intelectual,laterne,propiedad",formas laternativas a la propiedad intelectual,,0,,0.00,
"acta,formato,intelectual,propiedad",formato acta de propiedad intelectual,,0,,0.00,
"acta,formato,intelectual,propiedad,universidad,valle",formato acta de propiedad intelectual de la universidad del valle,,0,,0.00,
"acta,formato,intelectual,propiedad,univalle",formato acta de propiedad intelectual univalle,,0,,0.00,
"acta,formato,intelectual,monteria,propiedad,upb",formato acta de propiedad intelectual upb monteria,,0,,0.00,
"acuerdo,formato,intelectual,propiedad",formato acuerdo propiedad intelectual,,0,,0.00,
"amplificar,formato,intelectual,propiedad",formato amplificado propiedad intelectual,,0,,0.00,
"amplificar,formato,intelectual,propiedad,univalle",formato amplificado propiedad intelectual univalle,,0,,0.00,
"carta,formato,intelectual,propiedad",formato carta de propiedad intelectual,,0,,0.00,
"carta,derecho,formato,intelectual,propiedad,renuncia",formato carta renuncia derechos de propiedad intelectual,,0,,0.00,
"cesion,derecho,formato,intelectual,propiedad",formato cesion de derechos de propiedad intelectual,,0,,0.00,
"clausula,contrato,formato,intelectual,propiedad,trabajo",formato contrato de trabajo clausula de propiedad intelectual,,0,,0.00,
"03,05,fo,formato,intelectual,iv,m,propiedad",formato de propiedad intelectual fo-m-iv-05-03,,0,,0.00,
"anteproyecto,formato,intelectual,propiedad,univalle",formato de propiedad intelectual univalle anteproyecto,,0,,0.00,
"derecho,formato,intelectual,propiedad",formato derechos de propiedad intelectual,,0,,0.00,
"cambiar,fecha,formato,gaceta,intelectual,propiedad,publicacion",formato para cambiar fecha de publicacion gaceta de propiedad intelectual,,0,,0.00,
"2019,formato,intelectual,propiedad,unimagdalena",formato propiedad intelectual unimagdalena 2019,,0,,0.00,
"formato,intelectual,propiedad,registro",formato registro de propiedad intelectual,,0,,0.00,
"formato,intelectual,propiedad,transferencia",formato transferencia propiedad intelectual,,0,,0.00,
"consentimiento,formato,informe,intelectual,paara,propiedad,uso",formatos de consentimiento informado paara uso de propiedad intelectual,,0,,0.00,
"acta,formato,intelectual,propiedad,univalle",formatos univalle acta de propiedad intelectual,,0,,0.00,
"derecho,formulario,intelectual,propiedad",formulario de derechos de propiedad intelectual,,0,,0.00,
"formulario,intelectual,patente,propiedad",formulario de patentes y propiedad intelectual,,0,,0.00,
"colombia,formulario,intelectual,propiedad",formulario para la propiedad intelectual en colombia,,0,,0.00,
"cancion,formulario,intelectual,propiedad,registro",formulario para registro canciones propiedad intelectual,,0,,0.00,
"cancion,colombia,formulario,intelectual,propiedad,registro",formulario para registro canciones propiedad intelectual colombia,,0,,0.00,
"formulario,intelectual,propiedad",formularios de propiedad intelectual,,0,,0.00,
"autores,derecho,formulario,intelectual,propiedad",formularios de propiedad intelectual derechos de autor,,0,,0.00,
"formula,intelectual,magistrales,propiedad",formulas magistrales propiedad intelectual,,0,,0.00,
"1,for,intelectual,propiedad",foro 1 propiedad intelectual,,0,,0.00,
"for,funcion,intelectual,propiedad,social",foro función social de la propiedad intelectual,,0,,0.00,
"acceso,for,intelectual,medicamentos,propiedad,semillas",foro propiedad intelectual semillas y acceso a medicamentos,,0,,0.00,
"for,intelectual,propiedad,taller,unal",foro taller propiedad intelectual unal,,0,,0.00,
"for,intelectual,propiedad,taller,unl",foro taller propiedad intelectual unl,,0,,0.00,
"fotocopiadora,intelectual,libro,propiedad",fotocopias de libros propiedad intelectual,,0,,0.00,
"fotos,intelectual,plagas,privada,propiedad",fotos plageadas propiedad intelectual privada,,0,,0.00,
"fotos,intelectual,propiedad",fotos propiedad intelectual,,0,,0.00,
"estan,fragmento,intelectual,propiedad,proteger",fragmentos que estan protegidos por la propiedad intelectual,,0,,0.00,
"celebra,frases,intelectual,propiedad",frase celebre propiedad intelectual,,0,,0.00,
"alusivas,autores,derecho,frases,intelectual,propiedad",frases alusivas a derechos de autor y propiedad intelectual,,0,,0.00,
"celebra,escuela,frases,intelectual,propiedad",frases celebres sobre la propiedad intelectual en la escuela,,0,,0.00,
"celebra,frases,intelectual,propiedad",frases celebres sobre propiedad intelectual,,0,,0.00,
"frases,intelectual,propiedad,proteccion",frases de la protección de propiedad intelectual,,0,,0.00,
"frases,intelectual,plagio,propiedad",frases de plagio y propiedad intelectual,,0,,0.00,
"celebra,frases,ideas,intelectual,propiedad",frases o ideas celebres sobre propiedad intelectual,,0,,0.00,
"frases,intelectual,propiedad",frases para propiedad intelectual,,0,,0.00,
"frases,intelectual,propiedad",frases propiedad intelectual,,0,,0.00,
"frases,intelectual,propiedad,publico",frases publicidad y propiedad intelectual,,0,,0.00,
"freddy,intelectual,propiedad,rojo",freddy rojas propiedad intelectual,,0,,0.00,
"from,intelectual,propiedad,proteccion",fromas de proteccion de propiedad intelectual,,0,,0.00,
"fuente,intelectual,propiedad",fuentes de la propiedad intelectual,,0,,0.00,
"colombia,entidad,funcion,intelectual,nacional,propiedad",funcion de la entidad nacional de propiedad intelectual colombia,,0,,0.00,
"funcion,intelectual,ocde,propiedad",funcion de la ocde para la propiedad intelectual,,0,,0.00,
"funcion,intelectual,omc,propiedad",funcion de la omc para la propiedad intelectual,,0,,0.00,
"funcion,intelectual,mundial,organizacion,propiedad",funcion de la organizacion mundial de la propiedad intelectual,,0,,0.00,
"funcion,intelectual,propiedad,unesco",funcion de la unesco para la propiedad intelectual,,0,,0.00,
"funcion,intelectual,propiedad,trata",funcion del tratado de propiedad intelectual,,0,,0.00,
"funcion,intelectual,propiedad,social",funcion social de la propiedad intelectual,,0,,0.00,
"funcion,intelectual,pdf,propiedad,social",funcion social de la propiedad intelectual pdf,,0,,0.00,
"funcion,intelectual,propiedad,social",funcion social del estado y propiedad intelectual,,0,,0.00,
"funcionales,intelectual,propiedad",funcionalidad de la propiedad intelectual,,0,,0.00,
"funcion,intelectual,mundial,organizaciones,propiedad",funciones de la organización mundial de la propiedad intelectual,,0,,0.00,
"funcion,intelectual,propiedad",funciones de propiedad intelectual,,0,,0.00,
"funcion,guatemala,intelectual,propiedad,registro",funciones del registro de la propiedad intelectual guatemala,,0,,0.00,
"funcion,intelectual,jurisdiccionales,propiedad",funciones jurisdiccionales en la propiedad intelectual,,0,,0.00,
"funcion,intelectual,oficina,propiedad",funciones oficinas propiedad intelectual,,0,,0.00,
"crecimiento,economica,funcion,intelectual,oficina,propiedad",funciones oficinas propiedad intelectual crecimiento economico,,0,,0.00,
"constitucion,fundamentos,intelectual,propiedad",fundamento constitucional de la propiedad intelectual,,0,,0.00,
"colombia,constitucion,fundamentos,intelectual,propiedad",fundamento constitucional de la propiedad intelectual en colombia,,0,,0.00,
"fundamentos,intelectual,juridica,propiedad",fundamento juridico de la propiedad intelectual,,0,,0.00,
"fundamentos,intelectual,legal,propiedad",fundamento legal de la propiedad intelectual,,0,,0.00,
"colombia,fundamentos,intelectual,legal,propiedad",fundamento legal de la propiedad intelectual en colombia,,0,,0.00,
"etica,fundamentos,intelectual,propiedad",fundamentos de la propiedad intelectual etica,,0,,0.00,
"futbol,intelectual,propiedad",futbol y propiedad intelectual,,0,,0.00,
"786,gaceta,intelectual,propiedad",gaceta 786 propiedad intelectual,,0,,0.00,
"2018,gaceta,intelectual,propiedad",gaceta de propiedad intelectual 2018,,0,,0.00,
"2005,553,gaceta,intelectual,propiedad",gaceta de propiedad intelectual 553 de 2005,,0,,0.00,
"2018,858,gaceta,intelectual,propiedad",gaceta de propiedad intelectual 858 de 2018,,0,,0.00,
"colombia,gaceta,intelectual,propiedad",gaceta de propiedad intelectual colombia,,0,,0.00,
"colombia,gaceta,intelectual,propiedad",gaceta propiedad intelectual colombia,,0,,0.00,
"cereales,colombia,gaceta,intelectual,life,propiedad",gaceta propiedad intelectual colombia life cereal,,0,,0.00,
"gaceta,intelectual,propiedad,sic",gaceta propiedad intelectual sic,,0,,0.00,
"colombia,gaceta,intelectual,propiedad",gacetas propiedad intelectual colombia,,0,,0.00,
"gastos,intelectual,propiedad,proteccion",gastos de protección de propiedad intelectual,,0,,0.00,
"gatt,intelectual,propiedad",gatt propiedad intelectual,,0,,0.00,
"escritor,gerardo,intelectual,propiedad,silva,suarez",gerardo suarez silva escritor propiedad intelectual,,0,,0.00,
"derecho,gestion,intelectual,propiedad",gestion de derechos de propiedad intelectual,,0,,0.00,
"colombia,gestion,intelectual,propiedad",gestion de la propiedad intelectual en colombia,,0,,0.00,
"chagas,enfermedad,gestion,intelectual,propiedad",gestion de la propiedad intelectual para la enfermedad de chagas,,0,,0.00,
"gestion,intelectual,pdf,propiedad",gestion de la propiedad intelectual pdf,,0,,0.00,
"colombia,gestion,intelectual,propiedad",gestion de propiedad intelectual en colombia,,0,,0.00,
"autores,derecho,gestion,intelectual,propiedad",gestion de propiedad intelectual y derechos de autor,,0,,0.00,
"autores,colombia,derecho,gestion,intelectual,propiedad",gestion de propiedad intelectual y derechos de autor en colombia,,0,,0.00,
"gestion,intelectual,propiedad,registro",gestion y registro.de la.propiedad intelectual,,0,,0.00,
"creatividad,empresa,gestion,intelectual,mundial,organizacion,propiedad",gestión de empresas creativas organizacion mundial de la propiedad intelectual,,0,,0.00,
"gestion,intelectual,propiedad,udea",gestión de la propiedad intelectual en la udes,,0,,0.00,
"gestion,intelectual,propiedad,tecnologicos,transferencia",gestión de la propiedad intelectual y transferencia de tecnología,,0,,0.00,
"derecho,gestion,industrial,intelectual,propiedad",gestión de los derechos de la propiedad intelectual e industrial,,0,,0.00,
"colombia,gestion,intelectual,propiedad",gestión de propiedad intelectual colombia,,0,,0.00,
"educativa,gestion,instituciones,intelectual,pila,propiedad,superior",gestión de propiedad intelectual en instituciones de educación superior pila,,0,,0.00,
"conocimiento,gestion,intelectual,propiedad",gestión del conocimiento y propiedad intelectual.,,0,,0.00,
"gestion,intelectual,propiedad,udea",gestión propiedad intelectual udea,,0,,0.00,
"gestion,intelectual,propiedad,tecnologicos",gestión tecnológica propiedad intelectual,,0,,0.00,
"gestor,intelectual,propiedad,tecnnova",gestores de propiedad intelectual tecnnova,,0,,0.00,
"gilgal,intelectual,medidas,poema,primer,propiedad",gilgal med primer poema propiedad intelectual,,0,,0.00,
"gilgalmed,intelectual,poema,primer,propiedad",gilgalmed primer poema propiedad intelectual,,0,,0.00,
"gilgamesh,intelectual,poema,propiedad",gilgamesh poema propiedad intelectual,,0,,0.00,
"gilgamesh,historico,intelectual,poema,propiedad,referencia",gilgamesh poema referente historico de propiedad intelectual,,0,,0.00,
"glivec,intelectual,propiedad,violacion",glivec violación de propiedad intelectual,,0,,0.00,
"globalización,intelectual,propiedad",globalización y propiedad intelectual,,0,,0.00,
"derecho,globalización,intelectual,propiedad,proteger",globalizado como se protegen los derechos de propiedad intelectual,,0,,0.00,
"glosario,intelectual,propiedad,terminal",glosario de terminos de propiedad intelectual,,0,,0.00,
"glosario,intelectual,ompi,propiedad",glosario ompi propiedad intelectual,,0,,0.00,
"glosario,intelectual,propiedad",glosario propiedad intelectual,,0,,0.00,
"español,glosario,ingles,intelectual,propiedad",glosario propiedad intelectual ingles español,,0,,0.00,
"gng,intelectual,jean,propiedad",gng jeans propiedad intelectual,,0,,0.00,
"gobierno,intelectual,propiedad,proteger",gobierno protegiendo la propiedad intelectual,,0,,0.00,
"gobierto,intelectual,propiedad,proteger",gobierto protegiendo la propiedad intelectual,,0,,0.00,
"gomez,intelectual,pinzon,propiedad",gomez pinzon propiedad intelectual,,0,,0.00,
"good,intelectual,know,lex,mercatoria,propiedad,will",good will know how lex mercatoria y propiedad intelectual,,0,,0.00,
"good,intelectual,konw,lex,mercatoria,propiedad,will",good will konw how lex mercatoria y propiedad intelectual,,0,,0.00,
"grafica,intelectual,mongolia,propiedad",graficas de propiedad intelectual de mongolia,,0,,0.00,
"empresa,energetico,grande,intelectual,propiedad,sector",grandes empresas propiedad intelectual y sector energetico,,0,,0.00,
"china,comercial,guerra,intelectual,propiedad,unidos",guerra comercial entre china y estados unidos propiedad intelectual,,0,,0.00,
"estudio,guia,intelectual,propiedad",guia de estudio propiedad intelectual,,0,,0.00,
"guia,intelectual,propiedad",guia de propieda intelectual,,0,,0.00,
"colciencias,guia,intelectual,propiedad",guia de propieda intelectual colciencias,,0,,0.00,
"adoptar,cnbt,guia,intelectual,propiedad",guia de propiedad intelectual adoptada por el cnbt,,0,,0.00,
"beneficios,guia,intelectual,propiedad,tributario",guia de propiedad intelectual beneficios tributarios,,0,,0.00,
"colciencias,guia,intelectual,propiedad",guia de propiedad intelectual colciencias,,0,,0.00,
"guia,intelectual,propiedad,sena",guia de propiedad intelectual sena,,0,,0.00,
"estrategias,guia,intelectual,propiedad",guia estrategia de propiedad intelectual,,0,,0.00,
"empresa,estrategias,guia,intelectual,propiedad,universidad",guia estrategia de propiedad intelectual universidad empresas,,0,,0.00,
"estrategica,guia,intelectual,propiedad",guia estrategica para la propiedad intelectual,,0,,0.00,
"estrategica,guia,intelectual,propiedad,tecnnova",guia estrategica para la propiedad intelectual tecnnova,,0,,0.00,
"empresa,estrategica,guia,intelectual,propiedad,universidad",guia estrategica para la propiedad intelectual universidad empresa,,0,,0.00,
"empresa,estrategica,guia,intelectual,propiedad,universidad",guia estratégica de propiedad intelectual universidad empresas,,0,,0.00,
"guia,intelectual,legal,propiedad",guia legal propiedad intelectual,,0,,0.00,
"bogota,camara,comercial,guia,intelectual,practica,propiedad",guia practica de propiedad intelectual camara de comercio de bogota,,0,,0.00,
"beneficios,comision,guia,intelectual,propiedad,tributario",guia propiedad intelectual de la comision de beneficios tributarios,,0,,0.00,
"abogado,guillermo,intelectual,navarro,propiedad",guillermo navarro abogado propiedad intelectual,,0,,0.00,
"ecuatorial,guinea,intelectual,propiedad",guinea ecuatorial propiedad intelectual,,0,,0.00,
"guia,intelectual,propiedad",guía de propiedad intelectual,,0,,0.00,
"adopata,cnbt,guia,intelectual,propiedad",guía de propiedad intelectual adopatada por el cnbt,,0,,0.00,
"adoptar,cnbt,guia,intelectual,propiedad",guía de propiedad intelectual adoptada por el cnbt,,0,,0.00,
"beneficios,guia,intelectual,propiedad,tributario",guía de propiedad intelectual beneficios tributarios,,0,,0.00,
"desarrollo,guia,institucionales,intelectual,politica,propiedad",guía para el desarrollo de políticas institucionales de propiedad intelectual,,0,,0.00,
"gomez,intelectual,pinzon,propiedad,zuleta",gómez-pinzón zuleta propiedad intelectual,,0,,0.00,
"cara,casa,hechos,intelectual,propiedad",hechos caso propiedad intelectual cars,,0,,0.00,
"cara,casa,hechos,intelectual,pelicula,propiedad",hechos caso propiedad intelectual pelicula cars,,0,,0.00,
"cara,casa,hechos,intelectual,pelicula,propiedad",hechos por caso pelicula cars propiedad intelectual,,0,,0.00,
"hereda,intelectual,propiedad",heredar propiedad intelectual,,0,,0.00,
"colombia,hereda,intelectual,propiedad",heredar propiedad intelectual colombia,,0,,0.00,
"gestor,herramientas,intelectual,propiedad,tecnnova",herramienta para gestores de propiedad intelectual tecnnova,,0,,0.00,
"herramientas,intelectual,lista,propiedad",herramientas de propiedad intelectual lista,,0,,0.00,
"hidro,intelectual,ituango,propiedad",hidro ituango propiedad intelectual,,0,,0.00,
"hidroituango,intelectual,propiedad",hidroituango propiedad intelectual,,0,,0.00,
"2018,hinestroza,intelectual,propiedad",hinestroza 2018 propiedad intelectual,,0,,0.00,
"historia,intelectual,propiedad",histori de la propiedad intelectual,,0,,0.00,
"d,historia,intelectual,ompi,propiedad",historia d la propiedad intelectual ompi,,0,,0.00,
"historia,intelectual,ley,propiedad",historia de la ley de propiedad intelectual,,0,,0.00,
"historia,intelectual,propiedad,shakespeare",historia de la propiedad intelectual de shakespeare,,0,,0.00,
"historia,intelectual,mexico,propiedad",historia de la propiedad intelectual en méxico,,0,,0.00,
"historia,intelectual,propiedad,resumen",historia de la propiedad intelectual resumen,,0,,0.00,
"historia,intelectual,propiedad,wikipedia",historia de la propiedad intelectual wikipedia,,0,,0.00,
"historia,intelectual,propiedad,sic",historia de la sic propiedad intelectual,,0,,0.00,
"derecho,historia,intelectual,propiedad",historia de los derechos de propiedad intelectual,,0,,0.00,
"historia,intelectual,propiedad",historia de propiedad intelectual,,0,,0.00,
"derecho,historia,intelectual,propiedad",historia del derecho de propiedad intelectual,,0,,0.00,
"historia,indicadores,intelectual,mundial,propiedad",historia del indicador mundial de propiedad intelectual,,0,,0.00,
"historia,intelectual,propiedad,violacion",historias de violacion a la propiedad intelectual,,0,,0.00,
"colombia,historia,intelectual,propiedad,violacion",historias de violacion a la propiedad intelectual en colombia,,0,,0.00,
"batalla,hotel,intelectual,juridica,pierde,propiedad",hotel pierde batalla juridica de propiedad intelectual,,0,,0.00,
"cibepyme,colombia,como,http,intelectual,minisite,propiedad,www",http www.cibepyme.com minisites colombia es propiedad-intelectual,,0,,0.00,
"https,intelectual,org,propiedad,wiki,wikipedia",https es.wikipedia.org wiki propiedad_intelectual,,0,,0.00,
"https,intelectual,propiedad",https propiedad intelectual,,0,,0.00,
"capacidad,co,edu,https,intelectual,investigacion,programa,propiedad,upb,www",https www.upb.edu.co es investigacion capacidades programa-propiedad-intelectual,,0,,0.00,
"armando,hugo,intelectual,propiedad,rodriguez,upb",hugo armando rodriguez propiedad intelectual upb,,0,,0.00,
"hurtado,intelectual,propiedad",hurto de propiedad intelectual,,0,,0.00,
"intelectual,propiedad,proteccion",i protección a la propiedad intelectual,,0,,0.00,
"ib,intelectual,propiedad",ib propiedad intelectual,,0,,0.00,
"icono,intelectual,png,propiedad",icono propiedad intelectual png,,0,,0.00,
"ideas,intelectual,prinsipal,propiedad",idea prinsipal de propiedad intelectual,,0,,0.00,
"ideas,intelectual,propiedad",ideas de el a propiedad intelectual,,0,,0.00,
"contenido,ideas,intelectual,propiedad",ideas para contenidos sobre propiedad intelectual,,0,,0.00,
"cannabis,contenido,ideas,intelectual,propiedad",ideas para contenidos sobre propiedad intelectual cannabis,,0,,0.00,
"idemnes,intelectual,propiedad",idemne propiedad intelectual,,0,,0.00,
"idemnizaciones,intelectual,propiedad",idemnizaciones por propiedad intelectual,,0,,0.00,
"fundamentos,identifica,intelectual,propiedad,proteccion",identifica los fundamentos de la protección a la propiedad intelectual,,0,,0.00,
"identificar,intelectual,propiedad",identificar propiedad intelectual,,0,,0.00,
"existen,identifique,intelectual,propiedad,proteccion,tipos",identifique los tipos de protección de propiedad intelectual que existen,,0,,0.00,
"iii,intelectual,produccion,propiedad,taller",iii taller de propiedad intelectual en producciones,,0,,0.00,
"imagen,intelectual,mundial,organizacion,propiedad",imagen de la organizacion mundial de propiedad intelectual,,0,,0.00,
"imagen,intelectual,propiedad,protegere",imagen el estado protegera la propiedad intelectual,,0,,0.00,
"imagen,intelectual,propiedad",imagen propiedad intelectual,,0,,0.00,
"animado,blanco,imagen,intelectual,negro,propiedad",imagen propiedad intelectual blanco y negro animada,,0,,0.00,
"animado,imagenes,intelectual,propiedad,proteccion",imagenes animadas de proteccion a la propiedad intelectual,,0,,0.00,
"autores,derecho,imagenes,intelectual,propiedad",imagenes de derechos de autor y propiedad intelectual,,0,,0.00,
"imagenes,informatica,intelectual,ley,propiedad",imagenes de leyes de la propiedad intelectual en informatica,,0,,0.00,
"derecho,imagenes,intelectual,propiedad",imagenes de los derechos de propiedad intelectual,,0,,0.00,
"imagenes,intelectual,patente,propiedad",imagenes de propiedad intelectual y patentes,,0,,0.00,
"imagenes,intelectual,libro,propiedad,software",imagenes de propiedad intelectual y software libre,,0,,0.00,
"imagenes,intelectual,libro,propiedad,sofware",imagenes de propiedad intelectual y sofware libre,,0,,0.00,
"dibujos,imagenes,intelectual,propiedad,proteccion",imagenes de proteccion de la propiedad intelectual para dibujar,,0,,0.00,
"imagenes,intelectual,propiedad,proteccion",imagenes de protección de propiedad intelectual,,0,,0.00,
"imagenes,intelectual,propiedad,robo",imagenes de robo de propiedad intelectual,,0,,0.00,
"imagenes,intelectual,propiedad",imagenes de una propiedad intelectual,,0,,0.00,
"imagenes,intelectual,propiedad,violacion",imagenes de violacion a la propiedad intelectual,,0,,0.00,
"delito,imagenes,intelectual,propiedad",imagenes delitos contra la propiedad intelectual,,0,,0.00,
"delito,imagenes,infomatica,intelectual,propiedad",imagenes delitos contra la propiedad intelectual delitos infomaticos,,0,,0.00,
"derecho,imagenes,intelectual,propiedad",imagenes derecho a la propiedad intelectual,,0,,0.00,
"autores,derecho,imagenes,infantil,intelectual,propiedad",imagenes infantiles del derecho de autor y propiedad intelectual,,0,,0.00,
"imagenes,intelectual,internet,propiedad",imagenes internet propiedad intelectual,,0,,0.00,
"imagenes,intelectual,propiedad",imagenes sobre la propiedad intelectual,,0,,0.00,
"desarrolo,impacto,intelectual,propiedad,tecnologicos",impacto de la propiedad intelectual en el desarrolo tecnologico,,0,,0.00,
"direccion,divisiones,impio,intelectual,propiedad,proteccion",impi direccion divisional de proteccion a la propiedad intelectual,,0,,0.00,
"implicaciones,intelectual,propiedad",implicaciones de la propiedad intelectual,,0,,0.00,
"educativa,implicaciones,instituciones,intelectual,propiedad",implicaciones de la propiedad intelectual en las instituciones educativas,,0,,0.00,
"educativa,implicaciones,instituciones,intelectual,propiedad",implicaciones de propiedad intelectual en las instituciones educativas,,0,,0.00,
"educativa,ensayo,implicaciones,instituciones,intelectual,propiedad",implicaciones de propiedad intelectual en las instituciones educativas ensayo,,0,,0.00,
"educativa,implicaciones,instituciones,intelectual,propiedad,udea",implicaciones de propiedad intelectual en las instituciones educativas udes,,0,,0.00,
"implicaciones,intelectual,organos,propiedad,vivo",implicaciones sobre la propiedad intelectual de organismos vivos,,0,,0.00,
"implicaciones,intelectual,propiedad,ser,social,vivo",implicaciones sociales de la propiedad intelectual sobre un ser vivo,,0,,0.00,
"educativa,implicaciones,instituciones,intelectual,propiedad",implicación de la propiedad intelectual en la institución educativa,,0,,0.00,
"impoetancia,intelectual,propiedad,proteccion",impoetancia de la proteccion de la propiedad intelectual,,0,,0.00,
"explotación,importancia,intelectual,propiedad,recursos",importancia de la explotación de recursos de propiedad intelectual,,0,,0.00,
"importancia,intelectual,investigacion,propiedad",importancia de la investigacion y la propiedad intelectual,,0,,0.00,
"importancia,intelectual,legislativo,propiedad",importancia de la legislación de propiedad intelectual,,0,,0.00,
"apple,importancia,intelectual,propiedad",importancia de la propiedad intelectual en apple,,0,,0.00,
"colomboa,importancia,intelectual,propiedad",importancia de la propiedad intelectual en colomboa,,0,,0.00,
"academico,ambito,importancia,intelectual,propiedad",importancia de la propiedad intelectual en el ambito academico,,0,,0.00,
"comercial,importancia,intelectual,internacional,propiedad",importancia de la propiedad intelectual en el comercio internacional,,0,,0.00,
"importancia,intelectual,mundo,propiedad",importancia de la propiedad intelectual en el mundo,,0,,0.00,
"importancia,intelectual,propiedad,salud,software",importancia de la propiedad intelectual en el software en salud,,0,,0.00,
"educativa,importancia,instituciones,intelectual,propiedad",importancia de la propiedad intelectual en las instituciones educativas,,0,,0.00,
"importancia,intelectual,propiedad,universidad",importancia de la propiedad intelectual en las universidades,,0,,0.00,
"importancia,intelectual,internacionales,negocio,propiedad",importancia de la propiedad intelectual en los negocios internacionales,,0,,0.00,
"importancia,intelectual,mercosur,propiedad",importancia de la propiedad intelectual en mercosur,,0,,0.00,
"importancia,intelectual,mexico,propiedad",importancia de la propiedad intelectual en mexico,,0,,0.00,
"gerencia,importancia,informacion,intelectual,propiedad,sistema",importancia de la propiedad intelectual en sistemas de informacion gerencial,,0,,0.00,
"empresa,importancia,intelectual,propiedad",importancia de la propiedad intelectual en una empresa,,0,,0.00,
"importancia,intelectual,ompi,propiedad",importancia de la propiedad intelectual ompi,,0,,0.00,
"colombia,importancia,intelectual,ompi,propiedad",importancia de la propiedad intelectual ompi colombia,,0,,0.00,
"cual,importancia,intelectual,propiedad,tipos",importancia de la propiedad intelectual y cuales son los tipos,,0,,0.00,
"autores,derecho,importancia,intelectual,propiedad",importancia de la propiedad intelectual y derechos de autor,,0,,0.00,
"importancia,intelectual,propiedad,proteccion",importancia de la proteccion de la propiedad intelectual,,0,,0.00,
"derecho,importancia,intelectual,propiedad,proteccion",importancia de la proteccion de los derechos de propiedad intelectual,,0,,0.00,
"importancia,intelectual,propiedad,proteccion",importancia de la protección de la propiedad intelectual,,0,,0.00,
"importancia,intelectual,ley,propiedad",importancia de las leyes de la propiedad intelectual,,0,,0.00,
"importancia,intelectual,licencia,propiedad",importancia de licencias de propiedad intelectual,,0,,0.00,
"autores,derecho,importancia,intelectual,propiedad",importancia de los derechos de autor en la propiedad intelectual,,0,,0.00,
"derecho,importancia,intelectual,propiedad",importancia de los derechos de propiedad intelectual,,0,,0.00,
"derecho,importancia,intelectual,propiedad,proteger",importancia de proteger los derechos de propiedad intelectual,,0,,0.00,
"importancia,intelectual,propiedad,respeto",importancia de respetar la propiedad intelectual,,0,,0.00,
"importancia,intelectual,normas,propiedad,respeto",importancia de respetar las normas de propiedad intelectual,,0,,0.00,
"conocimeinto,importancia,intelectual,licencia,propiedad,tener",importancia de tener conocimeinto de licencias de propiedad intelectual,,0,,0.00,
"conocimiento,importancia,intelectual,propiedad",importancia del conocimiento de la propiedad intelectual,,0,,0.00,
"importancia,intelectual,manejo,propiedad",importancia del manejo de la propiedad intelectual,,0,,0.00,
"importancia,intelectual,propiedad,registro",importancia del registro de la propiedad intelectual,,0,,0.00,
"importancia,intelectual,propiedad,reglamento",importancia del reglamento de propiedad intelectual,,0,,0.00,
"impacto,importancia,intelectual,propiedad",importancia e impacto de la propiedad intelectual,,0,,0.00,
"economica,importancia,intelectual,propiedad",importancia economica de la propiedad intelectual,,0,,0.00,
"das,importancia,intelectual,propiedad,respeto",importancia le das al respeto de la propiedad intelectual,,0,,0.00,
"importancia,intelectual,propiedad,salud,software",importancia propiedad intelectual para software en la salud,,0,,0.00,
"autores,derecho,importancia,intelectual,propiedad",importancia propiedad intelectual y derechos de autor,,0,,0.00,
"importancia,intelectual,propiedad,trascendencia",importancia y trascendencia de la propiedad intelectual,,0,,0.00,
"ensayo,importancia,intelectual,propiedad,trascendencia",importancia y trascendencia de la propiedad intelectual ensayo,,0,,0.00,
"importanvcia,intelectual,propiedad,pymes",importanvcia de la propiedad intelectual en las pyme,,0,,0.00,
"impplicaciones,intelectual,propiedad",impplicaciones de la propiedad intelectual,,0,,0.00,
"impuesto,intelectual,propiedad,renta",impuesto de renta a la propiedad intelectual,,0,,0.00,
"impuesto,intelectual,invencion,patente,propiedad,renta",impuesto de renta a la propiedad intelectual patentes de invencion,,0,,0.00,
"impuesto,intelectual,propiedad",impuestos a la propiedad intelectual,,0,,0.00,
"colombia,impuesto,intelectual,propiedad,regalo",impuestos sobre las regalías de la propiedad intelectual colombia,,0,,0.00,
"inapi,intelectual,propiedad",inapi propiedad intelectual,,0,,0.00,
"inauthor,intelectual,mundial,organizaciones,propiedad",inauthor organización mundial de la propiedad intelectual,,0,,0.00,
"incidencia,intelectual,propiedad",incidencia de la propiedad intelectual,,0,,0.00,
"incidencia,intelectual,propiedad",incidencia de la propiedad intelectual en el,,0,,0.00,
"incompatibilidad,intelectual,ley,propiedad",incompatibilidad de las leyes de propiedad intelectual,,0,,0.00,
"estudio,incurre,intelectual,propiedad",incurra al estudiante contra la propiedad intelectual,,0,,0.00,
"estudio,incurre,intelectual,propiedad",incurre al estudiante contra la propiedad intelectual,,0,,0.00,
"consumidor,defensa,indecopi,instituto,intelectual,propiedad",indecopi instituto de defensa del consumidor y propiedad intelectual,,0,,0.00,
"indemnity,intelectual,propiedad",indemnidad en la propiedad intelectual,,0,,0.00,
"derecho,indemnizacion,infracciones,intelectual,propiedad",indemnizacion por infracción derechos propiedad intelectual,,0,,0.00,
"indemnización,intelectual,propiedad",indemnizaciones por propiedad intelectual,,0,,0.00,
"indemnización,intelectual,preestablecidos,propiedad",indemnizaciones preestablecidas propiedad intelectual,,0,,0.00,
"derecho,india,intelectual,propiedad",india derecho propiedad intelectual,,0,,0.00,
"india,intelectual,propiedad",india propiedad intelectual,,0,,0.00,
"geografica,indicacion,intelectual,propiedad",indicacion geografica propiedad intelectual,,0,,0.00,
"geografica,indicacion,intelectual,pdf,propiedad",indicacion geografica propiedad intelectual pdf,,0,,0.00,
"geografica,indicadores,intelectual,propiedad,sic",indicaciones geograficas propiedad intelectual sic,,0,,0.00,
"denomina,geografica,indicadores,intelectual,origen,propiedad",indicaciones geográficas y denominaciones de origen propiedad intelectual,,0,,0.00,
"indicadores,intelectual,mundial,propiedad",indicador mundial de propiedad intelectual,,0,,0.00,
"indicadores,intelectual,propiedad",indicadores de propiedad intelectual,,0,,0.00,
"colombia,indicadores,intelectual,propiedad",indicadores de propiedad intelectual colombia,,0,,0.00,
"2016,indicadores,intelectual,mundial,propiedad",indicadores mundiales de propiedad intelectual 2016,,0,,0.00,
"2017,indicadores,intelectual,mundial,propiedad",indicadores mundiales de propiedad intelectual 2017,,0,,0.00,
"2018,indicadores,intelectual,mundial,propiedad",indicadores mundiales de propiedad intelectual 2018,,0,,0.00,
"2019,indicadores,intelectual,mundial,propiedad",indicadores mundiales de propiedad intelectual 2019,,0,,0.00,
"indicadores,intelectual,mongolia,propiedad",indicadores propiedad intelectual de mongolia,,0,,0.00,
"indicadores,intelectual,nueva,propiedad,zelanda",indicadores propiedad intelectual de nueva zelanda,,0,,0.00,
"indicadores,intelectual,propiedad",indice de propiedad intelectual,,0,,0.00,
"2016,indicadores,intelectual,propiedad",indice de propiedad intelectual 2016,,0,,0.00,
"2016,indicadores,intelectual,ompi,propiedad",indice de propiedad intelectual 2016 ompi,,0,,0.00,
"2016,cada,indicadores,intelectual,pais,propiedad",indice de propiedad intelectual de cada pais 2016,,0,,0.00,
"ecuador,indicadores,intelectual,propiedad",indice de propiedad intelectual en ecuador,,0,,0.00,
"indicadores,intelectual,propiedad,respeto",indice de respeto a la propiedad intelectual,,0,,0.00,
"global,indicadores,intelectual,propiedad",indice global de propiedad intelectual,,0,,0.00,
"indicadores,intelectual,mundial,propiedad",indice mundial de propiedad intelectual,,0,,0.00,
"indicadores,intelectual,propiedad",indices de propiedad intelectual,,0,,0.00,
"indicios,intelectual,propiedad",indicios en propiedad intelectual,,0,,0.00,
"culturales,industrial,intelectual,propiedad",industrias culturales propiedad intelectual,,0,,0.00,
"infografia,intelectual,propiedad",infografia de la propiedad intelectual,,0,,0.00,
"infografia,intelectual,propiedad",infografia propiedad intelectual,,0,,0.00,
"colombia,infografia,intelectual,propiedad",infografia propiedad intelectual en colombia,,0,,0.00,
"fundamentos,informacion,intelectual,propiedad",informacion fundamental de la propiedad intelectual,,0,,0.00,
"informe,intelectual,propiedad,relacion",informe está relacionada con la propiedad intelectua,,0,,0.00,
"informe,intelectual,mundial,propiedad",informe mundial sobre la propiedad intelectual,,0,,0.00,
"2015,informe,intelectual,mundial,propiedad",informe mundial sobre la propiedad intelectual 2015,,0,,0.00,
"2017,informe,intelectual,mundial,propiedad",informe mundial sobre la propiedad intelectual 2017,,0,,0.00,
"aeronautica,colombia,informe,intelectual,propiedad",informe propiedad intelectual aeronautica colombia,,0,,0.00,
"emavi,informe,intelectual,propiedad",informe propiedad intelectual emavi,,0,,0.00,
"informe,intelectual,propiedad,sic",informe propiedad intelectual sic,,0,,0.00,
"informe,intelectual,propiedad,reglamento",informe reglamento de propiedad intelectual,,0,,0.00,
"informe,intelectual,propiedad,reglamento,uniminuto",informe reglamento de propiedad intelectual uniminuto,,0,,0.00,
"colectiva,derecho,gestion,informe,intelectual,propiedad",informe sobre la gestión colectiva de derechos de propiedad intelectual,,0,,0.00,
"2017,informe,intelectual,mundo,propiedad",informe sobre la propiedad intelectual en el mundo 2017,,0,,0.00,
"informe,intelectual,propiedad",informe sobre propiedad intelectual e intelectual,,0,,0.00,
"infracciones,intelectual,propiedad",infracciones de la propiedad intelectual,,0,,0.00,
"cometa,infracciones,intelectual,propiedad,puede",infracciones que se pueden cometer en la propiedad intelectual,,0,,0.00,
"derecho,infracciones,intelectual,propiedad",infracción derechos de propiedad intelectual,,0,,0.00,
"ingenieria,intelectual,inversion,propiedad",ingenieria a la inversa propiedad intelectual,,0,,0.00,
"colombia,ingenieria,intelectual,inversion,propiedad",ingenieria a la inversa propiedad intelectual colombia,,0,,0.00,
"ingreso,intelectual,propiedad,regalias",ingresos por regalias y propiedad intelectual,,0,,0.00,
"injusticia,intelectual,propiedad",injusticias sobre propiedad intelectual,,0,,0.00,
"innovacion,intelectual,propiedad",innovacion en la propiedad intelectual,,0,,0.00,
"ensayo,innovacion,intelectual,propiedad",innovacion en la propiedad intelectual ensayo,,0,,0.00,
"extension,innovacion,intelectual,propiedad,unal",innovacion y propiedad intelectual extension unal,,0,,0.00,
"creatividad,definicion,innovación,intelectual,propiedad",innovación definición propiedad intelectual creatividad,,0,,0.00,
"inscribir,intelectual,libro,propiedad",inscribir libro en propiedad intelectual,,0,,0.00,
"colombia,inscribir,intelectual,libro,propiedad",inscribir libro en propiedad intelectual colombia,,0,,0.00,
"curso,inscripciones,intelectual,introduccion,propiedad,virtual",inscripciones curso virtual introduccion a la propiedad intelectual,,0,,0.00,
"institucion,intelectual,multilateral,propiedad",institucion multilateral de la propiedad intelectual,,0,,0.00,
"colombia,institucion,intelectual,propiedad,proteger",institucion que protege la propiedad intelectual en colombia,,0,,0.00,
"instituciones,intelectual,propiedad",instituciones de propiedad intelectual,,0,,0.00,
"instituciones,intelectual,propiedad,proteccion,suiza",instituciones proteccion de propiedad intelectual suiza,,0,,0.00,
"colombiano,instituto,intelectual,propiedad",instituto colombiano de propiedad intelectual,,0,,0.00,
"competencias,derecho,instituto,intelectual,ipidec,propiedad",instituto de propiedad intelectual y derecho de la competencia ipidec,,0,,0.00,
"2018,ecuatoriano,instituto,intelectual,propiedad",instituto ecuatoriano de la propiedad intelectual 2018,,0,,0.00,
"iepi,instituto,intelectual,internacional,propiedad",instituto internacional de propiedad intelectual iepi,,0,,0.00,
"iipi,instituto,intelectual,internacional,propiedad",instituto internacional de propiedad intelectual iipi,,0,,0.00,
"impio,instituto,intelectual,mexicana,propiedad",instituto mexicano de la propiedad intelectual impi,,0,,0.00,
"instituto,intelectual,mexicana,mexico,propiedad,telefono",instituto mexicano propiedad intelectual mexico telefono,,0,,0.00,
"competencias,defensa,instituto,intelectual,nacional,propiedad",instituto nacional de defensa de la competencia y propiedad intelectual,,0,,0.00,
"intangbles,intelectual,propiedad",intangbles como propiedad intelectual,,0,,0.00,
"asociados,intangibles,intelectual,propiedad",intangibles asociados con con propiedad intelectual,,0,,0.00,
"artifical,intelectual,inteligible,propiedad",inteligenci artifical propiedad intelectual,,0,,0.00,
"artificial,influencia,intelectual,inteligencia,propiedad",inteligencia artificial su influencia en la propiedad intelectual,,0,,0.00,
"acuerdo,intelectual,intencion,propiedad",intención de acuerdo de propiedad intelectual,,0,,0.00,
"acuerdo,intelectual,intensidad,propiedad",intension de acuerdo de propiedad intelectual,,0,,0.00,
"colombia,intelectual,interdependencia,propiedad,unidos",interdependencia propiedad intelectual colombia estados unidos,,0,,0.00,
"2018,intelectual,internacional,propiedad",internacional de propiedad intelectual 2018,,0,,0.00,
"intelectual,introduccion,propiedad,sic",introduccion a la propiedad intelectual sic,,0,,0.00,
"cursillo,intelectual,introduccion,propiedad",introduccion al cursillo de propiedad intelectual,,0,,0.00,
"cursillo,intelectual,introduccion,onu,propiedad",introduccion al cursillo de propiedad intelectual de la onu,,0,,0.00,
"intelectual,introduccion,mexico,propiedad",introduccion de la propiedad intelectual en mexico,,0,,0.00,
"intelectual,introduccion,propiedad",introduccion de propiedad intelectual,,0,,0.00,
"colombia,intelectual,introduccion,propiedad",introduccion de propiedad intelectual en colombia,,0,,0.00,
"ensayo,intelectual,introduccion,propiedad",introduccion de un ensayo de propiedad intelectual,,0,,0.00,
"intelectual,introduccion,propiedad",introduccion propiedad intelectual,,0,,0.00,
"intelectual,introduccion,propiedad,trabajo",introduccion trabajo de propiedad intelectual,,0,,0.00,
"agricola,intelectual,introduccion,propiedad,sector",introducción a la propiedad intelectual para el sector agrícola,,0,,0.00,
"comercial,industrial,intelectual,introduccion,propiedad,superintendencia",introducción a la propiedad intelectual superintendencia de industria y comercio,,0,,0.00,
"intelectual,introduccion,objetivos,propiedad",introducción objetivos propiedad intelectual,,0,,0.00,
"intelectual,introduccion,propiedad",introducción sobre propiedad intelectual,,0,,0.00,
"intelectual,introducion,propiedad",introducion propiedad intelectual,,0,,0.00,
"intelectual,intruducion,propiedad",intruducion sobre propiedad intelectual,,0,,0.00,
"como,demostrar,https,intelectual,inurl,propiedad,robo,wikihow",inurl https es.wikihow.com demostrar-el-robo-de-propiedad-intelectual,,0,,0.00,
"ec,gob,https,intelectual,inurl,propiedad,propiedadintelectual,www",inurl https www.propiedadintelectual.gob.ec propiedad-intelectual,,0,,0.00,
"ec,gob,https,intelectual,inurl,propiedad,propiedadintelectual,qdr,www,y15",inurl https www.propiedadintelectual.gob.ec propiedad-intelectual &as_qdr y15,,0,,0.00,
"intelectual,invencion,propiedad",invencion propiedad intelectual,,0,,0.00,
"intelectual,inventario,propiedad",inventario de propiedad intelectual,,0,,0.00,
"intelectual,invento,problemas,propiedad",inventos con problemas de propiedad intelectual,,0,,0.00,
"intelectual,invento,propiedad",inventos propiedad intelectual,,0,,0.00,
"intelectual,investigacion,propiedad",investigacion y propiedad intelectual,,0,,0.00,
"intelectual,investigación,propiedad",investigaciones con propiedad intelectual,,0,,0.00,
"intelectual,investigación,propiedad",investigaciones sobre propiedad intelectual,,0,,0.00,
"intelectual,investigación,propiedad,robo",investigación sobre robo de propiedad intelectual,,0,,0.00,
"define,intelectual,investigación,propiedad",investigue y defina que es la propiedad intelectual,,0,,0.00,
"intelectual,invima,patente,propiedad",invima patentes y propiedad intelectual,,0,,0.00,
"colombia,intelectual,invima,patente,propiedad",invima patentes y propiedad intelectual colombia,,0,,0.00,
"intelectual,invitaciones,propiedad",invitación propiedad intelectual,,0,,0.00,
"derecho,intelectual,iolacion,propiedad",iolaciones a los derechos de propiedad intelectual,,0,,0.00,
"intelectual,ipod,propiedad",ipod propiedad intelectual,,0,,0.00,
"intelectual,irrespeto,propiedad",irrespetar la propiedad intelectual,,0,,0.00,
"colombia,intelectual,irrespeto,propiedad",irrespeto de la propiedad intelectual colombia,,0,,0.00,
"cristina,intelectual,isabel,propiedad,uribe",isabel cristina uribe propiedad intelectual,,0,,0.00,
"intelectual,ius,propiedad,utendi",ius utendi propiedad intelectual,,0,,0.00,
"andes,for,intelectual,iv,propiedad,u",iv foro propiedad intelectual u andes,,0,,0.00,
"intelectual,iva,propiedad",iva propiedad intelectual,,0,,0.00,
"2016,intelectual,iva,propiedad,reforma,tributario",iva propiedad intelectual reforma tributaria 2016,,0,,0.00,
"intelectual,ivan,propiedad,vargas",ivan vargas propiedad intelectual,,0,,0.00,
"arango,intelectual,jaime,propiedad",jaime arango propiedad intelectual,,0,,0.00,
"bonilla,hersilia,intelectual,jefe,mar,propiedad",jefe de propiedad intelectual maría hersilia bonilla,,0,,0.00,
"derecho,intelectual,jesus,piñacue,propiedad",jesus piñacue derechos de propiedad intelectual,,0,,0.00,
"corporal,derecho,gil,intelectual,jimena,propiedad",jimena gil derecho corporativo y propiedad intelectual,,0,,0.00,
"gil,intelectual,jimena,propiedad",jimena gil propiedad intelectual,,0,,0.00,
"intelectual,joint,propiedad,ventura",joint venture propiedad intelectual,,0,,0.00,
"enruq,gallego,intelectual,jorge,ogar,propiedad,vs",jorge enruq gallego vs ogara propiedad intelectual,,0,,0.00,
"enruq,gallego,intelectual,jorge,ogar,propiedad,vs,wipe",jorge enruq gallego vs ogara propiedad intelectual wipo,,0,,0.00,
"carlos,intelectual,juan,propiedad,salazar",juan carlos salazar propiedad intelectual,,0,,0.00,
"intelectual,juan,propiedad,rallado,ramon",juan ramon rallo propiedad intelectual,,0,,0.00,
"intelectual,joven,juan,propiedad,universitaria",juan un joven universitario propiedad intelectual,,0,,0.00,
"acerca,intelectual,juegos,propiedad",juego acerca de propiedad intelectual,,0,,0.00,
"intelectual,juegos,propiedad",juego de propiedad intelectual,,0,,0.00,
"creacion,intelectual,juegos,propiedad,software",juego sobre la propiedad intelectual en la creación de software,,0,,0.00,
"azar,intelectual,juegos,propiedad,proteje,puede",juegos de azar puede protejerse como propiedad intelectual,,0,,0.00,
"intelectual,juegos,mesa,propiedad",juegos de mesa propiedad intelectual,,0,,0.00,
"bogota,intelectual,juez,propiedad",juez propiedad intelectual bogota,,0,,0.00,
"estimatorio,intelectual,juramento,propiedad",juramento estimatorio en propiedad intelectual,,0,,0.00,
"derecho,intelectual,jurisdiccion,propiedad",jurisdiccion de los derechos de propiedad intelectual,,0,,0.00,
"autores,colombia,derecho,intelectual,jurisdiccion,propiedad",jurisdiccion derechos de autor y propiedad intelectual colombia,,0,,0.00,
"colombia,intelectual,jurisdiccion,propiedad",jurisdiccion propiedad intelectual en colombia,,0,,0.00,
"colombiano,encarga,intelectual,jurisprudencia,obra,propiedad",jurisprudencia colombiana sobre obra por encargo en propiedad intelectual,,0,,0.00,
"intelectual,jurisprudencia,panama,propiedad",jurisprudencia de propiedad intelectual en panama,,0,,0.00,
"delito,intelectual,jurisprudencia,propiedad",jurisprudencia delito contra la propiedad intelectual,,0,,0.00,
"intelectual,jurisprudencia,material,propiedad",jurisprudencia en materia de propiedad intelectual,,0,,0.00,
"fin,intelectual,jurisprudencia,propiedad",jurisprudencia fines del estado y propiedad intelectual,,0,,0.00,
"053,2001,fin,intelectual,jurisprudencia,propiedad",jurisprudencia fines del estado y propiedad intelectual 053 de 2001,,0,,0.00,
"colombia,intelectual,jurisprudencia,propiedad",jurisprudencia propiedad intelectual colombia,,0,,0.00,
"intelectual,internacional,jurisprudencia,propiedad",jurisprudencia propiedad intelectual internacional,,0,,0.00,
"intelectual,jurisprudencia,mexico,propiedad",jurisprudencia propiedad intelectual mexico,,0,,0.00,
"argentina,intelectual,jurisprudencia,propiedad",jurisprudencia sobre propiedad intelectual en argentina,,0,,0.00,
"andina,intelectual,jurisprudencia,justicia,propiedad,tribunal",jurisprudencia tribunal andino de justicia propiedad intelectual,,0,,0.00,
"intelectual,justificacion,propiedad",justificacion de la propiedad intelectual,,0,,0.00,
"especializaciones,intelectual,juzgado,propiedad",juzgados especializados en propiedad intelectual,,0,,0.00,
"ecuatoriano,instituto,intelectual,know,propiedad",know how instituto ecuatoriano de propiedad intelectual,,0,,0.00,
"estatuto,intelectual,l,propiedad,uquindio",l estatuto de propiedad intelectual de la uquindio,,0,,0.00,
"intelectual,l,network,nueva,propiedad,pvr,reto",l network pvr un nuevo reto para la propiedad intelectual,,0,,0.00,
"ana,biopiratería,hernandez,intelectual,maria,propiedad",la biopiratería y la propiedad intelectual ana maria hernandez,,0,,0.00,
"biotecnologia,derecho,intelectual,propiedad",la biotecnologia y los derechos de propiedad intelectual,,0,,0.00,
"can,intelectual,propiedad",la can en propiedad intelectual,,0,,0.00,
"clasificación,intelectual,propiedad",la clasificación de la propiedad intelectual,,0,,0.00,
"clasificación,intelectual,propiedad,siguientes",la clasificación de la propiedad intelectual es la siguiente,,0,,0.00,
"concesión,derecho,erronea,intelectual,propiedad",la concesión errónea de derechos de propiedad intelectual,,0,,0.00,
"api,aula,consolidado,intelectual,propiedad",la consolidación del aula de propiedad intelectual api,,0,,0.00,
"constitución,intelectual,propiedad,regimen",la constitución y el regimen de la propiedad intelectual,,0,,0.00,
"facil,falsificar,intelectual,piratas,propiedad",la facilidad de los piratas para falsificar la propiedad intelectual,,0,,0.00,
"historia,intelectual,propiedad,semillas,transgenicos",la historia de la propiedad intelectual sobre las semillas transgenicas,,0,,0.00,
"contexto,empresarial,importancia,intelectual,propiedad",la importancia de la propiedad intelectual en el contexto empresarial,,0,,0.00,
"empresa,importancia,intelectual,propiedad",la importancia de la propiedad intelectual en las empresas,,0,,0.00,
"america,importancia,intelectual,latino,propiedad",la importancia de la propiedad intelectual para américa latina,,0,,0.00,
"importancia,intelectual,propiedad",la importancia de la propiedad intelectual para los estados,,0,,0.00,
"3d,derecho,impresiones,intelectual,propiedad",la impresión en 3d y el derecho de propiedad intelectual,,0,,0.00,
"innovacion,intelectual,propiedad,robot",la innovacion en robotica y la propiedad intelectual,,0,,0.00,
"corporal,derecho,gil,integral,intelectual,jimena,propiedad",la integrante de derecho corporativo y propiedad intelectual jimena gil,,0,,0.00,
"intelectual,legislativo,necesario,propiedad",la legislación de la propiedad intelectual es necesaria para,,0,,0.00,
"intelectual,legislativo,propiedad",la legislación de propiedad intelectual,,0,,0.00,
"agricultura,intelectual,legislativo,propiedad",la legislación de propiedad intelectual en la agricultura,,0,,0.00,
"autores,derecho,intelectual,legislativo,propiedad",la legislación de propiedad intelectual y derechos de autor,,0,,0.00,
"datos,intelectual,ley,propiedad",la ley de propiedad intelectual data,,0,,0.00,
"francesa,intelectual,ley,propiedad",la ley de propiedad intelectual francesa,,0,,0.00,
"17,336,autores,derecho,intelectual,ley,nº,propiedad",la ley nº 17.336 de propiedad intelectual derecho de autor,,0,,0.00,
"autores,intelectual,maximo,pais,propiedad",la máxima autoridad propiedad intelectual del pais,,0,,0.00,
"colombia,intelectual,ley,nueva,propiedad",la nueva ley de propiedad intelectual en colombia,,0,,0.00,
"intelectual,omeca,propiedad",la omec y propiedad intelectual,,0,,0.00,
"intelectual,oms,philips,propiedad,stevens",la oms y la propiedad intelectual por philip stevens,,0,,0.00,
"intelectual,internacional,organizacion,propiedad,trabajo",la organizacion internacional del trabajo y la propiedad intelectual,,0,,0.00,
"combustible,intelectual,pila,propiedad",la pila de combustible propiedad intelectual,,0,,0.00,
"colombia,intelectual,pirateria,propiedad",la pirateria en colombia de propiedad intelectual,,0,,0.00,
"colombia,intelectual,pirateria,propiedad",la pirateria en colombia de propiedad intelectual en colombia,,0,,0.00,
"daño,intelectual,pirateria,propiedad",la pirateria y su daño a la propiedad intelectual,,0,,0.00,
"intelectual,ley,piratas,propiedad,software",la piratería de software y las leyes de propiedad intelectual,,0,,0.00,
"industrial,intelectual,propiedad",la propiedad industrial y la propiedad intelectual,,0,,0.00,
"articulo,intelectual,propiedad",la propiedad intelectual articulos,,0,,0.00,
"civil,codigo,colombiano,intelectual,propiedad",la propiedad intelectual codigo civil colombiano,,0,,0.00,
"derecho,fundamentos,intelectual,propiedad",la propiedad intelectual como derecho fundamental,,0,,0.00,
"clasificación,contabilidad,intelectual,propiedad",la propiedad intelectual como se clasifica contabilidad,,0,,0.00,
"economica,intelectual,propiedad,sentido",la propiedad intelectual como sentido economico,,0,,0.00,
"comprende,intelectual,propiedad",la propiedad intelectual comprende,,0,,0.00,
"concepto,intelectual,propiedad",la propiedad intelectual concepto,,0,,0.00,
"0,4,colombia,industrial,intelectual,propiedad",la propiedad intelectual de colombia en la industria 4.0,,0,,0.00,
"calle,heriberto,intelectual,propiedad",la propiedad intelectual de heriberto de la calle,,0,,0.00,
"intelectual,organos,propiedad,vivo",la propiedad intelectual de organismos vivos,,0,,0.00,
"corresponde,intelectual,obra,propiedad",la propiedad intelectual de una obra corresponde,,0,,0.00,
"intelectual,propiedad,software",la propiedad intelectual del software,,0,,0.00,
"ecuatoriano,intelectual,legislativo,propiedad,referencia,software",la propiedad intelectual del software referencia a la legislación ecuatoriana,,0,,0.00,
"derecho,intelectual,propiedad",la propiedad intelectual derecho,,0,,0.00,
"derivada,intelectual,nafta,propiedad",la propiedad intelectual derivada de nafta,,0,,0.00,
"colombia,intelectual,pdf,propiedad",la propiedad intelectual en colombia pdf,,0,,0.00,
"codigo,colombia,comercial,intelectual,propiedad",la propiedad intelectual en el codigo de comercio de colombia,,0,,0.00,
"colombiano,contexto,intelectual,propiedad",la propiedad intelectual en el contexto colombiano,,0,,0.00,
"colombia,devenir,historico,intelectual,propiedad",la propiedad intelectual en el devenir histórico de colombia,,0,,0.00,
"intelectual,mundo,propiedad",la propiedad intelectual en el mundo,,0,,0.00,
"digital,intelectual,mundo,propiedad",la propiedad intelectual en el mundo digital,,0,,0.00,
"intelectual,propiedad,reina,unidos",la propiedad intelectual en el reino unido,,0,,0.00,
"intelectual,propiedad,renacimiento",la propiedad intelectual en el renacimiento,,0,,0.00,
"intelectual,lopez,propiedad,ramiro,rodriguez,siglo,xxi",la propiedad intelectual en el siglo xxi ramiro rodríguez lópez,,0,,0.00,
"academico,ambito,intelectual,propiedad,unad",la propiedad intelectual en el ámbito académico unad,,0,,0.00,
"articulo,educativa,instituciones,intelectual,propiedad",la propiedad intelectual en instituciones educativas articulos,,0,,0.00,
"educativa,instituciones,intelectual,journal,propiedad",la propiedad intelectual en instituciones educativas journal,,0,,0.00,
"actual,colombiano,intelectual,legislativo,propiedad",la propiedad intelectual en la actual legislación colombiana,,0,,0.00,
"economica,intelectual,naranja,propiedad",la propiedad intelectual en la economía naranja,,0,,0.00,
"intelectual,internet,propiedad",la propiedad intelectual en la era de internet,,0,,0.00,
"intelectual,propiedad,tecnologia",la propiedad intelectual en la era de las tecnologias,,0,,0.00,
"intelectual,propiedad,tecnologicos",la propiedad intelectual en la era de las tecnologías,,0,,0.00,
"antonio,digital,fay,intelectual,propiedad",la propiedad intelectual en la era digital antonio fayos,,0,,0.00,
"industrial,intelectual,propiedad,television",la propiedad intelectual en la industria de la television,,0,,0.00,
"industrial,intelectual,propiedad,televisión",la propiedad intelectual en la industria de la televisión,,0,,0.00,
"economica,intelectual,propiedad,universitaria",la propiedad intelectual en las economías universitarias,,0,,0.00,
"educativa,instituciones,intelectual,propiedad",la propiedad intelectual en las instituciones educativas,,0,,0.00,
"colombia,educativa,instituciones,intelectual,propiedad",la propiedad intelectual en las instituciones educativas en colombia,,0,,0.00,
"educatvia,instituciones,intelectual,propiedad",la propiedad intelectual en las instituciones educatvias,,0,,0.00,
"1991,colombia,constitucion,intelectual,politica,propiedad",la propiedad intelectual en nuestra constitucion politica de colombia 1991,,0,,0.00,
"intelectual,patria,propiedad,proyecto,simbolo",la propiedad intelectual en un proyecto de simbolos patrios,,0,,0.00,
"intelectual,propiedad,venezuela",la propiedad intelectual en venezuela,,0,,0.00,
"intelectual,juridica,personas,propiedad,ser,varios,venezuela",la propiedad intelectual en venezuela ser de varias personas juridicas,,0,,0.00,
"intelectual,mismo,patente,propiedad",la propiedad intelectual es lo mismo que la patente,,0,,0.00,
"empresa,grande,intelectual,propiedad",la propiedad intelectual es para empresas grandes,,0,,0.00,
"generis,intelectual,propiedad,sui",la propiedad intelectual es sui generis,,0,,0.00,
"bien,intelectual,mercantil,propiedad",la propiedad intelectual es un bien mercantil,,0,,0.00,
"derecho,fundamentos,intelectual,propiedad",la propiedad intelectual es un derecho fundamental,,0,,0.00,
"colombia,derecho,fundamentos,intelectual,propiedad",la propiedad intelectual es un derecho fundamental en colombia,,0,,0.00,
"derecho,intelectual,personas,propiedad,real",la propiedad intelectual es un derecho real o personal,,0,,0.00,
"genero,hechos,intelectual,iva,propiedad",la propiedad intelectual es un hecho generador de iva,,0,,0.00,
"intangibles,intelectual,propiedad",la propiedad intelectual es un intangible,,0,,0.00,
"disciplina,intelectual,propiedad",la propiedad intelectual es una disciplina,,0,,0.00,
"disiplina,intelectual,propiedad",la propiedad intelectual es una disiplina,,0,,0.00,
"intelectual,propiedad,sobreprotegidos",la propiedad intelectual esta sobreprotegida,,0,,0.00,
"bajo,intelectual,propiedad,proteccion,sujeto",la propiedad intelectual está sujeta a protección bajo,,0,,0.00,
"culturales,implicaciones,intelectual,propiedad,social",la propiedad intelectual implicaciones culturales sociales,,0,,0.00,
"culturales,implicaciones,intelectual,propiedad,ser,social,vice",la propiedad intelectual implicaciones culturales sociales sobre seres vicos,,0,,0.00,
"incluido,intelectual,propiedad",la propiedad intelectual incluye,,0,,0.00,
"intelectual,issuu,ley,propiedad",la propiedad intelectual issuu by leyer,,0,,0.00,
"intelectual,leon,propiedad,walras",la propiedad intelectual leon walras,,0,,0.00,
"intelectual,ley,propiedad",la propiedad intelectual ley,,0,,0.00,
"intelectual,libro,propiedad",la propiedad intelectual libro,,0,,0.00,
"dde,desarrollo,intelectual,interni,licencia,propiedad,terceron",la propiedad intelectual licenciada dde terceron o desarrollo interni,,0,,0.00,
"crecimiento,economica,intelectual,motor,propiedad",la propiedad intelectual motor para el crecimiento economico,,0,,0.00,
"intelectual,propiedad,registro",la propiedad intelectual no se registra,,0,,0.00,
"intelectual,limites,precio,propiedad",la propiedad intelectual no tiene limite de precios,,0,,0.00,
"astronomica,intelectual,observatorio,propiedad",la propiedad intelectual observatorios astronomicos,,0,,0.00,
"confianza,filon,intelectual,inversiones,propiedad",la propiedad intelectual otro filon de la confianza inversionista,,0,,0.00,
"fisioterapia,intelectual,propiedad",la propiedad intelectual para fisioterapia,,0,,0.00,
"intelectual,pdf,propiedad",la propiedad intelectual pdf,,0,,0.00,
"clasifican,dos,forma,intelectual,propiedad,puede",la propiedad intelectual puede clasificarse en dos formas,,0,,0.00,
"intelectual,propiedad,regular",la propiedad intelectual quien la regula,,0,,0.00,
"aportes,humano,intelectual,propiedad,trae",la propiedad intelectual qué aportes trae para la humanidad,,0,,0.00,
"intelectual,propiedad,romanticismo",la propiedad intelectual romanticismo,,0,,0.00,
"categoria,divide,dos,intelectual,propiedad",la propiedad intelectual se divide en dos categorias,,0,,0.00,
"categoria,divide,dos,intelectual,propiedad,tubo",la propiedad intelectual se divide en dos categorias you tube,,0,,0.00,
"divide,dos,grande,intelectual,propiedad,ram",la propiedad intelectual se divide en dos grandes ramas,,0,,0.00,
"intelectual,juridica,otorga,personas,propiedad",la propiedad intelectual se le otorga a personas juridicas,,0,,0.00,
"intelectual,jururu,otorga,personas,propiedad",la propiedad intelectual se le otorga a personas jururu,,0,,0.00,
"implicaciones,intelectual,propiedad,ser,vivo",la propiedad intelectual sobre sers vivos implicaciones,,0,,0.00,
"creacion,estan,intelectual,ley,propiedad,proteger",la propiedad intelectual sobre tus creaciones estan protegidas con ley,,0,,0.00,
"intelectual,propiedad,ser,vivo",la propiedad intelectual sobre un ser vivo,,0,,0.00,
"colectiva,derecho,intelectual,propiedad",la propiedad intelectual un derecho colectivo,,0,,0.00,
"competitividad,enorme,intelectual,propiedad,ventajas",la propiedad intelectual una enorme ventaja competitiva,,0,,0.00,
"intelectual,propiedad,vacio",la propiedad intelectual vacios,,0,,0.00,
"citacion,intelectual,propiedad,vs",la propiedad intelectual vs citación,,0,,0.00,
"conocimiento,intelectual,propiedad,tesis,tradicional",la propiedad intelectual y el conocimiento tradicional tesis,,0,,0.00,
"diseño,industriales,intelectual,propiedad",la propiedad intelectual y el diseños industriales,,0,,0.00,
"intelectual,propiedad,tlc",la propiedad intelectual y el tlc,,0,,0.00,
"femenino,giraldo,intelectual,miranda,moda,propiedad",la propiedad intelectual y la moda femenina de giralda miranda,,0,,0.00,
"arte,intelectual,obra,propiedad",la propiedad intelectual y las obras de arte,,0,,0.00,
"circuito,integral,intelectual,propiedad",la propiedad intelectual y los circuitos integrados,,0,,0.00,
"autot,derecho,intelectual,propiedad",la propiedad intelectual y los derechos del autot,,0,,0.00,
"america,intelectual,latino,marca,propiedad,verde",la propiedad intelectual y marcas verdes en america latina,,0,,0.00,
"america,intelectual,latino,marketing,propiedad,verde",la propiedad intelectual y marketing verde en america latina,,0,,0.00,
"implicaciones,intelectual,propiedad",la propiedad intelectual y su implicaciones,,0,,0.00,
"industrial,intelectual,propiedad,proteccion",la protección a la propiedad industrial e intelectual,,0,,0.00,
"colombia,industrial,intelectual,propiedad,proteccion",la protección de la propiedad industrial e intelectual en colombia,,0,,0.00,
"intelectual,propiedad,proteccion,videojuegos",la protección de los videojuegos desde la propiedad intelectual,,0,,0.00,
"colombia,intelectual,propiedad,proteccion,software",la protección del software desde la propiedad intelectual en colombia,,0,,0.00,
"derecho,genero,intelectual,propiedad,razon,social",la razon social genera derechos de propiedad intelectual,,0,,0.00,
"colombia,intelectual,paso,propiedad,reglas,tres",la regla de los tres pasos propiedad intelectual colombia,,0,,0.00,
"actividades,intelectual,propiedad,relacion",la relacion de activos con propiedad intelectual,,0,,0.00,
"grafica,intelectual,propiedad,representa",la representación gráfica propiedad intelectual,,0,,0.00,
"francesa,intelectual,patente,propiedad,revolucion",la revolucion francesa las patentes y la propiedad intelectual,,0,,0.00,
"cientifico,concidera,intelectual,propiedad,teoria",la teoria cientifica es conciderado propiedad intelectual,,0,,0.00,
"intelectual,propiedad,unesco",la unesco y la propiedad intelectual,,0,,0.00,
"intelectual,presente,propiedad,usurpacion",la usurpacion de la propiedad intelectual se presenta,,0,,0.00,
"base,datos,intelectual,propiedad",las bases de datos son propiedad intelectual,,0,,0.00,
"construtora,intelectual,pertenece,propiedad",las construtoras en que propiedad intelectual pertenece,,0,,0.00,
"dos,grande,intelectual,propiedad,ram",las dos grandes ramas de la propiedad intelectual son,,0,,0.00,
"economia,intelectual,propiedad",las economias de la propiedad intelectual,,0,,0.00,
"debe,empresa,hacer,intelectual,marca,propiedad,registro",las empresas deben hacer registro de marca o propiedad intelectual,,0,,0.00,
"derecho,intelectual,ley,propiedad,proteger",las leyes de propiedad intelectual qué derechos protegen,,0,,0.00,
"intelectual,marca,propiedad",las marcas de la propiedad intelectual,,0,,0.00,
"intelectual,marca,propiedad",las marcas en la propiedad intelectual,,0,,0.00,
"colombia,intelectual,marca,propiedad",las marcas en la propiedad intelectual colombia,,0,,0.00,
"intelectual,marca,propiedad",las marcas propiedad intelectual,,0,,0.00,
"guardar,intelectual,mejor,pagina,propiedad",las mejores paginas para guardar propiedad intelectual,,0,,0.00,
"apa,intelectual,normas,propiedad",las normas apa en las propiedad intelectual,,0,,0.00,
"intelectual,obra,pdf,plastico,propiedad",las obras plásticas y la propiedad intelectual pdf,,0,,0.00,
"ambito,intelectual,obra,propiedad,publicitarios",las obras publicitarias en el ámbito de la propiedad intelectual,,0,,0.00,
"industriales,intelectual,patente,propiedad",las patentes industriales y la propiedad intelectual,,0,,0.00,
"datos,intelectual,propiedad,sabana",las sabana de datos tienen propiedad intelectual,,0,,0.00,
"forma,intelectual,propiedad,tres",las tres formas de propiedad intelectual,,0,,0.00,
"baker,intelectual,latino,lawyer,mckenzie,propiedad",latin lawyer propiedad intelectual baker mckenzie,,0,,0.00,
"colombia,intelectual,latino,lawyer,propiedad",latin lawyer propiedad intelectual colombia,,0,,0.00,
"derecho,helfer,intelectual,laurence,propiedad,r",laurence r helfer derechos de propiedad intelectual,,0,,0.00,
"intelectual,law,magin,propiedad",law magination propiedad intelectual,,0,,0.00,
"intelectual,lawmagination,propiedad",lawmagination propiedad intelectual,,0,,0.00,
"dstos,intelectual,lay,propiedad,proteccion",lay de la proteccion de dstos y propiedad intelectual,,0,,0.00,
"intelectual,leccion,propiedad",lecciones de propiedad intelectual,,0,,0.00,
"colombia,intelectual,lectura,propiedad",lectura la propiedad intelectual en colombia,,0,,0.00,
"intelectual,lectura,propiedad",lectura propiedad intelectual,,0,,0.00,
"intelectual,legal,propiedad,violacion",legalidad violacion de propiedad intelectual,,0,,0.00,
"intelectual,legal,propiedad",legalidad y propiedad intelectual,,0,,0.00,
"colombia,intelectual,legislacion,propiedad",legislacion de la propiedad intelectual en colombia,,0,,0.00,
"colombia,intelectual,legislacion,propiedad",legislacion de propiedad intelectua de colombia,,0,,0.00,
"colombia,intelectual,legislacion,propiedad",legislacion de propiedad intelectual en colombia,,0,,0.00,
"empresarial,intelectual,legislacion,propiedad",legislacion empresarial propiedad intelectual,,0,,0.00,
"intelectual,international,legislacion,propiedad",legislacion interna en propiedad intelectual,,0,,0.00,
"colombia,intelectual,legislacion,propiedad",legislacion para la propiedad intelectual en colombia,,0,,0.00,
"intelectual,internet,legislacion,propiedad,proteccion",legislacion para la proteccion de la propiedad intelectual en internet,,0,,0.00,
"colombia,intelectual,legislacion,propiedad",legislacion propiedad intelectual colombia,,0,,0.00,
"colombia,farmaceutica,intelectual,legislacion,patente,propiedad",legislacion propiedad intelectual y patentes farmaceuticas en colombia,,0,,0.00,
"colombia,intelectual,legislacion,propiedad",legislacion sobre la propiedad intelectual en colombia,,0,,0.00,
"colombia,intelectual,legislacion,propiedad",legislacion sobre propiedad intelectual en colombia,,0,,0.00,
"intelectual,legislacion,marca,propiedad,registro",legislacion sobre registro de marcas y propiedad intelectual,,0,,0.00,
"academico,intelectual,legislativo,propiedad",legislación de propiedad intelectual academico,,0,,0.00,
"colombia,intelectual,legislativo,propiedad",legislación de propiedad intelectual en colombia,,0,,0.00,
"etica,intelectual,legal,legislativo,propiedad",legislación de propiedad intelectual etica y legal,,0,,0.00,
"intelectual,legislativo,objetivos,propiedad",legislación de propiedad intelectual objetivo,,0,,0.00,
"intelectual,legislativo,objetivos,propiedad",legislación de propiedad intelectual objetivos,,0,,0.00,
"autores,derecho,intelectual,legislativo,propiedad",legislación de propiedad intelectual y derechos de autor,,0,,0.00,
"aplicaciones,intelectual,legislativo,negocio,propiedad",legislación de propiedad intelectual y su aplicación en los negocios,,0,,0.00,
"colombia,intelectual,legislativo,patente,propiedad,referencia",legislación en colombia referente a patentes y propiedad intelectual,,0,,0.00,
"intelectual,legislativo,propiedad",legislación en propiedad intelectual,,0,,0.00,
"autores,derecho,general,intelectual,legislativo,propiedad",legislación general sobre propiedad intelectual y derechos de autor,,0,,0.00,
"industrial,intelectual,legislativo,propiedad",legislación sobre propiedad industrial e intelectual,,0,,0.00,
"colombia,intelectual,legislativo,propiedad",legislación sobre propiedad intelectual en colombia,,0,,0.00,
"intelectual,legit,propiedad",legitividad propiedad intelectual,,0,,0.00,
"colombia,intelectual,lema,propiedad",lemas propiedad intelectual colombia,,0,,0.00,
"derecho,europea,intelectual,lerner,propiedad",lerner derecho europeo propiedad intelectual,,0,,0.00,
"intelectual,lexico,propiedad",lexico propiedad intelectual,,0,,0.00,
"1032,2006,intelectual,ley,propiedad",ley 1032 de 2006 propiedad intelectual,,0,,0.00,
"1043,2000,intelectual,ley,propiedad",ley 1043 de 2000 propiedad intelectual,,0,,0.00,
"11,723,colombia,intelectual,legal,ley,propiedad,regimen",ley 11.723 regimen legal de la propiedad intelectual de colombia,,0,,0.00,
"11723,intelectual,ley,propiedad",ley 11723 ley de propiedad intelectual,,0,,0.00,
"11723,actualizar,intelectual,ley,pdf,propiedad",ley 11723 propiedad intelectual actualizada pdf,,0,,0.00,
"11723,comentar,intelectual,ley,propiedad",ley 11723 propiedad intelectual comentada,,0,,0.00,
"1450,2011,intelectual,ley,propiedad",ley 1450 de 2011 propiedad intelectual,,0,,0.00,
"17,336,intelectual,ley,propiedad,reglamento",ley 17.336 sobre propiedad intelectual y su reglamento,,0,,0.00,
"1753,2014,intelectual,ley,propiedad",ley 1753 de 2014 propiedad intelectual,,0,,0.00,
"1753,2015,intelectual,ley,propiedad",ley 1753 de 2015 propiedad intelectual,,0,,0.00,
"1915,autores,colombia,derecho,intelectual,ley,propiedad",ley 1915 derechos de autor y propiedad intelectual colombia,,0,,0.00,
"2014,21,intelectual,ley,propiedad",ley 21 2014 de propiedad intelectual,,0,,0.00,
"1987,22,intelectual,ley,propiedad",ley 22 1987 de propiedad intelectual,,0,,0.00,
"1982,23,intelectual,ley,propiedad",ley 23 de 1982 propiedad intelectual,,0,,0.00,
"2382,intelectual,ley,propiedad",ley 2382 de propiedad intelectual,,0,,0.00,
"486,intelectual,ley,propiedad",ley 486 propiedad intelectual,,0,,0.00,
"5999,intelectual,ley,propiedad",ley 5999 de propiedad intelectual,,0,,0.00,
"5999,intelectual,ley,propiedad",ley 5999 propiedad intelectual,,0,,0.00,
"630,intelectual,ley,propiedad",ley 630 propiedad intelectual,,0,,0.00,
"2012,64,intelectual,ley,panama,propiedad",ley 64 de 2012 propiedad intelectual panama,,0,,0.00,
"1984,82,intelectual,ley,propiedad",ley 82 de 1984 propiedad intelectual,,0,,0.00,
"1987,97,intelectual,ley,propiedad",ley 97 de 1987 propiedad intelectual,,0,,0.00,
"actual,colombia,intelectual,ley,propiedad",ley actual de propiedad intelectual en colombia,,0,,0.00,
"chilena,intelectual,ley,propiedad",ley chilena propiedad intelectual,,0,,0.00,
"colombiano,habla,intelectual,ley,propiedad",ley colombiana que habla sobre la propiedad intelectual,,0,,0.00,
"autoria,intelectual,ley,propiedad",ley de autoria y propiedad intelectual,,0,,0.00,
"colombia,derecho,intelectual,ley,propiedad",ley de derechos de propiedad intelectual colombia,,0,,0.00,
"chile,intelectual,ley,propiedad",ley de la propiedad intelectual chile,,0,,0.00,
"informatica,intelectual,ley,propiedad",ley de la propiedad intelectual en informatica,,0,,0.00,
"intelectual,internacional,ley,propiedad",ley de la propiedad intelectual internacional,,0,,0.00,
"intelectual,ley,propiedad",ley de la propiedad intelectual no,,0,,0.00,
"ecuador,intelectual,ley,propiedad",ley de la propiedad intelectual no ecuador,,0,,0.00,
"intelectual,ley,patente,propiedad",ley de patentes y propiedad intelectual,,0,,0.00,
"colombia,intelectual,ley,propiedad",ley de propieda intelectual colombia,,0,,0.00,
"colombia,intelectual,ley,propiedad",ley de propiedad intelectua colombia,,0,,0.00,
"2012,intelectual,ley,propiedad",ley de propiedad intelectual 2012,,0,,0.00,
"2012,colombia,intelectual,ley,propiedad",ley de propiedad intelectual 2012 colombia,,0,,0.00,
"2015,intelectual,ley,propiedad",ley de propiedad intelectual 2015,,0,,0.00,
"2016,intelectual,ley,propiedad",ley de propiedad intelectual 2016,,0,,0.00,
"2017,ecuador,intelectual,ley,propiedad",ley de propiedad intelectual 2017 ecuador,,0,,0.00,
"2018,intelectual,ley,propiedad",ley de propiedad intelectual 2018,,0,,0.00,
"2019,intelectual,ley,propiedad",ley de propiedad intelectual 2019,,0,,0.00,
"2019,colombia,intelectual,ley,propiedad",ley de propiedad intelectual 2019 colombia,,0,,0.00,
"actualizar,intelectual,ley,propiedad",ley de propiedad intelectual actualizada,,0,,0.00,
"actualizar,colombia,intelectual,ley,propiedad",ley de propiedad intelectual actualizada colombia,,0,,0.00,
"argentina,intelectual,ley,propiedad",ley de propiedad intelectual argentina,,0,,0.00,
"argentina,intelectual,ley,propiedad,resumen",ley de propiedad intelectual argentina resumen,,0,,0.00,
"argentina,intelectual,ley,propiedad,software",ley de propiedad intelectual argentina software,,0,,0.00,
"autores,intelectual,ley,propiedad",ley de propiedad intelectual autor,,0,,0.00,
"autores,intelectual,ley,propiedad",ley de propiedad intelectual autor es,,0,,0.00,
"boeing,intelectual,ley,propiedad",ley de propiedad intelectual boe,,0,,0.00,
"casa,intelectual,ley,propiedad",ley de propiedad intelectual casos,,0,,0.00,
"013,2006,codificador,intelectual,ley,n,propiedad",ley de propiedad intelectual codificación n 2006-013,,0,,0.00,
"2013,colombia,intelectual,ley,propiedad",ley de propiedad intelectual colombia 2013,,0,,0.00,
"2018,colombia,intelectual,ley,propiedad",ley de propiedad intelectual colombia 2018,,0,,0.00,
"2103,colombia,intelectual,ley,propiedad",ley de propiedad intelectual colombia 2103,,0,,0.00,
"articulo,colombia,intelectual,ley,propiedad",ley de propiedad intelectual colombia articulo,,0,,0.00,
"colombia,intelectual,ley,pdf,propiedad,typefile",ley de propiedad intelectual colombia typefile pdf,,0,,0.00,
"colombiano,intelectual,ley,propiedad",ley de propiedad intelectual colombiana,,0,,0.00,
"comentar,intelectual,ley,propiedad",ley de propiedad intelectual comentada,,0,,0.00,
"conclusion,intelectual,ley,propiedad",ley de propiedad intelectual conclusion,,0,,0.00,
"costo,intelectual,ley,propiedad,rico",ley de propiedad intelectual costa rica,,0,,0.00,
"colombia,intelectual,ley,propiedad",ley de propiedad intelectual de colombia,,0,,0.00,
"cyba,intelectual,ley,propiedad",ley de propiedad intelectual de cyba,,0,,0.00,
"colombia,digital,intelectual,ley,propiedad",ley de propiedad intelectual digital colombia,,0,,0.00,
"diputados,intelectual,ley,propiedad",ley de propiedad intelectual diputados,,0,,0.00,
"industrial,intelectual,ley,propiedad",ley de propiedad intelectual e industrial,,0,,0.00,
"2017,ecuador,intelectual,ley,pdf,propiedad",ley de propiedad intelectual ecuador 2017 pdf,,0,,0.00,
"2018,ecuador,intelectual,ley,propiedad",ley de propiedad intelectual ecuador 2018,,0,,0.00,
"2018,ecuador,intelectual,ley,pdf,propiedad",ley de propiedad intelectual ecuador 2018 pdf,,0,,0.00,
"2019,ecuador,intelectual,ley,propiedad",ley de propiedad intelectual ecuador 2019,,0,,0.00,
"2019,ecuador,intelectual,ley,pdf,propiedad",ley de propiedad intelectual ecuador 2019 pdf,,0,,0.00,
"ecuador,intelectual,ley,propiedad,resumen",ley de propiedad intelectual ecuador resumen,,0,,0.00,
"2018,ecuador,intelectual,ley,propiedad,vigente",ley de propiedad intelectual ecuador vigente 2018,,0,,0.00,
"2019,ecuador,intelectual,ley,propiedad,vigente",ley de propiedad intelectual ecuador vigente 2019,,0,,0.00,
"ecuador,intelectual,ley,propiedad,vigente,wipe",ley de propiedad intelectual ecuador vigente wipo,,0,,0.00,
"alemania,intelectual,ley,propiedad",ley de propiedad intelectual en alemania,,0,,0.00,
"biblioteca,intelectual,ley,propiedad,publico",ley de propiedad intelectual en bibliotecas publicas,,0,,0.00,
"2016,colombia,intelectual,ley,propiedad",ley de propiedad intelectual en colombia 2016,,0,,0.00,
"colombia,intelectual,ley,libro,propiedad",ley de propiedad intelectual en colombia de los libros,,0,,0.00,
"alemania,colombia,intelectual,ley,propiedad",ley de propiedad intelectual en colombia y en alemania,,0,,0.00,
"codigo,comercial,intelectual,ley,propiedad",ley de propiedad intelectual en el codigo de comercio,,0,,0.00,
"intelectual,ley,propiedad,unidos",ley de propiedad intelectual en estados unidos,,0,,0.00,
"america,intelectual,ley,propiedad,unidos",ley de propiedad intelectual en estados unidos de america,,0,,0.00,
"artesanias,intelectual,ley,propiedad",ley de propiedad intelectual en las artesanias,,0,,0.00,
"intelectual,ley,mexico,propiedad",ley de propiedad intelectual en méxico,,0,,0.00,
"china,españa,intelectual,ley,popular,propiedad,republica",ley de propiedad intelectual españa republica popular de china,,0,,0.00,
"fotocopiadora,intelectual,ley,propiedad",ley de propiedad intelectual fotocopias,,0,,0.00,
"historia,intelectual,ley,propiedad",ley de propiedad intelectual historia,,0,,0.00,
"intelectual,italia,ley,propiedad",ley de propiedad intelectual italia,,0,,0.00,
"intelectual,ley,libro,propiedad",ley de propiedad intelectual libros,,0,,0.00,
"colombia,intelectual,ley,libro,propiedad",ley de propiedad intelectual libros colombia,,0,,0.00,
"intelectual,ley,libro,propiedad,ultima",ley de propiedad intelectual libros ultima,,0,,0.00,
"intelectual,ley,lpi,propiedad",ley de propiedad intelectual lpi,,0,,0.00,
"alemania,colombia,intelectual,ley,mejor,propiedad",ley de propiedad intelectual mejor en colombia o en alemania,,0,,0.00,
"2018,intelectual,ley,mexico,propiedad",ley de propiedad intelectual mexico 2018,,0,,0.00,
"2018,intelectual,ley,mexico,pdf,propiedad",ley de propiedad intelectual mexico 2018 pdf,,0,,0.00,
"2019,intelectual,ley,mexico,propiedad",ley de propiedad intelectual mexico 2019,,0,,0.00,
"intelectual,ley,paraguay,propiedad",ley de propiedad intelectual paraguay,,0,,0.00,
"intelectual,ley,marca,patente,propiedad",ley de propiedad intelectual patentes y marcas,,0,,0.00,
"2018,intelectual,ley,peru,propiedad",ley de propiedad intelectual peru 2018,,0,,0.00,
"2019,intelectual,ley,peru,propiedad",ley de propiedad intelectual peru 2019,,0,,0.00,
"intelectual,ley,propiedad",ley de propiedad intelectual que es,,0,,0.00,
"autores,considera,intelectual,ley,propiedad",ley de propiedad intelectual quien es considerado autor,,0,,0.00,
"dominicana,intelectual,ley,propiedad,republica",ley de propiedad intelectual republica dominicana,,0,,0.00,
"intelectual,ley,propiedad,resumen",ley de propiedad intelectual resumen,,0,,0.00,
"intelectual,ley,propiedad,salvador",ley de propiedad intelectual salvador,,0,,0.00,
"intelectual,ley,propiedad,senadis",ley de propiedad intelectual senadi,,0,,0.00,
"chile,intelectual,ley,propiedad,software",ley de propiedad intelectual software chile,,0,,0.00,
"colombia,intelectual,ley,propiedad,textil",ley de propiedad intelectual textil colombia,,0,,0.00,
"intelectual,ley,pdf,propiedad,typefile",ley de propiedad intelectual typefile pdf,,0,,0.00,
"intelectual,ley,pdf,propiedad,venezuela",ley de propiedad intelectual venezuela pdf,,0,,0.00,
"intelectual,ley,propiedad,videos",ley de propiedad intelectual video,,0,,0.00,
"autores,colombia,derecho,intelectual,ley,propiedad",ley de propiedad intelectual y derechos de autor colombia,,0,,0.00,
"ecuatorial,guinea,intelectual,ley,ls,propiedad,proteccion",ley de proteccion a ls propiedad intelectual guinea ecuatorial,,0,,0.00,
"colombia,intelectual,ley,propiedad,proteccion",ley de proteccion de la propiedad intelectual en colombia,,0,,0.00,
"comlombia,intelectual,ley,propiedad,proteccion",ley de proteccion de la propiedad intelectual en comlombia,,0,,0.00,
"colombia,intelectual,ley,propiedad,proteccion,software",ley de proteccion propiedad intelectual software colombia,,0,,0.00,
"intelectual,ley,propiedad,prroteccion",ley de prroteccion de la propiedad intelectual,,0,,0.00,
"intelectual,ley,marca,propiedad,registro",ley de registro de marca propiedad intelectual,,0,,0.00,
"colombia,derecho,intelectual,ley,propiedad",ley derecho de propiedad intelectual colombia,,0,,0.00,
"actual,autores,derecho,intelectual,ley,mas,propiedad",ley derechos de autor y propiedad intelectual la mas actual,,0,,0.00,
"derecho,intelectual,ley,propiedad",ley derechos de propiedad intelectual,,0,,0.00,
"2017,federal,intelectual,ley,propiedad",ley federal de propiedad intelectual 2017,,0,,0.00,
"1791,francesa,intelectual,ley,propiedad",ley francesa de 1791 sobre propiedad intelectual,,0,,0.00,
"17,336,intelectual,ley,n,propiedad",ley n 17.336 sobre la propiedad intelectual,,0,,0.00,
"intelectual,ley,nacional,propiedad",ley nacional de propiedad intelectual,,0,,0.00,
"controversia,intelectual,ley,nacional,propiedad,solucion",ley nacional para solucion de controversias de propiedad intelectual,,0,,0.00,
"17,336,intelectual,ley,nº,propiedad",ley nº 17.336 sobre propiedad intelectual,,0,,0.00,
"intelectual,ley,propiedad",ley propieda intelectual,,0,,0.00,
"industrial,intelectual,ley,propiedad",ley propiedad industrial e intelectual,,0,,0.00,
"españa,intelectual,ley,propiedad",ley propiedad intelectua españa,,0,,0.00,
"2017,intelectual,ley,propiedad",ley propiedad intelectual 2017,,0,,0.00,
"2017,colombia,intelectual,ley,propiedad",ley propiedad intelectual 2017 colombia,,0,,0.00,
"2017,intelectual,ley,pdf,propiedad",ley propiedad intelectual 2017 pdf,,0,,0.00,
"2018,intelectual,ley,propiedad",ley propiedad intelectual 2018,,0,,0.00,
"2018,colombia,intelectual,ley,propiedad",ley propiedad intelectual 2018 colombia,,0,,0.00,
"2019,colombia,intelectual,ley,propiedad",ley propiedad intelectual colombia 2019,,0,,0.00,
"1946,86,colombia,intelectual,ley,propiedad",ley propiedad intelectual colombia 86 de 1946,,0,,0.00,
"colombia,importancion,intelectual,ley,propiedad",ley propiedad intelectual colombia importancion,,0,,0.00,
"cuba,intelectual,ley,propiedad",ley propiedad intelectual cuba,,0,,0.00,
"intelectual,ley,pagina,propiedad,web",ley propiedad intelectual de las paginas web,,0,,0.00,
"dominio,intelectual,ley,propiedad,publico",ley propiedad intelectual dominio público,,0,,0.00,
"colombia,dominio,intelectual,ley,propiedad,publico",ley propiedad intelectual dominio público colombia,,0,,0.00,
"español,intelectual,ley,propiedad",ley propiedad intelectual española,,0,,0.00,
"colombia,intelectual,ley,marca,propiedad",ley propiedad intelectual marca colombia,,0,,0.00,
"intelectual,ley,mundial,propiedad",ley propiedad intelectual mundial,,0,,0.00,
"intelectual,ley,musica,propiedad",ley propiedad intelectual musica,,0,,0.00,
"intelectual,ley,pdf,propiedad",ley propiedad intelectual pdf,,0,,0.00,
"intelectual,ley,peru,propiedad",ley propiedad intelectual peru,,0,,0.00,
"intelectual,ley,propiedad,sic",ley propiedad intelectual sic,,0,,0.00,
"autores,derecho,intelectual,ley,propiedad",ley propiedad intelectual sobre el derecho de autor,,0,,0.00,
"colombia,intelectual,ley,propiedad,software",ley propiedad intelectual software colombia,,0,,0.00,
"intelectual,ley,propiedad,venezuela",ley propiedad intelectual venezuela,,0,,0.00,
"colombia,intelectual,ley,propiedad,proteger",ley que protege la propiedad intelectual en colombia,,0,,0.00,
"intelectual,ley,mexico,propiedad,proteger",ley que protege la propiedad intelectual en mexico,,0,,0.00,
"intelectual,ley,panama,propiedad,proteger",ley que protege la propiedad intelectual en panama,,0,,0.00,
"colombia,intelectual,ley,propiedad,regular",ley que regula la propiedad intelectual en colombia,,0,,0.00,
"intelectual,ley,propiedad,regular,resumen",ley que regula la propiedad intelectual resumen,,0,,0.00,
"autores,derecho,intelectual,ley,propiedad,regular",ley que regula la propiedad intelectual y derechos de autor,,0,,0.00,
"colombbia,intelectual,ley,propiedad,rige",ley que rige la propiedad intelectual en colombbia,,0,,0.00,
"colombia,intelectual,ley,libro,propiedad,registro",ley registro de propiedad intelectual colombia para libros,,0,,0.00,
"autores,colombia,derecho,intelectual,ley,propiedad",ley sobre derechos de autor y propiedad intelectual colombia,,0,,0.00,
"colombia,derecho,intelectual,ley,propiedad",ley sobre derechos de propiedad intelectual colombia,,0,,0.00,
"colombia,intelectual,ley,propiedad",ley sobre la propiedad intelectual en colombia,,0,,0.00,
"intelectual,ley,proceso,propiedad",ley sobre procesos de propiedad intelectual,,0,,0.00,
"colombia,intelectual,ley,propiedad",ley sobre propiedad intelectual colombia,,0,,0.00,
"industrial,intelectual,ley,propiedad",ley sobre propiedad intelectual e industrial,,0,,0.00,
"colombia,intelectual,ley,propiedad",ley sobre propiedad intelectual en colombia,,0,,0.00,
"aprobado,colombia,intelectual,ley,propiedad",leyes aprobadas en colombia sobre propiedad intelectual,,0,,0.00,
"colombia,intelectual,ley,propiedad,registro",leyes colombia para registro de propiedad intelectual,,0,,0.00,
"colombiano,intelectual,ley,propiedad,registro",leyes colombianas para registro de propiedad intelectual,,0,,0.00,
"amparo,colombiano,intelectual,ley,propiedad",leyes colombianas que amparan la propiedad intelectual,,0,,0.00,
"intelectual,ley,mundial,nivel,propiedad",leyes de la propiedad intelectual a nivel mundial,,0,,0.00,
"intelectual,ley,propiedad,proteccion",leyes de la protección de la propiedad intelectual,,0,,0.00,
"intelectual,ley,propiedad,proteciion",leyes de la proteciion de la propiedad intelectual,,0,,0.00,
"2019,colombia,intelectual,ley,propiedad",leyes de propiedad intelectual en colombia 2019,,0,,0.00,
"colombia,intelectual,ley,propiedad,santander",leyes de propiedad intelectual en colombia santander,,0,,0.00,
"colombiano,diseño,intelectual,ley,moda,propiedad",leyes de propiedad intelectual en el diseño de modas colombiano,,0,,0.00,
"educativa,instituciones,intelectual,ley,propiedad",leyes de propiedad intelectual en las instituciones educativas,,0,,0.00,
"intelectual,ley,propiedad,suiza",leyes de propiedad intelectual en suiza,,0,,0.00,
"educativa,institucion,intelectual,ley,propiedad",leyes de propiedad intelectual en una institucion educativa,,0,,0.00,
"3d,impresion,intelectual,ley,propiedad",leyes de propiedad intelectual sobre la impresion 3d,,0,,0.00,
"intelectual,ley,propiedad,semillas",leyes de propiedad intelectual sobre semillas,,0,,0.00,
"desarrollo,intelectual,ley,propiedad,proteccion,software",leyes de proteccion de propiedad intelectual de desarrollo de software,,0,,0.00,
"colombia,insentivos,intelectual,ley,propiedad",leyes e insentivos para la propiedad intelectual en colombian colombia,,0,,0.00,
"comercial,derecho,intelectual,ley,propiedad,relacion",leyes en derecho de propiedad intelectual relacionados con el comercio,,0,,0.00,
"intelectual,internacionales,ley,propiedad,proteccion",leyes internacionales protección a la propiedad intelectual,,0,,0.00,
"intelectual,internacionalesproteccion,ley,propiedad,youtube",leyes internacionalesproteccion a la propiedad intelectual en youtube,,0,,0.00,
"colombia,intelectual,ley,propiedad",leyes propiedad intelectual colombia,,0,,0.00,
"campaña,colombia,intelectual,ley,propiedad,publicitarios",leyes propiedad intelectual colombia en las campañas publicitarias,,0,,0.00,
"campaña,colombia,intelectual,ley,propiedad,publicitariascolombia",leyes propiedad intelectual colombia en las campañas publicitariascolombia,,0,,0.00,
"colombiano,diseño,intelectual,ley,moda,propiedad",leyes propiedad intelectual en el diseño de modas colombiano,,0,,0.00,
"emprendimiento,intelectual,ley,propiedad,proyecto",leyes propiedad intelectual en proyecto de emprendimiento,,0,,0.00,
"castigo,intelectual,ley,propiedad,robo",leyes que castigan el robo de propiedad intelectual,,0,,0.00,
"colombia,intelectual,ley,propiedad,proteger",leyes que protegen la propiedad intelectual colombia,,0,,0.00,
"españa,intelectual,ley,propiedad,regular",leyes que regulan la propiedad intelectual en españa,,0,,0.00,
"intelectual,ley,propiedad,rige",leyes que rigen la propiedad intelectual,,0,,0.00,
"colombia,intelectual,ley,propiedad,rige",leyes que rigen la propiedad intelectual en colombia,,0,,0.00,
"intelectual,ley,propiedad,robo",leyes sobre el robo de propiedad intelectual,,0,,0.00,
"intelectual,ley,propiedad",leyes sobre la propiedad intelectual,,0,,0.00,
"colombia,intelectual,ley,propiedad",leyes sobre propiedad intelectual en colombia,,0,,0.00,
"carlos,intelectual,libro,propiedad,rey,vegas",libro de carlos rey vega de la propiedad intelectual,,0,,0.00,
"derecho,intelectual,libro,propiedad",libro de derecho sobre propiedad intelectual,,0,,0.00,
"derecho,intelectual,libro,pdf,propiedad",libro derecho de la propiedad intelectual pdf,,0,,0.00,
"derecho,intelectual,libro,propiedad",libro derecho propiedad intelectual,,0,,0.00,
"derecho,intelectual,libro,propiedad,sic",libro derecho propiedad intelectual sic,,0,,0.00,
"intelectual,libro,moda,propiedad",libro la moda y la propiedad intelectual,,0,,0.00,
"2000,intelectual,libro,propiedad",libro propiedad intelectual 2000,,0,,0.00,
"2017,2018,intelectual,libro,propiedad",libro propiedad intelectual 2017 2018,,0,,0.00,
"2018,intelectual,libro,propiedad",libro propiedad intelectual 2018,,0,,0.00,
"colombia,intelectual,libro,propiedad",libro propiedad intelectual en colombia,,0,,0.00,
"intelectual,libro,propiedad,reflexion",libro propiedad intelectual.reflexiones,,0,,0.00,
"intelectual,libro,propiedad",libro sobre la propiedad intelectual,,0,,0.00,
"colombia,desarrollo,intelectual,libro,propiedad",libro sobre la propiedad intelectual y desarrollo en colombia,,0,,0.00,
"intelectual,libro,propiedad",libro sobre propiedad intelectual,,0,,0.00,
"derecho,intelectual,libro,propiedad",libros de derecho propiedad intelectual,,0,,0.00,
"colombia,intelectual,libro,propiedad",libros de propiedad intelectual colombia,,0,,0.00,
"intelectual,libro,mexico,propiedad",libros de propiedad intelectual en mexico,,0,,0.00,
"externa,intelectual,libro,propiedad",libros de propiedad intelectual externado,,0,,0.00,
"descargar,gratis,intelectual,libro,propiedad",libros de propiedad intelectual gratis para descargar,,0,,0.00,
"intelectual,legis,libro,propiedad",libros de propiedad intelectual legis,,0,,0.00,
"intelectual,libro,peru,propiedad",libros de propiedad intelectual peru,,0,,0.00,
"intelectual,libro,periodo,propiedad,revista",libros periodicos y revistas propiedad intelectual,,0,,0.00,
"intelectual,libro,periodo,propiedad,revista",libros periódicos y revistas propiedad intelectual,,0,,0.00,
"colombia,intelectual,libro,propiedad",libros propiedad intelectual colombia,,0,,0.00,
"competencias,derecho,intelectual,libro,propiedad",libros propiedad intelectual y derecho de competencia,,0,,0.00,
"derecho,intelectual,licencia,propiedad",licencia de derechos de propiedad intelectual,,0,,0.00,
"intelectual,licencia,propiedad,uso",licencia de uso propiedad intelectual,,0,,0.00,
"intelectual,licencia,propiedad,tecnologia,transferencia",licencia y transferencia de tecnologia en la propiedad intelectual,,0,,0.00,
"intelectual,licencia,propiedad",licenciamiento de propiedad intelectual,,0,,0.00,
"colombia,intelectual,licencia,propiedad",licenciamiento de propiedad intelectual colombia,,0,,0.00,
"intelectual,licencia,propiedad",licenciamiento propiedad intelectual,,0,,0.00,
"intelectual,licencia,propiedad,uso",licencias de uso de propiedad intelectual,,0,,0.00,
"derecho,empleo,intelectual,ley,licencia,propiedad",licencias leyes sobre el empleo derechos de propiedad intelectual,,0,,0.00,
"curso,intelectual,licensia,propiedad,utiliza",licensia para la utilización de la propiedad intelectual de cursos,,0,,0.00,
"intelectual,internacional,liderazgo,nacional,propiedad,reglamento",liderazgo internacional nacional reglamento de propiedad intelectual,,0,,0.00,
"ala,intelectual,limites,propiedad",limitaciones ala propiedad intelectual,,0,,0.00,
"derecho,intelectual,limites,propiedad",limitaciones ante el derecho de la propiedad intelectual,,0,,0.00,
"derecho,intelectual,limites,propiedad",limitaciones del derecho de propiedad intelectual,,0,,0.00,
"intelectual,limites,propiedad",limites a la propiedad intelectual,,0,,0.00,
"colombia,intelectual,limites,propiedad",limites a la propiedad intelectual en colombia,,0,,0.00,
"atencion,intelectual,linea,propiedad,registro",linea de atencion registro de propiedad intelectual,,0,,0.00,
"intelectual,linea,propiedad,tiempo",linea del tiempo de la propiedad intelectual,,0,,0.00,
"intelectual,linea,propiedad,tiempo",linea del tiempo de propiedad intelectual,,0,,0.00,
"derecho,intelectual,jurisprudencial,linea,marca,patente,propiedad",linea jurisprudencial derechos propiedad intelectual marcas y patentes,,0,,0.00,
"abogado,francia,intelectual,lista,montpellier,propiedad",lista abogados propiedad intelectual en montpellier francia,,0,,0.00,
"intelectual,lista,propiedad,riesgo",lista de riesgo de propiedad intelectual,,0,,0.00,
"intelectual,litigio,propiedad",litigios sobre propiedad intelectual,,0,,0.00,
"indigenas,intelectual,litigio,propiedad",litigios sobre propiedad intelectual indigena,,0,,0.00,
"expert,intelectual,liu,propiedad,temas",liu he experto en temas de propiedad intelectual,,0,,0.00,
"expert,hu,intelectual,liu,propiedad,temas",liu hu experto en temas de propiedad intelectual,,0,,0.00,
"intelectual,lloreda,propiedad",lloreda propiedad intelectual,,0,,0.00,
"intelectual,mal,propiedad",lo malo de la propiedad intelectual,,0,,0.00,
"intelectual,propiedad",lo que es la propiedad intelectual,,0,,0.00,
"intelectual,logo,propiedad",logas de propiedad intelectual,,0,,0.00,
"intelectual,logo,propiedad",logo de propiedad intelectual,,0,,0.00,
"colombia,intelectual,logo,propiedad",logo de propiedad intelectual de colombia,,0,,0.00,
"intelectual,logo,mundial,ompi,organizaciones,propiedad",logo ompi organización mundial de propiedad intelectual,,0,,0.00,
"intelectual,logo,propiedad",logos de propiedad intelectual,,0,,0.00,
"2017,casa,intelectual,propiedad,sic",los casos de propiedad intelectual 2017 sic,,0,,0.00,
"codigo,considera,constitucion,intelectual,propiedad",los codigos constitucion se consideran propiedad intelectual,,0,,0.00,
"comunidad,intelectual,propiedad",los comunes propiedad intelectual,,0,,0.00,
"concepto,intelectual,patente,propiedad",los concepto de propiedad intelectual y patente,,0,,0.00,
"datos,intelectual,propiedad,resultados,trabajo",los datos resultantes de un trabajo son propiedad intelectual,,0,,0.00,
"ddhh,intelectual,propiedad",los ddhh y la propiedad intelectual,,0,,0.00,
"autores,derecho,intelectual,propiedad,reglamento",los derechos de autor del reglamento de propiedad intelectual,,0,,0.00,
"bien,colombia,derecho,inmateriales,intelectual,propiedad",los derechos de propiedad intelectual en colombia son bienes inmateriales,,0,,0.00,
"comentarios,derecho,geopolitica,intelectual,propiedad,saber",los derechos de propiedad intelectual en geopolítica del saber comentarios,,0,,0.00,
"derecho,geopolitica,intelectual,propiedad,reseña,saber",los derechos de propiedad intelectual en geopolítica del saber reseña,,0,,0.00,
"comentarios,derecho,intelectual,land,propiedad",los derechos de propiedad intelectual lander comentarios,,0,,0.00,
"derecho,intelectual,propiedad",los derechos de propiedad intelectual son,,0,,0.00,
"dereho,intelectual,propiedad",los derehos de propiedad intelectual,,0,,0.00,
"deberes,dereho,intelectual,propiedad,trabajo",los derehos de propiedad intelectual debera el trabajador,,0,,0.00,
"arquitectoticos,diseño,intelectual,propiedad,proteger",los diseños arquitectoticos son protegidos por propiedad intelectual,,0,,0.00,
"arquitectonico,diseño,intelectual,propiedad,proteger",los diseños arquitectónicos son protegidos por propiedad intelectual,,0,,0.00,
"diseño,intelectual,propiedad",los diseños son propiedad intelectual,,0,,0.00,
"drone,intelectual,propiedad,ver",los drones tiene que ver con la propiedad intelectual,,0,,0.00,
"elementos,intelectual,propiedad",los elementos de la propiedad intelectual,,0,,0.00,
"elementos,intelectual,propiedad",los elementos de propiedad intelectual,,0,,0.00,
"deucativa,elementos,intelectual,intituciones,propiedad",los elementos de propiedad intelectual en las intituciones deucativas,,0,,0.00,
"elementos,esenciales,intelectual,propiedad",los elementos esenciales de la propiedad intelectual,,0,,0.00,
"expert,habla,intelectual,propiedad",los expertos hablan sobre propiedad intelectual,,0,,0.00,
"expert,habla,intelectual,propiedad",los expertos hablen sobre propiedad intelectual,,0,,0.00,
"fundamentos,intelectual,propiedad,proteccion",los fundamentos de la protección a la propiedad intelectual,,0,,0.00,
"indicios,intelectual,propiedad",los indicios en propiedad intelectual,,0,,0.00,
"intelectual,libro,propiedad",los libros son propieda intelectual,,0,,0.00,
"autores,derecho,intelectual,libro,propiedad",los libros son propiedad intelectual derechos de autor,,0,,0.00,
"abogado,intelectual,mejor,propiedad",los mejores abogados en propiedad intelectual,,0,,0.00,
"intelectual,patente,propiedad",los patentes propiedad intelectual,,0,,0.00,
"intelectual,proceso,propiedad,sumario,verbal",los procesos de propiedad intelectual son verbales o verbales sumarios,,0,,0.00,
"intelectual,proceso,propiedad,relatos",los procesos relativos a propiedad intelectual,,0,,0.00,
"competencias,intelectual,proceso,propiedad,relatos",los procesos relativos a propiedad intelectual son competencia de,,0,,0.00,
"intelectual,propiedad,robot",los robots son propiedad intelectual,,0,,0.00,
"intelectual,propiedad,simbolo",los simbolos de propiedad intelectual,,0,,0.00,
"bien,conforman,intelectual,propiedad,tipos",los tipos de bienes que conforman la propiedad intelectual son,,0,,0.00,
"intelectual,propiedad,tipos",los tipos de propiedad intelectual,,0,,0.00,
"intelectual,propiedad,proteccion,tipos",los tipos de protección de propiedad intelectual,,0,,0.00,
"existen,intelectual,propiedad,proteccion,tipos",los tipos de protección de propiedad intelectual que existen,,0,,0.00,
"intelectual,propiedad,tlc",los tlc y la propiedad intelectual,,0,,0.00,
"intelectual,internet,propiedad,respeto,usuario",los usuarios de internet respetan la propiedad intelectual,,0,,0.00,
"intelectual,ley,lpi,propiedad",lpi ley propiedad intelectual,,0,,0.00,
"guillermo,intelectual,luis,propiedad,restrepo,velez",luis guillermo restrepo velez propiedad intelectual,,0,,0.00,
"intelectual,linea,propiedad,tiempo",línea del tiempo de la propiedad intelectual,,0,,0.00,
"intelectual,mac,propiedad",macas en la propiedad intelectual,,0,,0.00,
"intelectual,machlup,penrose,propiedad",machlup y penrose propiedad intelectual,,0,,0.00,
"derecho,intelectual,maestria,propiedad",maestria derecho propiedad intelectual,,0,,0.00,
"derecho,intelectual,maestria,peru,propiedad",maestria derecho propiedad intelectual perú,,0,,0.00,
"derecho,intelectual,maestria,propiedad,pucp",maestria derecho propiedad intelectual pucp,,0,,0.00,
"derecho,intelectual,maestria,propiedad",maestria en derecho de la propiedad intelectual,,0,,0.00,
"derecho,intelectual,maestria,peru,propiedad",maestria en derecho propiedad intelectual peru,,0,,0.00,
"gestion,intelectual,maestria,propiedad",maestria en gestion de la propiedad intelectual,,0,,0.00,
"gestion,intelectual,maestria,propiedad",maestria en gestion de propiedad intelectua,,0,,0.00,
"andes,intelectual,maestria,propiedad",maestria en propiedad intelectual andes,,0,,0.00,
"chile,intelectual,maestria,propiedad",maestria en propiedad intelectual chile,,0,,0.00,
"innovacion,intelectual,maestria,propiedad,udesa",maestria en propiedad intelectual e innovacion udesa,,0,,0.00,
"innovación,intelectual,maestria,propiedad",maestria en propiedad intelectual e innovación,,0,,0.00,
"bogota,intelectual,maestria,propiedad",maestria en propiedad intelectual en bogota,,0,,0.00,
"intelectual,linea,maestria,propiedad",maestria en propiedad intelectual en linea,,0,,0.00,
"intelectual,maestria,propiedad,sudamerica",maestria en propiedad intelectual en sudamérica,,0,,0.00,
"america,intelectual,maestria,propiedad,sur",maestria en propiedad intelectual en sur america,,0,,0.00,
"informatica,intelectual,maestria,propiedad",maestria en propiedad intelectual informatica,,0,,0.00,
"intelectual,maestria,medellin,propiedad",maestria en propiedad intelectual medellin,,0,,0.00,
"intelectual,maestria,oea,propiedad",maestria en propiedad intelectual oea,,0,,0.00,
"intelectual,maestria,ompi,propiedad",maestria en propiedad intelectual ompi,,0,,0.00,
"intelectual,maestria,online,propiedad",maestria en propiedad intelectual online,,0,,0.00,
"intelectual,maestria,propiedad,udesa",maestria en propiedad intelectual udesa,,0,,0.00,
"andres,intelectual,maestria,propiedad,san,universidad",maestria en propiedad intelectual universidad de san andres,,0,,0.00,
"argentina,intelectual,maestria,propiedad",maestria propiedad intelectual argentina,,0,,0.00,
"españa,intelectual,maestria,propiedad",maestria propiedad intelectual españa,,0,,0.00,
"intelectual,javeriaa,maestria,propiedad",maestria propiedad intelectual javeriaa,,0,,0.00,
"intelectual,javeriana,maestria,propiedad",maestria propiedad intelectual javeriana,,0,,0.00,
"intelectual,maestria,ompi,propiedad",maestria propiedad intelectual ompi,,0,,0.00,
"intelectual,maestria,parcial,propiedad,tiempo",maestria propiedad intelectual tiempo parcial,,0,,0.00,
"intelectual,maestria,propiedad,udesa",maestria propiedad intelectual udesa,,0,,0.00,
"externa,intelectual,maestria,propiedad,universidad",maestria propiedad intelectual universidad externado,,0,,0.00,
"derecho,farmaceutica,intelectual,maestro,propiedad",maestría en derecho farmacéutico y propiedad intelectual,,0,,0.00,
"derecho,farmaceutica,intelectual,maestro,menciona,propiedad",maestría en propiedad intelectual con mención en derecho farmacéutico,,0,,0.00,
"innovación,inpi,intelectual,maestro,mpii,propiedad,udesa,wipe",maestría en propiedad intelectual e innovación mpii wipo-udesa-inpi,,0,,0.00,
"intelectual,maestro,propiedad,uniandes",maestría propiedad intelectual uniandes,,0,,0.00,
"derecho,intelectual,magister,peru,propiedad",magister derecho propiedad intelectual peru,,0,,0.00,
"comercial,intelectual,magister,propiedad",magister en propiedad intelectual comercio,,0,,0.00,
"comercial,intelectual,magister,propiedad,tecnologicos",magister en propiedad intelectual comercio y tecnología,,0,,0.00,
"hacer,intelectual,mando,maquina,propiedad,unico",mando a hacer una maquina unica propiedad intelectual,,0,,0.00,
"informe,intelectual,manejo,propiedad,publico",manejo de información publica y propiedad intelectual,,0,,0.00,
"colombia,intelectual,manejo,propiedad",manejo de la propiedad intelectual en colombia,,0,,0.00,
"intelectual,manejo,microsoft,propiedad",manejo de propiedad intelectual de microsoft,,0,,0.00,
"banda,intelectual,manejo,propiedad,sonora",manejo de propiedad intelectual en bandas sonoras,,0,,0.00,
"banda,intelectual,manejo,propiedad,sonora",manejo de propiedad intelectual para bandas sonoras,,0,,0.00,
"intelectual,manejo,propiedad,tributario",manejo tributario de propiedad intelectual,,0,,0.00,
"autorizacin,intelectual,manejo,propiedad",manejo y autorizacines de propiedad intelectual,,0,,0.00,
"autorizado,intelectual,manejo,propiedad",manejo y autorizaciones de propiedad intelectual,,0,,0.00,
"derecho,intelectual,manual,pdf,propiedad",manual de derecho de propiedad intelectual pdf,,0,,0.00,
"etica,intelectual,manual,propiedad",manual de etica y propiedad intelectual,,0,,0.00,
"etica,intelectual,libro,manual,propiedad",manual de etica y propiedad intelectual libro,,0,,0.00,
"etica,intelectual,livre,manual,propiedad",manual de etica y propiedad intelectual livro,,0,,0.00,
"canaval,intelectual,manual,propiedad",manual de la propiedad intelectual canaval,,0,,0.00,
"intelectual,manual,propiedad,upb",manual de la propiedad intelectual upb,,0,,0.00,
"agregar,eduardo,favorito,intelectual,manual,pezzano,propiedad,varela",manual de propiedad intelectual agregar a favoritos eduardo varela pezzano,,0,,0.00,
"alfredo,intelectual,manual,propiedad",manual de propiedad intelectual alfredo,,0,,0.00,
"bogota,colombia,intelectual,manual,propiedad",manual de propiedad intelectual bogota colombia,,0,,0.00,
"cavelier,intelectual,manual,propiedad",manual de propiedad intelectual cavelier,,0,,0.00,
"cvudes,intelectual,manual,propiedad",manual de propiedad intelectual cvudes,,0,,0.00,
"ean,intelectual,manual,propiedad,universidad",manual de propiedad intelectual de la universidad ean,,0,,0.00,
"eduardo,intelectual,manual,propiedad,varela",manual de propiedad intelectual eduardo varela,,0,,0.00,
"eduardo,intelectual,manual,pezzano,propiedad,varela",manual de propiedad intelectual eduardo varela pezzano,,0,,0.00,
"abogado,cavelier,editor,eduardo,intelectual,manual,pezzano,propiedad,varela",manual de propiedad intelectual eduardo varela pezzano editor cavelier abogados,,0,,0.00,
"fernando,garotr,intelectual,manual,propiedad",manual de propiedad intelectual garotr fernando,,0,,0.00,
"fernandez,garrote,intelectual,manual,propiedad",manual de propiedad intelectual garrote fernandez,,0,,0.00,
"2015,fernandez,garrote,intelectual,manual,propiedad",manual de propiedad intelectual garrote fernandez 2015,,0,,0.00,
"fernando,garrote,intelectual,manual,propiedad",manual de propiedad intelectual garrote fernando,,0,,0.00,
"ibañez,intelectual,manual,propiedad",manual de propiedad intelectual ibañez,,0,,0.00,
"abogado,cavelier,ibañez,intelectual,manual,propiedad",manual de propiedad intelectual ibañez cavelier abogados,,0,,0.00,
"canaval,intelectual,juan,manual,pablo,palacio,propiedad",manual de propiedad intelectual juan pablo canaval palacios,,0,,0.00,
"canaval,gratis,intelectual,juan,manual,pablo,palacio,propiedad",manual de propiedad intelectual juan pablo canaval palacios gratis,,0,,0.00,
"canaval,intelectual,juan,libro,manual,pablo,palacio,propiedad",manual de propiedad intelectual juan pablo canaval palacios libro,,0,,0.00,
"canaval,intelectual,juan,manual,pablo,palacio,pdf,propiedad",manual de propiedad intelectual juan pablo canaval palacios pdf,,0,,0.00,
"canaval,intelectual,juan,manual,pablo,palacio,propiedad,resumen",manual de propiedad intelectual juan pablo canaval palacios resumen,,0,,0.00,
"intelectual,libro,manual,propiedad",manual de propiedad intelectual libro,,0,,0.00,
"intelectual,manual,nacional,policia,propiedad",manual de propiedad intelectual policia nacional,,0,,0.00,
"general,intelectual,manual,patente,propiedad,teoria",manual de propiedad intelectual teoria general de patentes,,0,,0.00,
"intelectual,manual,propiedad,usta",manual de propiedad intelectual usta,,0,,0.00,
"intelectual,manual,ompi,propiedad",manual ompi qué es la propiedad intelectual,,0,,0.00,
"colombia,intelectual,manual,pdf,propiedad",manual propiedad intelectual colombia pdf,,0,,0.00,
"cvudes,intelectual,manual,propiedad",manual propiedad intelectual cvudes,,0,,0.00,
"intelectual,manual,pdf,propiedad",manual propiedad intelectual pdf,,0,,0.00,
"co,edu,http,intelectual,manual,propiedad,site,uptc",manual propiedad intelectual site http uptc.edu.co,,0,,0.00,
"intelectual,manual,propiedad,udea",manual propiedad intelectual udea,,0,,0.00,
"intelectual,manual,propiedad,udea",manual propiedad intelectual udes,,0,,0.00,
"intelectual,manual,practica,propiedad",manual práctico de propiedad intelectual,,0,,0.00,
"datos,intelectual,manual,propiedad,proteccion,sencillo",manual sencillo para proteccion datos propiedad intelectual,,0,,0.00,
"intelectual,manuel,propiedad",manuel de propiedad intelectual,,0,,0.00,
"guerrero,intelectual,manuel,propiedad",manuel guerrero propiedad intelectual,,0,,0.00,
"conceptual,diferencia,industrial,intelectual,mapa,propiedad",mapa conceptual de diferencias entre propiedad intelectual e industrial,,0,,0.00,
"conceptual,diferencia,industial,intelectual,mapa,propiedad",mapa conceptual de diferencias entre propiedad intelectual y industial,,0,,0.00,
"conceptual,intelectual,ley,mapa,propiedad",mapa conceptual de la ley de propiedad intelectual,,0,,0.00,
"colombia,conceptual,intelectual,mapa,propiedad",mapa conceptual de la propiedad intelectual en colombia,,0,,0.00,
"conceptual,empresarial,intelectual,mapa,propiedad",mapa conceptual de la propiedad intelectual en empresarial,,0,,0.00,
"colombia,conceptual,intelectual,mapa,propiedad",mapa conceptual de propiedad intelectual colombia,,0,,0.00,
"conceptual,industrial,intelectual,mapa,propiedad",mapa conceptual de propiedad intelectual e industria,,0,,0.00,
"conceptual,intelectual,mapa,propiedad,reglamento",mapa conceptual del reglamento de propiedad intelectual,,0,,0.00,
"academico,autores,conceptual,derecho,intelectual,mapa,plagio,propiedad",mapa conceptual derecho de autor propiedad intelectual plagio academico,,0,,0.00,
"conceptual,industrial,intelectual,mapa,propiedad",mapa conceptual propiedad industrial e intelectual,,0,,0.00,
"concepto,conceptual,industrial,intelectual,mapa,propiedad",mapa conceptual propiedad intelectual e industrial conceptos,,0,,0.00,
"conceptual,intelectual,mapa,propiedad",mapa conceptual sobre lo que es propiedad intelectual,,0,,0.00,
"conceptual,intelectual,mapa,patente,propiedad",mapa conceptual sobre patente y propiedad intelectual,,0,,0.00,
"conceptual,intelectual,mapa,patente,propiedad",mapa conceptual sobre patentes y propiedad intelectual,,0,,0.00,
"conceptual,intelectual,mapa,propiedad",mapa conceptual sobre propiedad intelectual,,0,,0.00,
"intelectual,mapa,propiedad",mapa de propiedad intelectual,,0,,0.00,
"creatividad,innovacion,intelectual,mapa,mental,propiedad",mapa mental de creatividad e innovacion y propiedad intelectual,,0,,0.00,
"creatividad,innovacion,intelectual,mapa,mental,propiedad",mapa mental de creatividad innovacion y propiedad intelectual,,0,,0.00,
"colombiano,gobierno,intelectual,mapa,mental,propiedad",mapa mental propiedad intelectual y gobierno colombiano,,0,,0.00,
"intelectual,mapña,mental,propiedad",mapña mental de propiedad intelectual,,0,,0.00,
"fabrica,intelectual,marca,propiedad",marc de fabrica propiedad intelectual,,0,,0.00,
"colectiva,intelectual,marca,propiedad",marca colectiva propiedad intelectual,,0,,0.00,
"fundamentos,intelectual,legal,marca,propiedad",marca propiedad intelectual fundamento legal,,0,,0.00,
"intelectual,marca,patente,propiedad,registro",marca registrada patente propiedad intelectual,,0,,0.00,
"intelectual,marca,propiedad,registro",marca registrada propiedad intelectual,,0,,0.00,
"colombia,intelectual,marca,propiedad",marcas propiedad intelectual colombia,,0,,0.00,
"intelectual,marca,propiedad,verde",marcas verdes y la propiedad intelectual,,0,,0.00,
"colombia,intelectual,marca,propiedad,verde",marcas verdes y la propiedad intelectual colombia,,0,,0.00,
"colombia,intelectual,marca,propiedad,verde",marcas verdes y la propiedad intelectual en colombia,,0,,0.00,
"alemana,intelectual,marca,propiedad",marco alemán propiedad intelectual,,0,,0.00,
"constitucion,intelectual,marca,propiedad",marco constitucional de la propiedad intelectual,,0,,0.00,
"colombia,intelectual,marca,propiedad,proteccion",marco de proteccion de la propiedad intelectual colombia,,0,,0.00,
"institucion,intelectual,marca,propiedad,proteccion",marco institucional para la proteccion de la propiedad intelectual,,0,,0.00,
"intelectual,juridica,marca,propiedad",marco juridico de la propiedad intelectual,,0,,0.00,
"costo,intelectual,juridica,marca,propiedad,rico",marco juridico propiedad intelectual costa rica,,0,,0.00,
"industrial,intelectual,internet,legal,marca,propiedad",marco legal de internet en la propiedad intelectual e industrial,,0,,0.00,
"colombia,intelectual,legal,marca,propiedad",marco legal de la propiedad intelectual en colombia,,0,,0.00,
"colombia,intelectual,legal,mapa,marca,mental,propiedad",marco legal de la propiedad intelectual en colombia mapa mental,,0,,0.00,
"intelectual,legal,marca,peru,propiedad",marco legal de la propiedad intelectual peru,,0,,0.00,
"colombia,intelectual,legal,marca,propiedad",marco legal de propiedad intelectual en colombia,,0,,0.00,
"colombia,intelectual,legal,marca,propiedad",marco legal propiedad intelectual en colombia,,0,,0.00,
"colombia,intelectual,marca,normatividad,propiedad",marco normativo de la propiedad intelectual en colombia,,0,,0.00,
"intelectual,marca,propiedad,teorico",marco teorico propiedad intelectual,,0,,0.00,
"intelectual,marca,propiedad,pymes,teorico",marco teorico propiedad intelectual de las pymes,,0,,0.00,
"colombia,intelectual,marca,propiedad,teorico",marco teorico propiedad intelectual en colombia,,0,,0.00,
"intelectual,marca,propiedad,pymes,teorico",marco teorico propiedad intelectual en las pymes,,0,,0.00,
"colombia,intelectual,marca,propiedad,pymes,teorico",marco teorico propiedad intelectual en las pymes de colombia,,0,,0.00,
"intelectual,marcon,normatividad,propiedad",marcon normativo de la propiedad intelectual,,0,,0.00,
"abogado,intelectual,margarota,propiedad",margarota abogado propiedad intelectual,,0,,0.00,
"intelectual,lopez,maria,propiedad,socorro",maria del socorro lopez propiedad intelectual,,0,,0.00,
"alvarez,intelectual,maria,propiedad,yolanda",maria yolanda alvarez propiedad intelectual,,0,,0.00,
"intelectual,maria,ortega,propiedad",mario ortega propiedad intelectual,,0,,0.00,
"intelectual,marketing,propiedad",marketing propiedad intelectual,,0,,0.00,
"colombia,intelectual,marketing,propiedad,verde",marketing verde y la propiedad intelectual en colombia,,0,,0.00,
"intelectual,marketing,propiedad",marketing y propiedad intelectual,,0,,0.00,
"conocimiento,intelectual,martinez,propiedad,vernacula",martinez propiedad intelectual sobre el conocimiento vernaculo,,0,,0.00,
"alvarez,intelectual,mar,propiedad,yolanda",maría yolanda álvarez propiedad intelectual,,0,,0.00,
"intelectual,maskus,propiedad",maskus propiedad intelectual,,0,,0.00,
"derecho,intelectual,master,propiedad",master en derecho de propiedad intelectual,,0,,0.00,
"chile,intelectual,master,propiedad",master en propiedad intelectual chile,,0,,0.00,
"comercial,intelectual,master,propiedad,tecnologia",master en propiedad intelectual comercio y tecnologias,,0,,0.00,
"cali,comercial,intelectual,master,propiedad,tecnologia",master en propiedad intelectual comercio y tecnologias cali,,0,,0.00,
"comercial,europa,intelectual,master,propiedad,tecnologia",master en propiedad intelectual comercio y tecnologias europa,,0,,0.00,
"intelectual,master,peru,propiedad",master en propiedad intelectual peru,,0,,0.00,
"españa,intelectual,marca,master,oficial,patente,propiedad",master oficial en marcas patentes y propiedad intelectual en españa,,0,,0.00,
"barcelona,intelectual,master,propiedad",master propiedad intelectual barcelona,,0,,0.00,
"intelectual,master,ompi,propiedad",master propiedad intelectual ompi,,0,,0.00,
"intelectual,master,propiedad,semipresencial",master propiedad intelectual semipresencial,,0,,0.00,
"intelectual,master,propiedad,uam",master propiedad intelectual uam,,0,,0.00,
"baratos,intelectual,masters,propiedad",masteres baratos en propiedad intelectual,,0,,0.00,
"baratos,intelectual,masters,propiedad",masters baratos en propiedad intelectual,,0,,0.00,
"baratos,europa,intelectual,masters,propiedad",masters baratos en propiedad intelectual europa,,0,,0.00,
"intelectual,materiales,propiedad,referencia",materiales de referencia propiedad intelectual,,0,,0.00,
"intelectual,maestro,material,propiedad,uniandes",materias de maestría propiedad intelectual uniandes,,0,,0.00,
"intelectual,introduccion,matricula,propiedad,sic",matricula introduccion a la propiedad intelectual sic,,0,,0.00,
"comparativo,derecho,intelectual,matriz,propiedad,software",matriz derecho comparado propiedad intelectual software,,0,,0.00,
"alejandro,duro,intelectual,mayra,propiedad",mayra alejandra duran propíedad intelectual,,0,,0.00,
"centro,estudio,intelectual,mcgill,propiedad",mcgill centro de estudios de propiedad intelectual,,0,,0.00,
"intelectual,internacionales,mecanimso,propiedad,proteccion",mecanimso de proteccion de propiedad intelectual internacionales,,0,,0.00,
"diseño,industrial,intelectual,mecanica,propiedad,proteccion",mecanismo de proteccion de propiedad intelectual diseño industrial,,0,,0.00,
"defensa,intelectual,mecanica,propiedad",mecanismos de defensa de la propiedad intelectual,,0,,0.00,
"ejecución,intelectual,mecanica,propiedad",mecanismos de ejecución de la propiedad intelectual,,0,,0.00,
"intelectual,mecanica,propiedad,proteccion",mecanismos de proteccion a la propiedad intelectual,,0,,0.00,
"guatemala,intelectual,mecanica,propiedad,proteccion",mecanismos de proteccion de la propiedad intelectual en guatemala,,0,,0.00,
"intelectual,mecanica,mexico,propiedad,proteccion",mecanismos de proteccion de la propiedad intelectual en mexico,,0,,0.00,
"intelectual,mecanica,propiedad,proteccion",mecanismos de proteccion de propiedad intelectual,,0,,0.00,
"intelectual,mecanica,propiedad,proteger",mecanismos para proteger la propiedad intelectual,,0,,0.00,
"asesoria,intelectual,medellin,propiedad",medellin asesoria propiedad intelectual,,0,,0.00,
"intelectual,medicamentos,propiedad",medicamentos propiedad intelectual,,0,,0.00,
"intelectual,medicina,propiedad",medicinas y propiedad intelectual,,0,,0.00,
"cautelares,intelectual,medidas,proceso,propiedad",medidas cautelares procesos propiedad intelectual,,0,,0.00,
"contractuales,intelectual,medidas,propiedad",medidas contractuales de propiedad intelectual,,0,,0.00,
"intelectual,medidas,propiedad,proteccion",medidas de proteccion de la propiedad intelectual,,0,,0.00,
"intelectual,medidas,propiedad,proteger",medidas para proteger la propiedad intelectual,,0,,0.00,
"derecho,intelectual,medidas,propiedad,proteccion,tecnologicos",medidas tecnológicas de protección a los derechos de propiedad intelectual,,0,,0.00,
"comunidad,intelectual,medio,propiedad,relacion",medios de comunicación en relación con la propiedad intelectual,,0,,0.00,
"comunidad,intelectual,medio,propiedad",medios de comunicación y propiedad intelectual,,0,,0.00,
"intelectual,medio,propiedad,tecnologicos",medios tecnologicos para la propiedad intelectual,,0,,0.00,
"forma,intelectual,mejor,propiedad,proteger",mejor forma de proteger la propiedad intelectual,,0,,0.00,
"buffet,intelectual,mejor,propiedad",mejores buffets propiedad intelectual,,0,,0.00,
"despacho,intelectual,mejor,mexico,propiedad",mejores despachos de propiedad intelectual en mexico,,0,,0.00,
"doctor,intelectual,mejor,propiedad",mejores doctorados en propiedad intelectual,,0,,0.00,
"abogado,firma,intelectual,mejor,propiedad",mejores firmas de abogados en propiedad intelectual,,0,,0.00,
"intelectual,libro,mejor,propiedad",mejores libros de propiedad intelectual,,0,,0.00,
"intelectual,mejor,pagina,propiedad,registro",mejores páginas para registrar propiedad intelectual,,0,,0.00,
"intelectual,mejor,propiedad,universidad",mejores universidades propiedad intelectual,,0,,0.00,
"autores,derecho,intelectual,meme,propiedad",meme derecho de autor propiedad intelectual,,0,,0.00,
"intelectual,meme,propiedad",memes de propiedad intelectual,,0,,0.00,
"intelectual,meme,propiedad,robo",memes de robo de propiedad intelectual,,0,,0.00,
"intelectual,memoria,propiedad",memorias propiedad intelectual,,0,,0.00,
"intelectual,mensajes,propiedad",mensaje de propiedad intelectual,,0,,0.00,
"fotografía,intelectual,mensajes,propiedad",mensaje de propiedad intelectual fotografico,,0,,0.00,
"intelectual,mensajes,propiedad",mensajes de propiedad intelectual,,0,,0.00,
"intelectual,internet,mercadotecnia,propiedad",mercadotecnia en internet y propiedad intelectual,,0,,0.00,
"caribe,intelectual,mesa,propiedad",mesa caribe de la propiedad intelectual,,0,,0.00,
"fisica,intelectual,metodo,propiedad,respuestas,total",metodo de la respuesta fisica total propiedad intelectual,,0,,0.00,
"determinar,intelectual,metodología,propiedad,valor",metodología determinación del valor de la propiedad intelectual,,0,,0.00,
"derecho,empresa,intelectual,metodo,propiedad,rompe",metodos para no romper los derechos de propiedad intelectual empresas,,0,,0.00,
"intelectual,metodo,propiedad,quirurgica",metodos quirurgicos propiedad intelectual,,0,,0.00,
"intelectual,michel,propiedad,server",michel de servan propiedad intelectual,,0,,0.00,
"intelectual,miercoles,propiedad",miercoles de propiedad intelectua,,0,,0.00,
"intelectual,miercoles,propiedad",miercoles de propiedad intelectual,,0,,0.00,
"2019,intelectual,miercoles,propiedad",miercoles de propiedad intelectual 2019,,0,,0.00,
"intelectual,miercoles,noviembre,propiedad",miercoles de propiedad intelectual noviembre,,0,,0.00,
"cervantes,intelectual,miguel,propiedad",miguel de cervantes y propiedad intelectual,,0,,0.00,
"agricultura,derecho,intelectual,ministerio,obtentor,propiedad",ministerio de agricultura or derechos de obtentor or propiedad intelectual,,0,,0.00,
"colombia,desarrollo,division,intelectual,ministerio,propiedad",ministerio de desarrollo division de propiedad intelectual colombia,,0,,0.00,
"intelectual,interior,ministerio,propiedad",ministerio del interior propiedad intelectual,,0,,0.00,
"contrato,fabricacion,intelectual,minutos,propiedad,uso",minuta contrato uso y fabricacion de propiedad intelectual,,0,,0.00,
"intelectual,minutos,politica,propiedad",minuta politica de propiedad intelectual,,0,,0.00,
"intelectual,miercoles,propiedad",miércoles de la propiedad intelectual,,0,,0.00,
"colombiano,intelectual,ley,mnormatividad,propiedad",mnormatividad de la ley de propiedad intelectual colombiana,,0,,0.00,
"intelectual,moda,propiedad",moda y propiedad intelectual,,0,,0.00,
"apropiacion,indebida,intelectual,moda,propiedad",moda y propiedad intelectual apropiacion indebida,,0,,0.00,
"colombia,intelectual,moda,propiedad",moda y propiedad intelectual en colombia,,0,,0.00,
"intelectual,modal,propiedad",modalidades de la propiedad intelectual,,0,,0.00,
"intelectual,modal,propiedad",modalidades de propiedad intelectual,,0,,0.00,
"intelectual,modal,propiedad,proteccion",modalidades de protección de la propiedad intelectual,,0,,0.00,
"acta,intelectual,modelo,propiedad,renuncia",modelo acta de renuncia a propiedad intelectual,,0,,0.00,
"acuerdo,confidencialidad,intelectual,modelo,propiedad",modelo acuerdo de confidencialidad propiedad intelectual,,0,,0.00,
"acuerdo,intelectual,modelo,propiedad",modelo acuerdo de propiedad intelectual,,0,,0.00,
"acuerdo,colciencias,intelectual,modelo,propiedad",modelo acuerdo propiedad intelectual colciencias,,0,,0.00,
"carta,intelectual,modelo,propiedad,renuncia",modelo carta de renuncia a propiedad intelectual,,0,,0.00,
"carta,documentos,intelectual,modelo,propiedad",modelo carta documento propiedad intelectual,,0,,0.00,
"carta,intelectual,modelo,propiedad",modelo carta propiedad intelectual,,0,,0.00,
"carta,colciencias,intelectual,modelo,propiedad",modelo carta propiedad intelectual colciencias,,0,,0.00,
"clausula,intelectual,modelo,propiedad",modelo clausula de propiedad intelectual,,0,,0.00,
"clausula,intelectual,modelo,propiedad",modelo clausula propiedad intelectual,,0,,0.00,
"clausula,colombia,intelectual,modelo,propiedad",modelo clausula propiedad intelectual colombia,,0,,0.00,
"cesion,contrato,derecho,intelectual,modelo,propiedad",modelo contrato cesion derechos de propiedad intelectual,,0,,0.00,
"contrato,intelectual,modelo,propiedad",modelo contrato de propiedad intelectual,,0,,0.00,
"contrato,intelectual,modelo,propiedad,proteccion",modelo contrato protección propiedad intelectual,,0,,0.00,
"acuerdo,colombia,intelectual,modelo,propiedad",modelo de acuerdo propiedad intelectual colombia,,0,,0.00,
"carta,intelectual,modelo,propiedad",modelo de carta propiedad intelectual,,0,,0.00,
"carta,intelectual,modelo,propiedad,prrohibicion",modelo de carta prrohibicion propiedad intelectual,,0,,0.00,
"cesion,derecho,intelectual,modelo,propiedad",modelo de cesión de derechos de propiedad intelectual,,0,,0.00,
"cesion,derecho,focus,group,intelectual,modelo,propiedad",modelo de cesión de derechos de propiedad intelectual focus group,,0,,0.00,
"clausula,intelectual,modelo,propiedad",modelo de clausula de propiedad intelectual,,0,,0.00,
"clausula,contrato,intelectual,modelo,propiedad,trabajo",modelo de clausula de propiedad intelectual en contrato de trabajo,,0,,0.00,
"clausula,intelectual,mexico,modelo,propiedad",modelo de clausula de propiedad intelectual en mexico,,0,,0.00,
"cesion,contrato,derecho,intelectual,modelo,propiedad",modelo de contrato de cesión de derechos de propiedad intelectual,,0,,0.00,
"autores,contrato,derecho,intelectual,modelo,propiedad",modelo de contrato de propiedad intelectual-derechos de autor,,0,,0.00,
"gestion,intelectual,interaccion,modelo,propiedad",modelo de interacción entre la gestion de la propiedad intelectual,,0,,0.00,
"intelectual,modelo,propiedad",modelo de propiedad intelectual,,0,,0.00,
"intelectual,modelo,personas,propiedad,tercera",modelo de propiedad intelectual a tercera persona,,0,,0.00,
"intelectual,modelo,personas,propiedad,tercera,word",modelo de propiedad intelectual a tercera persona word,,0,,0.00,
"cotrato,intelectual,modelo,propiedad",modelo de propiedad intelectual en cotrato,,0,,0.00,
"acuerdo,intelectual,modelo,propiedad",modelo de un acuerdo de propiedad intelectual,,0,,0.00,
"intelectual,modelo,politica,propiedad,una",modelo de unas politicas de propiedad intelectual,,0,,0.00,
"colombia,demanda,derecho,intelectual,modelo,propiedad",modelo demanda derechos de propiedad intelectual colombia,,0,,0.00,
"demanda,ejecutivo,intelectual,modelo,propiedad",modelo demanda ejecutiva de propiedad intelectual,,0,,0.00,
"intelectual,modelo,propiedad,reglamento,universidad",modelo reglamento de propiedad intelectual universidades,,0,,0.00,
"considera,intelectual,modelo,propiedad,triz",modelo triz se considera propiedad intelectual,,0,,0.00,
"contrato,intelectual,modelo,propiedad",modelos de contrato de propiedad intelectual,,0,,0.00,
"cesion,contrato,derecho,intelectual,modelo,posesoria,propiedad",modelos de contratos cesion de derechos posesorios sobre propiedad intelectual,,0,,0.00,
"apelacion,instaurar,intelectual,modelo,propiedad,recursos",modelos para instaurar recurso de apelacion propiedad intelectual,,0,,0.00,
"competencias,consumo,intelectual,monografia,propiedad",monografias sobre competencia consumo y propiedad intelectual,,0,,0.00,
"competencias,consumo,derecho,intelectual,monografia,propiedad",monografias sobre derecho de la competencia consumo y propiedad intelectual,,0,,0.00,
"competencias,consumo,intelectual,monografia,propiedad,sobrederechos",monografias sobrederecho de la competencia consumo y propiedad intelectual,,0,,0.00,
"cavelier,intelectual,moot,propiedad",moot de propiedad intelectual cavelier,,0,,0.00,
"intelectual,mportancia,propiedad,reconocimiento",mportancia del reconocimiento de la propiedad intelectual,,0,,0.00,
"intelectual,multas,propiedad,violacion",multas por violacion a la propiedad intelectual,,0,,0.00,
"imagenes,intelectual,musica,propiedad",musica imagenes y propiedad intelectual,,0,,0.00,
"cal,gestion,henao,intelectual,monica,propiedad",mónica henao calad gestión de la propiedad intelectual,,0,,0.00,
"intelectual,nacimiento,propiedad",nacimiento de la propiedad intelectual,,0,,0.00,
"intelectual,nafta,propiedad",nafta propiedad intelectual,,0,,0.00,
"intelectual,narrador,propiedad,tranquilidad",narrador.de.tu.tranquilo propiedad intelectual,,0,,0.00,
"intelectual,juridica,naturaleza,propiedad",naturaleza juridica de la propiedad intelectual,,0,,0.00,
"intelectual,juridica,naturaleza,propiedad",naturaleza juridica propiedad intelectual,,0,,0.00,
"colombia,intelectual,juridica,naturaleza,propiedad",naturaleza jurídica de la propiedad intelectual colombia,,0,,0.00,
"intelectual,necesidades,propiedad",necesidad de propiedad intelectual,,0,,0.00,
"intelectual,necesidades,propiedad,proteger",necesidad de proteger propiedad intelectual,,0,,0.00,
"intelectual,libro,necesidades,pdf,propiedad,proteger",necesidad de proteger propiedad intelectual libro pdf,,0,,0.00,
"intelectual,negocio,propiedad,unidos",negociaciones en propiedad intelectual estados unidos,,0,,0.00,
"acpi,asociacion,colombiano,intelectual,nit,propiedad",nit acpi asociacion colombiana de la propiedad intelectual,,0,,0.00,
"intelectual,invento,nivel,propiedad",nivel inventivo propiedad intelectual,,0,,0.00,
"intelectual,nivel,propiedad",niveles de propiedad intelectual,,0,,0.00,
"intelectual,nivel,propiedad,proteccion",niveles de proteccion de la propiedad intelectual,,0,,0.00,
"intelectual,nivel,propiedad,proteccion",niveles de protección de la propiedad intelectual,,0,,0.00,
"caer,facebook,infracciones,intelectual,propiedad",no caer en infraccion propiedad intelectual facebook,,0,,0.00,
"cumplimiento,intelectual,normatividad,propiedad",no cumplimiento de la normatividad de la propiedad intelectual,,0,,0.00,
"intelectual,propiedad,tradicional",no es una propiedad intelectual no tradicional,,0,,0.00,
"adecuado,derecho,garantizar,intelectual,propiedad",no garantizar adecuadamente los derechos de propiedad intelectual,,0,,0.00,
"intelectual,propiedad,respeto",no respetaron propiedad intelectual,,0,,0.00,
"intelectual,propiedad,respeto,telecomunicaciones",no respetaron propiedad intelectual en telecomunicaciones,,0,,0.00,
"demanda,ejecutivo,intelectual,nodelo,propiedad",nodelo demanda ejecutiva de propiedad intelectual,,0,,0.00,
"demanda,intelectual,nodelo,propiedad",nodelo demanda propiedad intelectual,,0,,0.00,
"colombia,comercial,intelectual,nombre,propiedad",nombre comercial propiedad intelectual colombia,,0,,0.00,
"intelectual,marca,nomenclar,propiedad",nomencladores de marcas propiedad intelectual,,0,,0.00,
"autores,derecho,intelectual,nomona,propiedad",nomono derechos de autor y propiedad intelectual,,0,,0.00,
"autores,derecho,intelectual,nooticias,propiedad,relacion",nooticias relacionadas con derechos de autor y propiedad intelectual,,0,,0.00,
"2000,603,intelectual,normas,propiedad",norma 603 del 2000 propiedad intelectual,,0,,0.00,
"colombia,intelectual,normas,propiedad",norma de propiedad intelectual colombia,,0,,0.00,
"colombia,intelectual,normas,propiedad",norma de propiedad intelectual en colombia,,0,,0.00,
"colombia,intelectual,normas,propiedad,reglamento",norma que reglamenta la propiedad intelectual en colombia,,0,,0.00,
"colombia,intelectual,normas,propiedad,reglamento",norma que reglamento la propiedad intelectual en colombia,,0,,0.00,
"intelectual,normas,propiedad,regular",norma que regula la propiedad intelectual,,0,,0.00,
"intelectual,normas,propiedad",norma sobre propiedad intelectual,,0,,0.00,
"apa,intelectual,normas,propiedad",normas apa propiedad intelectual,,0,,0.00,
"apa,intelectual,normas,propiedad",normas apa y de propiedad intelectual,,0,,0.00,
"apa,intelectual,normas,propiedad",normas apa y la propiedad intelectual,,0,,0.00,
"competencias,intelectual,normas,propiedad",normas de competencia y de propiedad intelectual,,0,,0.00,
"3d,competencias,impresion,intelectual,normas,propiedad",normas de competencia y de propiedad intelectual impresion en 3d,,0,,0.00,
"competencias,intelectual,internacionales,normas,propiedad",normas de competencia y de propiedad intelectual internacionales,,0,,0.00,
"competencias,intelectual,normas,propiedad",normas de competencia y propiedad intelectual,,0,,0.00,
"definicion,intelectual,normas,propiedad",normas de propiedad intelectual definicion,,0,,0.00,
"digital,intelectual,marketing,normas,propiedad",normas de propiedad intelectual en el marketing digital,,0,,0.00,
"contrato,intelectual,internacional,normas,propiedad",normas de propiedad intelectual en un contrato internacional,,0,,0.00,
"autores,derecho,intelectual,normas,propiedad",normas de propiedad intelectual y derecho de autor,,0,,0.00,
"autores,colombia,derecho,intelectual,normas,propiedad",normas de propiedad intelectual y derechos de autor colombia,,0,,0.00,
"existencia,intelectual,normas,propiedad",normas existentes de propiedad intelectual,,0,,0.00,
"intelectual,internacionales,normas,propiedad",normas internacionales de propiedad intelectual,,0,,0.00,
"intelectual,juridica,normas,propiedad",normas juridicas sobre la propiedad intelectual,,0,,0.00,
"autores,derecho,intelectual,legal,normas,propiedad",normas legales sobre propiedad intelectual y derechos de autor,,0,,0.00,
"colombia,intelectual,legal,normas,propiedad,vigente",normas legales vigentes en colombia para la propiedad intelectual,,0,,0.00,
"intelectual,normas,propiedad",normas propiedad intelectual,,0,,0.00,
"colombia,intelectual,normas,propiedad",normas propiedad intelectual colombia,,0,,0.00,
"intelectual,normas,propiedad,proteger",normas que protegen la propiedad intelectual,,0,,0.00,
"colombia,intelectual,normas,propiedad,rige",normas que rigen la propiedad intelectual en colombia,,0,,0.00,
"intelectual,normas,propiedad,relacion,semillas",normas relacionadas con la propiedad intelectual sobre semillas,,0,,0.00,
"intelectual,normas,propiedad",normas sobre propiedad intelectual,,0,,0.00,
"colombia,intelectual,normas,propiedad",normas sobre propiedad intelectual en colombia,,0,,0.00,
"aportes,intelectual,normas,propiedad,seguridad,social",normas sobre propiedad intelectual y aportes a seguridad social,,0,,0.00,
"autores,derecho,intelectual,normas,propiedad",normas sobre propiedad intelectual y derechos de autor,,0,,0.00,
"autores,colombia,derecho,intelectual,normas,propiedad",normas sobre propiedad intelectual y derechos de autor en colombia,,0,,0.00,
"derecho,intelectual,normas,propiedad,supranacionales",normas supranacionales de los derechos de la propiedad intelectual,,0,,0.00,
"derecho,intelectual,normas,propiedad,supranacionales",normas supranacionales de los derechos de propiedad intelectual,,0,,0.00,
"intelectual,normas,propiedad,vigente",normas vigentes de la propiedad intelectual,,0,,0.00,
"derecho,intelectual,normas,propiedad",normas y derechos de la propiedad intelectual,,0,,0.00,
"colombia,intelectual,normatividad,propiedad",normativa de colombia sobre la propiedad intelectual,,0,,0.00,
"derecho,intelectual,normatividad,propiedad",normativa derecho a la propiedad intelectual,,0,,0.00,
"colectiva,creacion,derecho,intelectual,normatividad,propiedad",normativa derecho a la propiedad intelectual creaciones colectivas,,0,,0.00,
"etica,intelectual,normatividad,propiedad",normativa etica para propiedad intelectual,,0,,0.00,
"intelectual,internacional,normatividad,propiedad",normativa internacional sobre propiedad intelectual,,0,,0.00,
"colombia,intelectual,normatividad,promueve,propiedad,proteger",normativa que promueve y protege la propiedad intelectual en colombia,,0,,0.00,
"colombia,intelectual,normatividad,propiedad,referencia",normativa referente a propiedad intelectual en colombia,,0,,0.00,
"intelectual,normatividad,propiedad",normativas de la propiedad intelectual,,0,,0.00,
"colombiano,intelectual,manejo,normatividad,propiedad",normatividad colombiana de manejo de propiedad intelectual,,0,,0.00,
"colombiano,intelectual,manejo,normatividad,propiedad",normatividad colombiano de manejo de propiedad intelectual,,0,,0.00,
"autores,colombia,derecho,intelectual,normatividad,propiedad",normatividad de derechos de autor y propiedad intelectual en colombia,,0,,0.00,
"intelectual,normatividad,propiedad",normatividad de la propiedad intelectual,,0,,0.00,
"colombia,intelectual,normatividad,propiedad",normatividad de la propiedad intelectual en colombia,,0,,0.00,
"intelectual,manejo,normatividad,propiedad",normatividad de manejo de propiedad intelectual,,0,,0.00,
"colombia,intelectual,manejo,normatividad,propiedad",normatividad de manejo de propiedad intelectual en colombia,,0,,0.00,
"intelectual,normatividad,propiedad",normatividad de propiedad intelectual,,0,,0.00,
"intelectual,normatividad,pagina,productos,propiedad,vender,web",normatividad de propiedad intelectual de paginas web que venden productos,,0,,0.00,
"brasil,intelectual,normatividad,propiedad",normatividad de propiedad intelectual en brasil,,0,,0.00,
"colombia,intelectual,normatividad,propiedad",normatividad de propiedad intelectual en colombia,,0,,0.00,
"intelectual,normatividad,propiedad,uruguay",normatividad de propiedad intelectual en uruguay,,0,,0.00,
"imagen,intelectual,normatividad,propiedad",normatividad de propiedad intelectual imagen,,0,,0.00,
"espacio,intelectual,normatividad,posesión,propiedad,publico,tierra",normatividad de propiedad intelectual posesión de tierras y espacio publico,,0,,0.00,
"espacio,intelectual,normatividad,posesión,propiedad,publico,tierra",normatividad de propiedad intelectual posesión de tierras y espacio público,,0,,0.00,
"intelectual,normatividad,propiedad",normatividad de propiedad intelectual que es,,0,,0.00,
"colombia,intelectual,normatividad,propiedad,venta",normatividad de venta de propiedad intelectual en colombia,,0,,0.00,
"derecho,intelectual,normatividad,propiedad",normatividad derecho a la propiedad intelectual,,0,,0.00,
"colombia,intelectual,normatividad,propiedad",normatividad en colombia sobre la propiedad intelectual,,0,,0.00,
"intelectual,investigación,normatividad,propiedad,proyecto",normatividad en propiedad intelectual proyectos de investigación,,0,,0.00,
"colombia,existencia,intelectual,normatividad,propiedad",normatividad existente en colombia de propiedad intelectual,,0,,0.00,
"intelectual,normatividad,propiedad",normatividad propiedad intelectual,,0,,0.00,
"colombia,intelectual,normatividad,propiedad",normatividad propiedad intelectual colombia,,0,,0.00,
"intelectual,marca,normatividad,propiedad,registro",normatividad registro de marca propiedad intelectual,,0,,0.00,
"intelectual,marca,normatividad,patente,propiedad,registro",normatividad registro de marca propiedad intelectual y patentes,,0,,0.00,
"colombia,intelectual,marca,normatividad,propiedad,registro",normatividad registro de marca y propiedad intelectual colombia,,0,,0.00,
"derecho,intelectual,normatividad,propiedad",normatividad sobre derechos de propiedad intelectual,,0,,0.00,
"autores,colombia,derecho,intelectual,normatividad,propiedad",normatividad sobre derechos del autor y propiedad intelectual de colombia,,0,,0.00,
"autores,colombia,derechosde,intelectual,normatividad,propiedad",normatividad sobre derechosde autor y propiedad intelectual en colombia,,0,,0.00,
"intelectual,normatividad,propiedad,seguridad",normatividades de seguridad de la propiedad intelectual,,0,,0.00,
"intelectual,not,propiedad",nota de propiedad intelectual,,0,,0.00,
"grado,intelectual,not,propiedad,proyecto",nota de propiedad intelectual para proyectos de grado,,0,,0.00,
"intelectual,not,propiedad",nota propiedad intelectual,,0,,0.00,
"intelectual,not,plan,propiedad",notas en planos sobre propiedad intelectual,,0,,0.00,
"arquitectonico,intelectual,not,plan,poner,propiedad",notas que poner propiedad intelectual de planos arquitectonicos,,0,,0.00,
"arquitectura,intelectual,not,plan,poner,propiedad",notas que poner propiedad intelectual de planos arquitectura,,0,,0.00,
"intelectual,noticias,propiedad",noticia sobre propiedad intelectual,,0,,0.00,
"abuso,intelectual,noticias,propiedad",noticias de abuso a propiedad intelectual,,0,,0.00,
"2019,intelectual,noticias,propiedad",noticias de propiedad intelectual 2019,,0,,0.00,
"hoy,intelectual,noticias,propiedad",noticias de propiedad intelectual de hoy,,0,,0.00,
"chile,intelectual,noticias,propiedad",noticias de propiedad intelectual en chile,,0,,0.00,
"intelectual,mundo,noticias,propiedad",noticias de propiedad intelectual en el mundo,,0,,0.00,
"intelectual,mexico,noticias,propiedad",noticias de propiedad intelectual en mexico,,0,,0.00,
"2018,intelectual,mexico,noticias,propiedad",noticias de propiedad intelectual en mexico 2018,,0,,0.00,
"2019,intelectual,mexico,noticias,propiedad",noticias de propiedad intelectual en mexico 2019,,0,,0.00,
"intelectual,noticias,panama,propiedad",noticias de propiedad intelectual en panama,,0,,0.00,
"guatemala,intelectual,noticias,propiedad",noticias de propiedad intelectual guatemala,,0,,0.00,
"2017,intelectual,noticias,propiedad",noticias propiedad intelectual 2017,,0,,0.00,
"2018,intelectual,noticias,propiedad",noticias propiedad intelectual 2018,,0,,0.00,
"intelectual,noticias,propiedad,recientes",noticias recientes propiedad intelectual,,0,,0.00,
"intelectual,noticias,propiedad,relacion",noticias relacionadas con la propiedad intelectual,,0,,0.00,
"derecho,intelectual,noticias,propiedad",noticias sobre derechos de propiedad intelectual,,0,,0.00,
"2017,intelectual,noticias,propiedad",noticias sobre propiedad intelectual 2017,,0,,0.00,
"2018,intelectual,noticias,propiedad",noticias sobre propiedad intelectual 2018,,0,,0.00,
"acuerdo,intelectual,investigación,ntencion,propiedad,vicedecanatura",ntención de acuerdo de propiedad intelectual vicedecanatura de investigación,,0,,0.00,
"coloniales,intelectual,nueva,propiedad",nueva colonialidad propiedad intelectual,,0,,0.00,
"2017,intelectual,ley,nueva,propiedad",nueva ley de propiedad intelectual 2017,,0,,0.00,
"creacion,intelectual,nueva,propiedad",nuevas creaciones propiedad intelectual,,0,,0.00,
"frontera,intelectual,nueva,objetivos,propiedad",nuevas fronteras del objeto de la propiedad intelectual,,0,,0.00,
"intelectual,nueva,propiedad,tecnologia",nuevas tecnologias propiedad intelectual,,0,,0.00,
"intelectual,nueva,propiedad,tecnologia",nuevas tecnologias y propiedad intelectual,,0,,0.00,
"intelectual,libro,nueva,propiedad",nuevo libro propiedad intelectual,,0,,0.00,
"intelectual,nueva,propiedad,reporte,sic",nuevo reporte de propiedad intelectual de la sic,,0,,0.00,
"dentro,intelectual,nueva,propiedad,tecnologia",nuevos tecnologia dentro de la propiedad intelectual,,0,,0.00,
"intelectual,numeracion,pagina,propiedad,proteccion",numeracion de pagina con proteccion a la propiedad intelectual,,0,,0.00,
"intelectual,numero,propiedad,registro",numero de registro de la propiedad intelectual,,0,,0.00,
"intelectual,numero,propiedad,registro",numero de registro de propiedad intelectual,,0,,0.00,
"argentina,intelectual,numero,propiedad,registro",numero de registro de propiedad intelectual argentina,,0,,0.00,
"consulta,intelectual,numero,propiedad,registro",numero de registro de propiedad intelectual consultas,,0,,0.00,
"intelectual,numero,propiedad,unico",numero unico de propiedad intelectual,,0,,0.00,
"intelectual,nutresa,propiedad",nutresa y la propiedad intelectual,,0,,0.00,
"define,intelectual,nvestigación,propiedad",nvestigue y defina que es la propiedad intelectual,,0,,0.00,
"intelectual,mundial,objetivos,organizacion,propiedad",objetivo de la organizacion mundial de la propiedad intelectual,,0,,0.00,
"general,intelectual,objetivos,propiedad",objetivo general de la propiedad intelectual,,0,,0.00,
"intelectual,objetivos,propiedad,violencia",objetivo violencia a la propiedad intelectual,,0,,0.00,
"abuso,intelectual,objetivos,propiedad",objetivos de abuso de la propiedad intelectual,,0,,0.00,
"intelectual,objetivos,propiedad,pymes",objetivos de la propiedad intelectual de las pymes,,0,,0.00,
"intelectual,objetivos,propiedad,violacion",objetivos de la violacion a la propiedad intelectual,,0,,0.00,
"intelectual,objetivos,propiedad,pymes,trabajo",objetivos de trabajo de la propiedad intelectual de las pymes,,0,,0.00,
"intelectual,mundial,objetivos,ompi,organizaciones,propiedad,wipe",objetivos la organización mundial de la propiedad intelectual ompi-wipo,,0,,0.00,
"intelectual,objetivos,propiedad",objetivos sobre la propiedad intelectual,,0,,0.00,
"derecho,intelectual,objetivos,propiedad",objetivos sobre los derechos de lo propiedad intelectual,,0,,0.00,
"intelectual,objetivos,propiedad",objeto de propiedad intelectual,,0,,0.00,
"intelectual,obligaciones,propiedad",obligaciones de la propiedad intelectual,,0,,0.00,
"diseño,grafica,intelectual,obligaciones,propiedad",obligaciones de la propiedad intelectual en el diseño grafico,,0,,0.00,
"derivada,intelectual,ley,obra,propiedad",obra derivada ley de propiedad intelectual,,0,,0.00,
"intelectual,obra,pdf,propiedad",obra desde la propiedad intelectual pdf,,0,,0.00,
"individules,intelectual,obra,propiedad",obra individula propiedad intelectual,,0,,0.00,
"colombia,encarga,intelectual,obra,propiedad",obra por encargo propiedad intelectual colombia,,0,,0.00,
"intelectual,obra,propiedad",obra propiedad intelectual,,0,,0.00,
"intelectual,obra,propiedad,segun",obra segun la propiedad intelectual,,0,,0.00,
"derivada,intelectual,obra,propiedad",obras derivadas propiedad intelectual,,0,,0.00,
"colombia,derivada,intelectual,obra,propiedad",obras derivadas propiedad intelectual colombia,,0,,0.00,
"intelectual,musicales,obra,propiedad",obras musicales propiedad intelectual,,0,,0.00,
"encarga,intelectual,obra,propiedad",obras por encargo propiedad intelectual,,0,,0.00,
"intelectual,obra,propiedad,proteger",obras protegidas con propiedad intelectual,,0,,0.00,
"intelectual,obra,propiedad,proteger",obras protegidas por la propiedad intelectual,,0,,0.00,
"intelectual,obra,propiedad,proteger",obras protegidas por propiedad intelectual,,0,,0.00,
"autores,colombia,derecho,intelectual,obra,propiedad",obras sobre derechos de autor y propiedad intelectual en colombia,,0,,0.00,
"intelectual,observaciones,propiedad",observancia de la propiedad intelectual,,0,,0.00,
"derecho,intelectual,observaciones,propiedad",observancia de los derechos de propiedad intelectual,,0,,0.00,
"intelectual,obsolescencia,programa,propiedad",obsolescencia programada propiedad intelectual,,0,,0.00,
"intelectual,obtencion,propiedad,vegetal",obtencion vegetal propiedad intelectual,,0,,0.00,
"intelectual,obetivos,obtener,productos,propiedad",obtener la propiedad de intelectual del producto obetivo,,0,,0.00,
"abogado,empleo,intelectual,ofertas,propiedad",oferta empleo abogado propiedad intelectual,,0,,0.00,
"intelectual,ofertas,propiedad,trabajo",ofertas de trabajo propiedad intelectual,,0,,0.00,
"abogado,intelectual,ofertas,propiedad,trabajo",ofertas trabajo abogado propiedad intelectual,,0,,0.00,
"abogado,intelectual,madre,ofertas,propiedad,trabajo",ofertas trabajo abogado propiedad intelectual madrid,,0,,0.00,
"intelectual,offset,propiedad",offsetting propiedad intelectual,,0,,0.00,
"ibague,intelectual,oficiba,propiedad",oficiba de propiedad intelectual ibague,,0,,0.00,
"berna,confederaciones,intelectual,oficina,propiedad",oficina confederal de la propieda intelectual de berna,,0,,0.00,
"confederaciones,intelectual,oficina,propiedad",oficina confederal de la propiedad intelectua,,0,,0.00,
"barcelona,intelectual,oficina,propiedad",oficina de la propiedad intelectual barcelona,,0,,0.00,
"europea,intelectual,oficina,propiedad,union",oficina de la propiedad intelectual de la union europea,,0,,0.00,
"europea,intelectual,oficina,propiedad,union",oficina de la propiedad intelectual de la unión europea,,0,,0.00,
"intelectual,madre,oficina,propiedad",oficina de la propiedad intelectual madrid,,0,,0.00,
"argentina,intelectual,oficina,propiedad",oficina de propiedad intelectual argentina,,0,,0.00,
"australia,intelectual,oficina,propiedad",oficina de propiedad intelectual australia,,0,,0.00,
"brasil,intelectual,oficina,propiedad",oficina de propiedad intelectual brasil,,0,,0.00,
"brasil,intelectual,oficina,propiedad,tasa",oficina de propiedad intelectual brasil tasas,,0,,0.00,
"buscar,chile,empresa,intelectual,oficina,propiedad",oficina de propiedad intelectual chile buscar empresas,,0,,0.00,
"chile,intelectual,oficina,propiedad,tasa",oficina de propiedad intelectual chile tasas,,0,,0.00,
"costo,intelectual,oficina,propiedad,rico",oficina de propiedad intelectual costa rica,,0,,0.00,
"bolivia,intelectual,oficina,propiedad",oficina de propiedad intelectual de bolivia,,0,,0.00,
"cali,intelectual,oficina,propiedad",oficina de propiedad intelectual de cali,,0,,0.00,
"colombia,intelectual,oficina,propiedad",oficina de propiedad intelectual de colombia,,0,,0.00,
"intelectual,oficina,propiedad,unidos",oficina de propiedad intelectual de estados unidos,,0,,0.00,
"europa,intelectual,oficina,propiedad",oficina de propiedad intelectual de europa,,0,,0.00,
"intelectual,oficina,panama,propiedad",oficina de propiedad intelectual de panama,,0,,0.00,
"benelux,intelectual,oficina,propiedad",oficina de propiedad intelectual del benelux,,0,,0.00,
"funcion,intelectual,oficina,propiedad",oficina de propiedad intelectual funciones,,0,,0.00,
"guatemala,intelectual,oficina,propiedad,tasa",oficina de propiedad intelectual guatemala tasas,,0,,0.00,
"intelectual,mexico,oficina,propiedad",oficina de propiedad intelectual mexico,,0,,0.00,
"intelectual,oficina,paraguay,propiedad",oficina de propiedad intelectual paraguay,,0,,0.00,
"arancel,intelectual,oficina,paraguay,propiedad",oficina de propiedad intelectual paraguay aranceles,,0,,0.00,
"intelectual,oficina,paraguay,propiedad,tasa",oficina de propiedad intelectual paraguay tasas,,0,,0.00,
"intelectual,oficina,pereira,propiedad",oficina de propiedad intelectual pereira,,0,,0.00,
"intelectual,oficina,propiedad,unal",oficina de propiedad intelectual unal,,0,,0.00,
"intelectual,oficina,propiedad,uruguay",oficina de propiedad intelectual uruguay,,0,,0.00,
"intelectual,oficina,propiedad,usa",oficina de propiedad intelectual usa,,0,,0.00,
"intelectual,oficina,propiedad,tasa,venezuela",oficina de propiedad intelectual venezuela tasas,,0,,0.00,
"colombia,intelectual,oficina,propiedad,registro",oficina de registro de propiedad intelectual colombia,,0,,0.00,
"autores,derecho,intelectual,oficina,propiedad",oficina derechos de autor y propiedad intelectual,,0,,0.00,
"europea,intelectual,oficina,propiedad",oficina europea de la propiedad intelectual,,0,,0.00,
"europea,intelectual,oficina,propiedad",oficina europea de propiedad intelectual,,0,,0.00,
"intelectual,oficina,propiedad,virtual",oficina virtual de propiedad intelectual,,0,,0.00,
"intelectual,oficina,patente,propiedad",oficinas de patentes y propiedad intelectual,,0,,0.00,
"europea,intelectual,ofiina,propiedad",ofiina europea de propiedad intelectual,,0,,0.00,
"cavendish,intelectual,ohm,propiedad,vs",ohm vs cavendish propiedad intelectual,,0,,0.00,
"intelectual,oit,propiedad",oit y propiedad intelectual,,0,,0.00,
"derecho,entiende,intelectual,omc,propiedad",omc qué se entiende por derechos de propiedad intelectual,,0,,0.00,
"101,basico,curso,dl,intelectual,ompi,propiedad",ompi curso basico de propiedad intelectual dl-101,,0,,0.00,
"101,2019,curso,dl,general,intelectual,ompi,propiedad",ompi curso general de propiedad intelectual dl 101 2019,,0,,0.00,
"101,2018,curso,dl,general,intelectual,ompi,propiedad",ompi curso general de propiedad intelectual dl-101 2018,,0,,0.00,
"curso,intelectual,ompi,propiedad,virtual",ompi curso virtual propiedad intelectual,,0,,0.00,
"intelectual,mundial,ompi,organizaciones,propiedad,sildeshare",ompi organización mundial de la propiedad intelectual sildeshare,,0,,0.00,
"intelectual,mundial,ompi,organizaciones,propiedad",ompi organización mundial de propiedad intelectual,,0,,0.00,
"intelectual,ompi,propiedad",ompi que es propiedad intelectual,,0,,0.00,
"450,intelectual,n,ompi,propiedad,publico",ompi qué es la propiedad intelectual publicación n 450 s,,0,,0.00,
"autores,derecho,intelectual,oncepto,plagio,propiedad",onceptos de propiedad intelectual derecho de autor y plagio,,0,,0.00,
"debe,existen,intelectual,onsidera,propiedad",onsideras que debe existir la propiedad intelectual por qué,,0,,0.00,
"comite,intelectual,onu,propiedad",onu comite propiedad intelectual,,0,,0.00,
"intelectual,onu,propiedad",onu propiedad intelectual,,0,,0.00,
"derecho,intelectual,onu,propiedad",onu y derechos de propiedad intelectual,,0,,0.00,
"intelectual,operaciones,propiedad",operadores de la propiedad intelectual,,0,,0.00,
"colombia,intelectual,operaciones,propiedad",operadores de la propiedad intelectual colombia,,0,,0.00,
"autores,cientifico,dederecho,intelectual,opinie,propiedad,publico",opinio dederechos de autor y propiedad intelectual en publicaciones científicas,,0,,0.00,
"intelectual,l,opiniones,propiedad",opinion de l estado de la propiedad intelectual,,0,,0.00,
"intelectual,opiniones,propiedad",opinion de propiedad intelectual,,0,,0.00,
"intelectual,opiniones,propiedad",opinion sobre la propiedad intelectual,,0,,0.00,
"derecho,expert,intelectual,opiniones,propiedad",opiniones de expertos sobre los derechos de propiedad intelectual,,0,,0.00,
"encontrar,intelectual,opiniones,propiedad",opiniones encontra sobre la propiedad intelectual,,0,,0.00,
"intelectual,opmi,propiedad",opmi qué es la propiedad intelectual,,0,,0.00,
"intelectual,oponibilidad,propiedad",oponibilidad de la propiedad intelectual,,0,,0.00,
"intelectual,oposicion,propiedad",oposicion propiedad intelectual,,0,,0.00,
"intelectual,oraciones,propiedad",oracion con propiedad intelectual,,0,,0.00,
"intelectual,oraciones,presente,propiedad,simple",oracion en presente simple con propiedad intelectual,,0,,0.00,
"intelectual,organigrama,propiedad",organigrama de propiedad intelectual,,0,,0.00,
"colombia,intelectual,manejo,organos,propiedad",organismo en colombia que maneja la propiedad intelectual,,0,,0.00,
"colombia,intelectual,organos,propiedad,regular",organismo que regula la propiedad intelectual en colombia,,0,,0.00,
"intelectual,internacionales,organos,propiedad",organismos internacionales de la propiedad intelectual,,0,,0.00,
"intelectual,internacionales,organos,propiedad",organismos internacionales de propiedad intelectual,,0,,0.00,
"intelectual,internacionales,organos,propiedad,proteger",organismos internacionales que protegen la propiedad intelectual,,0,,0.00,
"apoyo,colombia,intelectual,organos,propiedad",organismos que apoyan la propiedad intelectual en colombia,,0,,0.00,
"intelectual,nacional,organizacion,propiedad,unidos",organizacion de las naciones unidas para la propiedad intelectual,,0,,0.00,
"institucion,intelectual,organizacion,propiedad,sistema",organizacion institucional del sistema de propiedad intelectual,,0,,0.00,
"instutucion,intelectual,organizacion,propiedad,sistema",organizacion instutucional del sistema de propiedad intelectual,,0,,0.00,
"blue,cafe,intelectual,montaigne,mundial,organizacion,propiedad",organizacion mundial de la propiedad intelectual cafe blu montaigne,,0,,0.00,
"blue,cafe,intelectual,montain,mundial,organizacion,propiedad",organizacion mundial de la propiedad intelectual cafe blu montaine,,0,,0.00,
"cafe,intelectual,jamaica,mundial,organizacion,propiedad",organizacion mundial de la propiedad intelectual cafe de jamaica,,0,,0.00,
"colombia,intelectual,mundial,organizacion,propiedad",organizacion mundial de la propiedad intelectual en colombia,,0,,0.00,
"funcion,intelectual,mundial,organizacion,propiedad",organizacion mundial de la propiedad intelectual funciones,,0,,0.00,
"historia,intelectual,mundial,organizacion,propiedad",organizacion mundial de la propiedad intelectual historia,,0,,0.00,
"intelectual,mision,mundial,organizacion,propiedad,vision",organizacion mundial de la propiedad intelectual mision y vision,,0,,0.00,
"intelectual,mundial,organizacion,propiedad,trata",organizacion mundial de la propiedad intelectual tratado,,0,,0.00,
"intelectual,mundial,organizacion,propiedad,vision",organizacion mundial de la propiedad intelectual vision,,0,,0.00,
"intelectual,mundial,organizacion,pdf,propiedad",organizacion mundial de propiedad intelectual pdf,,0,,0.00,
"2015,intelectual,mundial,organizacion,pdf,propiedad",organizacion mundial de propiedad intelectual pdf 2015,,0,,0.00,
"comercial,intelectual,mundial,organizacion,propiedad",organizacion mundial del comercio propiedad intelectual,,0,,0.00,
"intelectual,mundial,organizacion,propiedad",organizacion mundial del propiedad intelectual,,0,,0.00,
"intelectual,mundial,organizacion,propiedad",organizacion mundial para la propiedad intelectual,,0,,0.00,
"informacion,intelectual,mundial,organizacion,propiedad",organizacion mundial propiedad intelectual informacion,,0,,0.00,
"intelectual,organizacion,propiedad,proteccion",organizacion para la proteccion de la propiedad intelectual,,0,,0.00,
"america,intelectual,organizacion,propiedad",organizacion propiedad intelectual america,,0,,0.00,
"america,intelectual,organizacion,propiedad,sur",organizacion propiedad intelectual sur america,,0,,0.00,
"intelectual,organizaciones,propiedad",organizaciones de propiedad intelectual,,0,,0.00,
"encarga,intelectual,organizaciones,propiedad",organizaciones encargadas de la propiedad intelectual,,0,,0.00,
"colombia,encarga,intelectual,organizaciones,propiedad",organizaciones encargadas de la propiedad intelectual colombia,,0,,0.00,
"intelectual,internacionales,organizaciones,propiedad",organizaciones internacionales de propiedad intelectua,,0,,0.00,
"intelectual,organizaciones,propiedad,proteger",organizaciones que protegen la propiedad intelectual,,0,,0.00,
"intelectual,organizaciones,propiedad,regular",organizaciones reguladoras de la propiedad intelectual,,0,,0.00,
"colombia,intelectual,organizaciones,propiedad,regular",organizaciones reguladoras de la propiedad intelectual en colombia,,0,,0.00,
"intelectual,organizaciones,propiedad",organización de propiedad intelectual,,0,,0.00,
"institucion,intelectual,organizaciones,propiedad,sistema",organización institucional del sistema de propiedad intelectual,,0,,0.00,
"diapositivas,institucion,intelectual,organizaciones,propiedad,sistema",organización institucional del sistema de propiedad intelectual diapositivas,,0,,0.00,
"10,11,2016,intelectual,mundial,organizaciones,propiedad,págs",organización mundial de la propiedad intelectual 2016 págs 10-11,,0,,0.00,
"ginebra,intelectual,mundial,organizaciones,propiedad",organización mundial de la propiedad intelectual ginebra,,0,,0.00,
"intelectual,mundial,objetivos,ompi,organizaciones,propiedad",organización mundial de la propiedad intelectual ompi objetivo,,0,,0.00,
"intelectual,miembros,mundial,organizaciones,paises,propiedad",organización mundial de la propiedad intelectual paises miembros,,0,,0.00,
"intelectual,mundial,organizaciones,propiedad",organización mundial de la propiedad intelectual que es,,0,,0.00,
"intelectual,mundial,organizaciones,propiedad,wipe",organización mundial de la propiedad intelectual wipo,,0,,0.00,
"colombia,intelectual,mundial,organizaciones,propiedad",organización mundial de propiedad intelectual colombia,,0,,0.00,
"comercial,intelectual,mundial,organizaciones,propiedad",organización mundial del comercio propiedad intelectual,,0,,0.00,
"colomnia,encarga,intelectual,organos,propiedad",organo encargado de la propiedad intelectual de colomnia,,0,,0.00,
"derecho,historia,intelectual,origen,propiedad",origen o historia del derecho sobre propiedad intelectual,,0,,0.00,
"evolucion,intelectual,mundo,origen,propiedad",origen y evolucion de la propiedad intelectual en el mundo,,0,,0.00,
"concepto,evolución,historico,intelectual,origen,propiedad",origen y evolución histórica del concepto propiedad intelectual,,0,,0.00,
"intelectual,origenes,propiedad",origenes de a propiedad intelectual,,0,,0.00,
"intelectual,origenes,propiedad",origenes de la propiedad de la propiedad intelectual,,0,,0.00,
"intelectual,origenes,propiedad,tierra",origenes de la propiedad de la tierrad intelectual,,0,,0.00,
"1400,intelectual,origenes,propiedad",origenes de la propiedad intelectual antes del 1400,,0,,0.00,
"contenido,intelectual,origenes,propiedad",origenes de los contenidos propiedad intelectual,,0,,0.00,
"intelectual,origenes,propiedad",origenes propiedad intelectual,,0,,0.00,
"intelectual,ornamentales,propiedad",ornamentalidad propiedad intelectual,,0,,0.00,
"intelectual,orquidea,propiedad",orquidea como propiedad intelectual,,0,,0.00,
"intelectual,lizarazo,nacional,oscar,propiedad,universidad",oscar lizarazo propiedad intelectual universidad nacional,,0,,0.00,
"intelectual,otamendi,propiedad",otamendi propiedad intelectual,,0,,0.00,
"5,intelectual,mundial,organizaciones,p,propiedad",p.5 organización mundial de la propiedad intelectual,,0,,0.00,
"andres,delgado,intelectual,pablo,propiedad,udea",pablo andres delgado udes propiedad intelectual,,0,,0.00,
"andina,intelectual,pacto,propiedad",pacto andino sobre propiedad intelectual,,0,,0.00,
"colombia,intelectual,pacto,propiedad",pacto de propiedad intelectual colombia,,0,,0.00,
"intelectual,pago,propiedad",pagar por propiedad intelectual,,0,,0.00,
"intelectual,mundial,organizacion,pagina,propiedad",pagina de la organizacion mundial de la propiedad intelectual,,0,,0.00,
"intelectual,pagina,propiedad",pagina de la propiedad intelectual,,0,,0.00,
"intelectual,pago,propiedad",pago de propiedad intelectual,,0,,0.00,
"bermudas,intelectual,pago,propiedad",pago de propiedad intelectual bermudas,,0,,0.00,
"intelectual,pago,propiedad,regalias",pago de regalias sobre propiedad intelectual,,0,,0.00,
"accion,intelectual,pagoda,propiedad",pagod e acciones con propiedad intelectual,,0,,0.00,
"capacitacion,intelectual,paises,propiedad",paises con capacitacion en propiedad intelectual,,0,,0.00,
"intelectual,paises,propiedad",paises donde no hay propiedad intelectual,,0,,0.00,
"intelectual,miembros,mundial,organizacion,paises,propiedad",paises miembros de la organizacion mundial de la propiedad intelectual,,0,,0.00,
"intelectual,legalizar,necesario,papel,propiedad",papeles necesarios para legalizar una propiedad intelectual,,0,,0.00,
"actividades,empresa,intelectual,monetizar,propiedad,puede",para monetizar sus activos de propiedad intelectual las empresas pueden,,0,,0.00,
"intelectual,logo,propiedad,proteger",para proteger un logo en propiedad intelectual,,0,,0.00,
"intelectual,propiedad,registro,sirve",para que sirve el registro de propiedad intelectual,,0,,0.00,
"intelectual,propiedad,proteccion,sirve",para que sirve la protección de la propiedad intelectual,,0,,0.00,
"humano,intelectual,propiedad,proteccion,sirve",para que sirve la protección de la propiedad intelectual humanidad,,0,,0.00,
"derecho,intelectual,propiedad,sirve",para que sirven los derechos de propiedad intelectual,,0,,0.00,
"derecho,intelectual,propiedad",para que son los derechos de propiedad intelectual,,0,,0.00,
"cuenta,intelectual,propiedad,tener",para tener en cuenta en propiedad intelectual,,0,,0.00,
"intelectual,propiedad,proteccion,tener",para tener la proteccion de la propiedad intelectual,,0,,0.00,
"debe,intelectual,obra,propiedad,registro,tener",para tener propiedad intelectual debe registrar la obra,,0,,0.00,
"intelectual,ley,paraguay,principales,propiedad",paraguay principales leyes sobre propiedad intelectual,,0,,0.00,
"intelectual,parametros,propiedad,revista",parametros propiedad intelectual en revistas,,0,,0.00,
"intelectual,parcial,propiedad",parcial sobre propiedad intelectual,,0,,0.00,
"autores,derecho,intelectual,parcial,propiedad",parciales son derechos de autor y propiedad intelectual,,0,,0.00,
"actual,intelectual,paris,propiedad",paris propiedad intelectual actual,,0,,0.00,
"andina,intelectual,parlamento,propiedad",parlamento andino propiedad intelectual,,0,,0.00,
"intelectual,parodia,propiedad",parodia propiedad intelectual,,0,,0.00,
"intelectual,parrafo,propiedad",parrafo de propiedad intelectual,,0,,0.00,
"intelectual,libro,parrafo,propiedad",parrafos propiedad intelectual libros,,0,,0.00,
"intelectual,participación,propiedad,trabajo",participación de un trabajador en propiedad intelectual,,0,,0.00,
"ingreso,intelectual,participación,propiedad",participación en ingresos por propiedad intelectual,,0,,0.00,
"intelectual,pasante,propiedad",pasante de propiedad intelectual,,0,,0.00,
"intelectual,pasante,propiedad",pasante propiedad intelectual,,0,,0.00,
"2019,bravo,incentivos,intelectual,pascual,propiedad",pascual bravo incentivos propiedad intelectual 2019,,0,,0.00,
"2019,bravo,intelectual,pascual,propiedad,resolución",pascual bravo resolución 2019 propiedad intelectual,,0,,0.00,
"intelectual,paso,propiedad,registro,seguir",pasos a seguir para registrar propiedad intelectual,,0,,0.00,
"intelectual,paso,propiedad,proteccion,tramite",pasos para el tramite de proteccion de la propiedad intelectual,,0,,0.00,
"intelectual,paso,propiedad,proteccion,tramite",pasos para el trámite de protección de la propiedad intelectual,,0,,0.00,
"intelectual,paso,propiedad,proteger",pasos para proteger la propiedad intelectual,,0,,0.00,
"colombia,intelectual,paso,propiedad,proteger",pasos para proteger la propiedad intelectual en colombia,,0,,0.00,
"intelectual,marca,paso,propiedad,register",pasos para registar una marca propiedad intelectual,,0,,0.00,
"intelectual,marca,paso,propiedad,registro",pasos para registrar una marca propiedad intelectual,,0,,0.00,
"colombia,intelectual,paso,propiedad,registro",pasos para registro de propiedad intelectual colombia,,0,,0.00,
"colombia,intelectual,paso,propiedad,proteger",pasos pas proteger la propiedad intelectual en colombia,,0,,0.00,
"intelectual,ley,pataguay,principales,propiedad",pataguay principales leyes sobre propiedad intelectual,,0,,0.00,
"intelectual,patente,propiedad",patente en propiedad intelectual,,0,,0.00,
"intelectual,patente,propiedad",patentes de la propiedad intelectual,,0,,0.00,
"derecho,intelectual,patente,propiedad",patentes derechos de propiedad intelectual,,0,,0.00,
"16,capitulo,intelectual,patente,propiedad",patentes y propiedad intelectual capitulo 16,,0,,0.00,
"colombia,intelectual,patente,propiedad",patentes y propiedad intelectual colombia,,0,,0.00,
"industrial,intelectual,mobiliario,patente,propiedad",patentes y propiedad intelectual de la industria mobiliaria,,0,,0.00,
"colombia,intelectual,patente,propiedad",patentes y propiedad intelectual en colombia,,0,,0.00,
"intelectual,patente,pdf,propiedad",patentes y propiedad intelectual pdf,,0,,0.00,
"intelectual,patente,propiedad,registro",patentes y registro de propiedad intelectual,,0,,0.00,
"derecho,intelectual,morales,patrimoniales,personalised,propiedad",patrimoniales personalisimos y los derechos morales en la propiedad intelectual,,0,,0.00,
"derecho,intelectual,pdf,peru,propiedad",pdf derecho propiedad intelectual perú,,0,,0.00,
"estatuto,intelectual,pdf,propiedad,upb",pdf estatuto de propiedad intelectual upb,,0,,0.00,
"intelectual,ompi,pdf,propiedad",pdf ompi qué es la propiedad intelectual,,0,,0.00,
"intelectual,opmi,pdf,propiedad",pdf opmi qué es la propiedad intelectual,,0,,0.00,
"biodiversidad,intelectual,pdf,propiedad",pdf propiedad intelectual y biodiversidad,,0,,0.00,
"biodiversidad,colombia,intelectual,pdf,propiedad",pdf propiedad intelectual y biodiversidad colombia,,0,,0.00,
"derecho,intelectual,manantial,pelicula,propiedad,vista",pelicula el manantial visto desde el derecho de propiedad intelectual,,0,,0.00,
"ford,intelectual,pelicula,propiedad",pelicula sobre propiedad intelectual ford,,0,,0.00,
"intelectual,pensum,propiedad",pensum propiedad intelectual,,0,,0.00,
"intelectual,perceptibilidad,propiedad",perceptibilidad en la propiedad intelectual,,0,,0.00,
"intelectual,jurisprudencia,perdida,propiedad",perdida de la propiedad intelectual jurisprudencia,,0,,0.00,
"abogado,intelectual,perfil,propiedad",perfil de abogado de propiedad intelectual,,0,,0.00,
"intelectual,perfume,propiedad",perfumes y propiedad intelectual,,0,,0.00,
"intelectual,perito,propiedad",perito propiedad intelectual,,0,,0.00,
"intelectual,permiso,propiedad,uso",permiso para uso de propiedad intelectual,,0,,0.00,
"intelectual,permiso,propiedad,utiliza",permisos para la utilización de la propiedad intelectual,,0,,0.00,
"curso,intelectual,permiso,propiedad,utiliza",permisos para la utilización de la propiedad intelectual de cursos,,0,,0.00,
"encarga,intelectual,personas,propiedad",personas encargadas de la propiedad intelectual,,0,,0.00,
"intelectual,marca,pipe,propiedad",pipos propiedad intelectual marcas,,0,,0.00,
"colombia,intelectual,pirateria,propiedad",pirateria de propiedad intelectual en colombia,,0,,0.00,
"intelectual,pirateria,propiedad",pirateria en propiedad intelectual,,0,,0.00,
"intelectual,pirateria,propiedad,realizar",pirateria que no realiza la propiedad intelectual,,0,,0.00,
"intelectual,pirateria,propiedad",pirateria que no tiene propiedad intelectual,,0,,0.00,
"intelectual,plagio,propiedad",plagio de la propiedad intelectual,,0,,0.00,
"intelectual,plagio,propiedad,sancion",plagio de propiedad intelectual sanciones,,0,,0.00,
"delito,intelectual,plagio,propiedad",plagio delito contra la propiedad intelectual,,0,,0.00,
"intelectual,ley,plagio,propiedad",plagio ley propiedad intelectual,,0,,0.00,
"intelectual,plagio,propiedad",plagio propiedad intelectual,,0,,0.00,
"ecuador,intelectual,plagio,propiedad",plagio propiedad intelectual ecuador,,0,,0.00,
"intelectual,peru,plagio,propiedad",plagio propiedad intelectual peru,,0,,0.00,
"derecho,intelectual,plagio,propiedad",plagio y derechos de propiedad intelectual,,0,,0.00,
"intelectual,pdf,plagio,propiedad",plagio y propiedad intelectual pdf,,0,,0.00,
"intelectual,paso,plan,propiedad",plan de propiedad intelectual paso a paso,,0,,0.00,
"intelectual,plan,propiedad,variedad",plan de variedad propiedad intelectual,,0,,0.00,
"2019,desarrollo,intelectual,nacional,plan,propiedad",plan nacional de desarrollo 2019 propiedad intelectual,,0,,0.00,
"desarrollo,intelectual,nacional,plan,propiedad",plan nacional de desarrollo propiedad intelectual,,0,,0.00,
"closter,contrato,intelectual,plantilla,propiedad,servicio",plantilla de contrato closter de servicios de propiedad intelectual,,0,,0.00,
"diapositivas,intelectual,plantilla,propiedad",plantilla de diapositivas de propiedad intelectual,,0,,0.00,
"intelectual,playstore,propiedad",playstore propiedad intelectual,,0,,0.00,
"claro,intelectual,pleito,propiedad",pleito entre claro y propiedad intelectual,,0,,0.00,
"fedecafe,intelectual,pleito,propiedad",pleito propiedad intelectual fedecafe,,0,,0.00,
"intelectual,pleito,propiedad",pleitos de propiedad intelectual,,0,,0.00,
"agrario,intelectual,pleito,propiedad",pleitos de propiedad intelectual agraria,,0,,0.00,
"2018,agrario,intelectual,pleito,propiedad",pleitos de propiedad intelectual agraria 2018,,0,,0.00,
"cafe,fedecafe,intelectual,pleito,propiedad",pleitos de propiedad intelectual fedecafe y cafe,,0,,0.00,
"intelectual,pley,propiedad",pley de propiedad intelectual,,0,,0.00,
"intelectual,manejo,pmi,propiedad",pmi manejo de propiedad intelectual,,0,,0.00,
"intelectual,pmi,propiedad",pmi propiedad intelectual,,0,,0.00,
"intelectual,policia,propiedad",policia propiedad intelectual,,0,,0.00,
"colombia,intelectual,policia,propiedad",policia propiedad intelectual colombia,,0,,0.00,
"america,intelectual,latino,pdf,politetico,propiedad,universidad",politeticas de propiedad intelectual de universidades de america latina pdf,,0,,0.00,
"colombia,intelectual,politica,propiedad",politica de propiedad intelectual colombia,,0,,0.00,
"empresa,intelectual,politica,propiedad",politica de propiedad intelectual de una empresa,,0,,0.00,
"ejemplos,intelectual,politica,propiedad",politica de propiedad intelectual ejemplos,,0,,0.00,
"colombia,intelectual,politica,propiedad",politica de propiedad intelectual en colombia,,0,,0.00,
"intelectual,latinoamericana,politica,propiedad,universidad",politica de propiedad intelectual en la universidades latinoamericanas,,0,,0.00,
"intelectual,politica,propiedad,universidad",politica de propiedad intelectual universidad,,0,,0.00,
"intelectual,politica,propiedad,universidad,valle",politica de propiedad intelectual universidad del valle,,0,,0.00,
"economica,intelectual,politica,propiedad",politica economica y propiedad intelectual,,0,,0.00,
"intelectual,politica,propiedad",politica propiedad intelectual,,0,,0.00,
"cauca,intelectual,politica,propiedad,universidad",politica propiedad intelectual universidad del cauca,,0,,0.00,
"intelectual,politica,propiedad",politica sobre propiedad intelectual,,0,,0.00,
"codigo,etica,intelectual,politica,propiedad",politica sobre propiedad intelectual codigo de etica,,0,,0.00,
"intelectual,politica,propiedad",politica y propiedad intelectual,,0,,0.00,
"intelectual,politica,propiedad,surinam",politicas de la propiedad intelectual en surinam,,0,,0.00,
"biologico,intelectual,politica,propiedad",politicas de propiedad intelectual biologicos,,0,,0.00,
"colombia,intelectual,politica,propiedad",politicas de propiedad intelectual colombia,,0,,0.00,
"america,intelectual,latino,pdf,politica,propiedad",politicas de propiedad intelectual de america latina pdf,,0,,0.00,
"america,intelectual,latino,pdf,politica,propiedad,universidad",politicas de propiedad intelectual de universidades de america latina pdf,,0,,0.00,
"concurso,intelectual,politica,propiedad",politicas de propiedad intelectual en concurso,,0,,0.00,
"empresa,intelectual,politica,propiedad",politicas de propiedad intelectual en empresa,,0,,0.00,
"biologico,intelectual,politica,propiedad,temas",politicas de propiedad intelectual en temas biologicos,,0,,0.00,
"intelectual,politica,propiedad,universidad",politicas de propiedad intelectual para las universidades,,0,,0.00,
"biologico,intelectual,politica,propiedad,temas,universidad",politicas de propiedad intelectual para las universidades en temas biologicos,,0,,0.00,
"autores,derecho,intelectual,politica,propiedad",politicas de propiedad intelectual y derechos de autor,,0,,0.00,
"ecuatorail,guinea,intelectual,politica,propiedad,proteccion",politicas de proteccion de la propiedad intelectual de guinea ecuatorail,,0,,0.00,
"innovacion,intelectual,politica,propiedad,publico,salud",politicas publicas en propiedad intelectual e innovacion en salud,,0,,0.00,
"conpes,intelectual,politica,propiedad",política de propiedad intelectual conpes,,0,,0.00,
"intelectual,politica,propiedad,rosario,universidad",política de propiedad intelectual de la universidad del rosario,,0,,0.00,
"intelectual,politica,propiedad,usfq",política de propiedad intelectual usfq,,0,,0.00,
"bavaria,intelectual,politica,propiedad,proteccion",políticas de protección de la propiedad intelectual bavaria,,0,,0.00,
"cuanto,intelectual,propiedad,proteger,tiempo",por cuanto tiempo se protege la propiedad intelectual,,0,,0.00,
"debe,intelectual,promover,propiedad,proteger",por que debe promoverse y protegerse la propiedad intelectual,,0,,0.00,
"6,debe,intelectual,promover,propiedad,proteger",por que deben promoverse y protegerse la propiedad intelectual 6,,0,,0.00,
"alguien,importancia,intelectual,propiedad,respeto",por que es importante respetar la propiedad intelectual de alguien,,0,,0.00,
"inportancia,intelectual,propiedad",por que es inportante la propiedad intelectual,,0,,0.00,
"existen,intelectual,propiedad",por que existe la propiedad intelectual,,0,,0.00,
"intelectual,propiedad,robo",por que robo de propiedad intelectual,,0,,0.00,
"convenio,intelectual,llama,propiedad,roma",por que se le llama convenio de roma propiedad intelectual,,0,,0.00,
"debe,intelectual,promover,propiedad,proteger",por qué debe promover y protegerse la propiedad intelectual,,0,,0.00,
"debe,intelectual,promover,propiedad,proteger",por qué debe promoverse y protegerse la propiedad intelectual,,0,,0.00,
"importancia,intelectual,normas,propiedad,respeto",por qué es importante respetar las normas de propiedad intelectual,,0,,0.00,
"intelectual,pib,porcentaje,propiedad",porcentaje de pib de la propiedad intelectual,,0,,0.00,
"intelectual,mongolia,porcentaje,propiedad",porcentaje de propiedad intelectual de mongolia,,0,,0.00,
"intelectual,mundo,patente,porcentaje,propiedad",porcentaje de propiedad intelectual patentes mundo,,0,,0.00,
"colombia,intelectual,pib,porcentaje,propiedad",porcentaje del pib de la propiedad intelectual en colombia,,0,,0.00,
"colombia,intelectual,pdf,pib,porcentaje,propiedad",porcentaje del pib de la propiedad intelectual en colombia pdf,,0,,0.00,
"intelectual,porcentaje,propiedad",porcentaje por propiedad intelectual,,0,,0.00,
"colombia,intelectual,porceso,propiedad,registro",porceso de registro de propiedad intelectual en colombia,,0,,0.00,
"apoyo,intelectual,propiedad",porque apoyar la propiedad intelectual,,0,,0.00,
"6,debe,intelectual,promover,propiedad,proteger",porque debe promoverse y protegerse la propiedad intelectual 6,,0,,0.00,
"debe,intelectual,propiedad,respeto",porque debemos respetar la propiedad intelectual,,0,,0.00,
"acusado,china,eeuu,intelectual,propiedad,robo",porque eeuu acusa a china de robar propiedad intelectual,,0,,0.00,
"colombia,intelectual,propiedad",porque en colombia no hay propiedad intelectual,,0,,0.00,
"colombia,importancia,intelectual,propiedad",porque es importante la propiedad intelectual en colombia,,0,,0.00,
"importancia,intelectual,propiedad,universidad",porque es importante la propiedad intelectual en las universidades,,0,,0.00,
"empresa,importancia,intelectual,propiedad,turisticos",porque es importante la propiedad intelectual para las empresas turisticas,,0,,0.00,
"importancia,intelectual,propiedad,yahoo",porque es importante la propiedad intelectual yahoo,,0,,0.00,
"importancia,intelectual,propiedad,proteccion",porque es importante la proteccion de la propiedad intelectual,,0,,0.00,
"importancia,intelectual,propiedad,repetir",porque es importante repetar la propiedad intelectua,,0,,0.00,
"colombia,informacion,intelectual,poco,propiedad,tan",porque hay tan poca informacion de propiedad intelectual en colombia,,0,,0.00,
"actividades,concidera,intelectual,propiedad",porque la propiedad intelectual es conciderada un activo,,0,,0.00,
"inembargabilidad,intelectual,propiedad",porque la propiedad intelectual es inembargable,,0,,0.00,
"intelectual,mundial,nacido,organizacion,propiedad",porque nace la organizacion mundial de la propiedad intelectual,,0,,0.00,
"cumple,intelectual,normatividad,propiedad",porque no cumplen la normatividad de la propiedad intelectual,,0,,0.00,
"china,dice,intelectual,propiedad,robo,usa",porque usa dice que china roba propiedad intelectual,,0,,0.00,
"estudio,intelectual,libro,portada,propiedad",portada del libro estudios de propiedad intelectual,,0,,0.00,
"atras,estudio,intelectual,libro,partes,portada,propiedad",portada del libro estudios de propiedad intelectual parte de atras,,0,,0.00,
"intelectual,portafolio,propiedad,servicio",portafolio de servicios propiedad intelectual,,0,,0.00,
"derecho,intelectual,portal,propiedad",portal sobre derechos de propiedad intelectual,,0,,0.00,
"argentina,intelectual,posgrados,propiedad",posgrado propiedad intelectual argentina,,0,,0.00,
"colombia,intelectual,posgrados,propiedad",posgrado propiedad intelectual colombia,,0,,0.00,
"intelectual,online,posgrados,propiedad",posgrado propiedad intelectual online,,0,,0.00,
"colombia,intelectual,posgrados,presencia,propiedad,virtual",posgrado propiedad intelectual virtual o presencial colombia,,0,,0.00,
"intelectual,internacionales,posgrados,propiedad",posgrados internacionales en propiedad intelectual,,0,,0.00,
"colombia,intelectual,posgrados,propiedad",posgrados propiedad intelectual colombia,,0,,0.00,
"centro,democratico,intelectual,posicion,propiedad",posicion and propiedad intelectual and centro.democrático,,0,,0.00,
"colombia,cuanto,intelectual,posicion,propiedad",posición de colombia en cuanto a propiedad intelectual,,0,,0.00,
"intelectual,post,propiedad",post propiedad intelectual,,0,,0.00,
"intelectual,muscia,potecion,propiedad",poteción propiedad intelectual muscia,,0,,0.00,
"intelectual,pph,propiedad,sic",pph sic propiedad intelectual,,0,,0.00,
"intelectual,marca,ppt,propiedad",ppt las marcas en la propiedad intelectual,,0,,0.00,
"intelectual,maestria,precio,propiedad",precio maestria propiedad intelectual,,0,,0.00,
"acerca,intelectual,preguntas,propiedad",preguntas acerca de la propiedad intelectual,,0,,0.00,
"intelectual,preguntas,propiedad,reglamento,uniminuto",preguntas del reglamento de propiedad intelectual uniminuto,,0,,0.00,
"frecuentes,intelectual,preguntas,propiedad",preguntas frecuentes propiedad intelectual,,0,,0.00,
"frecuentes,intelectual,preguntas,propiedad,sic",preguntas frecuentes propiedad intelectual sic,,0,,0.00,
"intelectual,preguntas,propiedad",preguntas propiedad intelectual,,0,,0.00,
"intelectual,preguntas,propiedad,tic",preguntas propiedad intelectual y tic,,0,,0.00,
"intelectual,ley,preguntas,propiedad",preguntas sobre la ley de propiedad intelectual,,0,,0.00,
"crucigrama,intelectual,preguntas,propiedad",preguntas sobre propiedad intelectual para crucigrama,,0,,0.00,
"intelectual,preguntas,propiedad,respuestas",preguntas y respuestas de propiedad intelectual,,0,,0.00,
"derecho,intelectual,multiple,preguntas,propiedad,respuestas,seleccion",preguntas y respuestas de seleccion multiple derechos de propiedad intelectual,,0,,0.00,
"intelectual,preguntas,propiedad,respuestas",preguntas y respuestas sobre propiedad intelectual,,0,,0.00,
"colombia,intelectual,preguntas,propiedad,respuestas",preguntas y respuestas sobre propiedad intelectual en colombia,,0,,0.00,
"autores,derecho,intelectual,pdf,presentacion,propiedad",presentacion derechos de autor y propiedad intelectual pdf,,0,,0.00,
"intelectual,presentacion,propiedad",presentacion propiedad intelectual,,0,,0.00,
"colombia,intelectual,presentacion,propiedad",presentacion propiedad intelectual colombia,,0,,0.00,
"acerca,intelectual,presente,propiedad",presentación acerca de propiedad intelectual,,0,,0.00,
"intelectual,presuncion,propiedad",presunciones en propiedad intelectual,,0,,0.00,
"acuerdo,colombia,intelectual,primer,propiedad,ratificados",primer acuerdo de propiedad intelectual ratificados por colombia,,0,,0.00,
"colombia,fim,intelectual,primer,propiedad,trata",primer tratado de propiedad intelectual fimado por colombia,,0,,0.00,
"end,industrial,intelectual,porpiedad,primera,propiedad",primero propiedad intelectual por ende porpiedad industrial,,0,,0.00,
"end,industrial,intelectual,primera,propiedad",primero propiedad intelectual por ende propiedad industrial,,0,,0.00,
"aspectos,colombia,intelectual,principales,propiedad",principales aspectos de la propiedad intelectual en colombia,,0,,0.00,
"derecho,intelectual,principales,propiedad",principales derechos de la propiedad intelectual,,0,,0.00,
"intelectual,normas,principales,propiedad,regular",principales normas que regulan la propiedad intelectual,,0,,0.00,
"intelectual,ley,novedades,principales,propiedad",principales novedades ley propiedad intelectual,,0,,0.00,
"1,intelectual,principios,propiedad",principio 1 propiedad intelectual,,0,,0.00,
"especiales,intelectual,material,principios,propiedad",principio de especialidad en materia de propiedad intelectual,,0,,0.00,
"especiales,intelectual,principios,propiedad",principio de especialidad en propiedad intelectual,,0,,0.00,
"intelectual,principios,propiedad,territoriales",principio de territorialidad en propiedad intelectual,,0,,0.00,
"intelectual,medio,principios,propiedad",principio medio y principio propiedad intelectual,,0,,0.00,
"basico,cosmetios,intelectual,principios,propiedad",principios basicos de la propiedad intelectual cosmeti,,0,,0.00,
"basico,cosmeticos,intelectual,principios,propiedad",principios basicos de la propiedad intelectual en cosmeticos,,0,,0.00,
"intelectual,pdf,principios,propiedad",principios de la propiedad intelectual pdf,,0,,0.00,
"intelectual,material,principios,propiedad,trata",principios de los tratados en materia de propiedad intelectual,,0,,0.00,
"intelectual,navegador,principios,propiedad,seguridad,wedding",principios de seguridad y propiedad intelectual navegar en la wed,,0,,0.00,
"asociados,derecho,intelectual,internacional,principios,propiedad",principios del derecho internacional asociado con propiedad intelectual,,0,,0.00,
"intelectual,material,principios,propiedad",principios en materia de propiedad intelectual,,0,,0.00,
"etica,intelectual,principios,propiedad",principios eticos de la propiedad intelectual,,0,,0.00,
"colombia,etica,intelectual,principios,propiedad",principios eticos de la propiedad intelectual en colombia,,0,,0.00,
"intelectual,legal,peru,principios,propiedad",principios legales propiedad intelectual en peru,,0,,0.00,
"intelectual,principios,propiedad",principios propiedad intelectual,,0,,0.00,
"econmica,intelectual,juridica,proble,propiedad",problas econmico juridicos de la propiedad intelectual,,0,,0.00,
"intelectual,problemas,propiedad,wikipedia",problema de propiedad intelectual wikipedia,,0,,0.00,
"colombia,intelectual,problemas,propiedad",problema en colombia de la propiedad intelectual,,0,,0.00,
"contrato,intelectual,internacionales,juridica,problemas,propiedad",problema juridico con los contratos internacionales de la propiedad intelectual,,0,,0.00,
"intelectual,juridica,problemas,propiedad",problema juridico de la propiedad intelectual,,0,,0.00,
"intelectual,legal,problemas,propiedad,temas",problema legal por temas de propiedad intelectual,,0,,0.00,
"intelectual,problemas,propiedad",problemas con la propiedad intelectual,,0,,0.00,
"intelectual,problemas,propiedad",problemas de la propiedad intelectual,,0,,0.00,
"codigo,desarrollo,intelectual,problemas,propiedad",problemas de la propiedad intelectual en codigos de desarrollo,,0,,0.00,
"informatica,intelectual,problemas,propiedad",problemas de la propiedad intelectual en informática,,0,,0.00,
"intelectual,problemas,propiedad,quindio,semillas",problemas de propiedad intelectual de semillas en el quindío,,0,,0.00,
"economia,intelectual,naranja,problemas,propiedad",problemas de propiedad intelectual en economia naranja,,0,,0.00,
"ecuador,intelectual,problemas,propiedad",problemas de propiedad intelectual en ecuador,,0,,0.00,
"entorno,intelectual,problemas,propiedad,universitaria",problemas de propiedad intelectual en el entorno universitario,,0,,0.00,
"intelectual,problemas,propiedad,red,social",problemas de propiedad intelectual en redes sociales,,0,,0.00,
"empresa,intelectual,problemas,propiedad",problemas de propiedad intelectual entre empresas,,0,,0.00,
"empresa,intelectual,problemas,propiedad,universidad",problemas en la propiedad intelectual entre empresa y universidad,,0,,0.00,
"intelectual,legal,problemas,propiedad",problemas legales por propiedad intelectual,,0,,0.00,
"intelectual,internet,problematica,propiedad",problematica de la propiedad intelectual en internet,,0,,0.00,
"colombia,derecho,intelectual,problematica,propiedad",problematicas de derechos de propiedad intelectual colombia,,0,,0.00,
"intelectual,problematica,propiedad",problematicas de la propiedad intelectual,,0,,0.00,
"actividades,intangibles,intelectual,problematica,propiedad",problemática de los intangibles como activos de propiedad intelectual,,0,,0.00,
"gestion,intelectual,procedimiento,propiedad",procedimiento gestion de la propiedad intelectual,,0,,0.00,
"intelectual,procedimiento,propiedad,registro,venezuela",procedimiento para el registro de la propiedad intelectual en venezuela,,0,,0.00,
"colombia,intelectual,procedimiento,propiedad,registro",procedimiento para registro de propiedad intelectual en colombia,,0,,0.00,
"intelectual,procedimiento,propiedad",procedimiento propiedad intelectual,,0,,0.00,
"administrativo,intelectual,procedimiento,propiedad",procedimientos administrativos en propiedad intelectual,,0,,0.00,
"intelectual,medico,procedimiento,propiedad",procedimientos médicos y propiedad intelectual,,0,,0.00,
"gestion,ie,intelectual,procedimiento,propiedad",procedimientos para gestión de la propiedad intelectual en ies,,0,,0.00,
"intelectual,procedimiento,propiedad,proteger",procedimientos para proteger la propiedad intelectual,,0,,0.00,
"derecho,intelectual,procedimiento,propiedad,valor",procedimientos para valorar los derechos de propiedad intelectual,,0,,0.00,
"colombia,intelectual,proceso,propiedad",proceso de propiedad intelectual colombia,,0,,0.00,
"intelectual,mexico,proceso,propiedad",proceso de propiedad intelectual en mexico,,0,,0.00,
"intelectual,proceso,propiedad,registro",proceso de registro propiedad intelectual,,0,,0.00,
"colombia,intelectual,proceso,propiedad,registro",proceso de registro propiedad intelectual en colombia,,0,,0.00,
"apple,intelectual,judicial,microsoft,proceso,propiedad",proceso judicial de apple contra microsoft por propiedad intelectual,,0,,0.00,
"1988,apple,intelectual,judicial,microsoft,proceso,propiedad",proceso judicial de apple contra microsoft por propiedad intelectual 1988,,0,,0.00,
"intelectual,proceso,propiedad,proteger",proceso para proteger la propiedad intelectual,,0,,0.00,
"colombia,intelectual,proceso,propiedad,proteger",proceso para proteger la propiedad intelectual en colombia,,0,,0.00,
"intelectual,proceso,propiedad,registro",proceso para registro de propiedad intelectual,,0,,0.00,
"intelectual,proceso,propiedad",proceso por propiedad intelectual,,0,,0.00,
"intelectual,proceso,propiedad",proceso propiedad intelectual,,0,,0.00,
"intelectual,negociacion,proceso,propiedad",procesos de negociacion sin propiedad intelectual,,0,,0.00,
"instancia,intelectual,proceso,propiedad,unico",procesos de propiedad intelectual de unica instancia,,0,,0.00,
"colombia,intelectual,proceso,propiedad",procesos de propiedad intelectual en colombia,,0,,0.00,
"colombia,instancia,intelectual,proceso,propiedad,unico",procesos de propiedad intelectual en colombia en unica instancia,,0,,0.00,
"intelectual,proceso,propiedad,universidad",procesos de propiedad intelectual en universidades,,0,,0.00,
"competencias,desleal,intelectual,proceso,propiedad",procesos de propiedad intelectual y de competencia desleal,,0,,0.00,
"competencias,desleal,fuera,intelectual,proceso,propiedad",procesos de propiedad intelectual y de competencia desleal fuero,,0,,0.00,
"intelectual,judiciales,material,proceso,propiedad",procesos judiciales en materia de propiedad intelectual,,0,,0.00,
"colombia,conocimiento,intelectual,mas,proceso,propiedad",procesos mas conocidos de propiedad intelectual en colombia,,0,,0.00,
"intelectual,proceso,propiedad,udea",procesos propiedad intelectual udes,,0,,0.00,
"debe,intelectual,proceso,propiedad,seguridad",procesos que se deben segur para la propiedad intelectual,,0,,0.00,
"intelectual,proceso,propiedad,relatos",procesos relativos a propiedad intelectual,,0,,0.00,
"intelectual,previsto,proceso,propiedad,relatos",procesos relativos a propiedad intelectual previstos,,0,,0.00,
"intelectual,produccion,propiedad",produccion de la propiedad intelectual,,0,,0.00,
"intelectual,produccion,propiedad,tecnologicos",produccion tecnologica y la propiedad intelectual,,0,,0.00,
"bruto,colombia,intelectual,international,productos,propiedad",producto interno bruto en colombia propiedad intelectual,,0,,0.00,
"farmaceutica,intelectual,marca,productos,propiedad",productos farmaceuticos de marca en propiedad intelectual,,0,,0.00,
"farmaceutica,genero,intelectual,productos,propiedad",productos farmaceuticos genericos en propiedad intelectual,,0,,0.00,
"beneficios,intelectual,productos,propiedad",productos que se beneficiaron con la propiedad intelectual,,0,,0.00,
"derecho,intelectual,productos,propiedad,relacion",productos relacionados con derechos de propiedad intelectual,,0,,0.00,
"central,corpoica,intelectual,profesional,propiedad,sede",profesional de propiedad intelectual sede central corpoica,,0,,0.00,
"intelectual,profesionales,propiedad",profesionales en propiedad intelectual,,0,,0.00,
"innovacion,intelectual,profesionales,propiedad",profesionales en propiedad intelectual y la innovacion,,0,,0.00,
"intelectual,profundizacion,propiedad",profundizacion en propiedad intelectual,,0,,0.00,
"externa,intelectual,programa,propiedad,u",programa de propiedad intelectual u externado,,0,,0.00,
"intelectual,programa,propiedad,proteccion",programa de protección de propiedad intelectual,,0,,0.00,
"intelectual,programa,propiedad",programa propiedad intelectual,,0,,0.00,
"colombia,intelectual,programa,propiedad",programa propiedad intelectual colombia,,0,,0.00,
"disponible,empleador,intelectual,prohibido,propiedad,trabajor",prohibido al trabajor disponer sobre la propiedad intelectual del empleador,,0,,0.00,
"articulo,intelectual,propiedad",propieda intelectual articulos,,0,,0.00,
"igual,industrial,intelectual,propiedad",propieda intelectual es igual a propiedad industrial,,0,,0.00,
"intelectual,pib,propiedad",propieda intelectual pib,,0,,0.00,
"intelectual,propiedad,surinam",propieda intelectual surinam,,0,,0.00,
"intelectual,propiedad",propiedaad intelectual,,0,,0.00,
"intelectual,propiedad,violacion",propiedad a violacion intelectual,,0,,0.00,
"ala,intelectual,propiedad,violacion",propiedad ala violacion intelectual,,0,,0.00,
"comunidad,intelectual,perpetuo,propiedad",propiedad comun y propiedad intelectual son perpetuas,,0,,0.00,
"comunidad,intelectual,perpetuo,propiedad",propiedad comun y propiedad intelectual son perpetuos,,0,,0.00,
"allan,brew,industrial,intelectual,propiedad,r",propiedad industrial e intelectual allan r brewer,,0,,0.00,
"chile,industrial,intelectual,propiedad",propiedad industrial e intelectual chile,,0,,0.00,
"codigo,industrial,intelectual,penal,propiedad",propiedad industrial e intelectual codigo penal,,0,,0.00,
"colombia,industrial,intelectual,propiedad",propiedad industrial e intelectual colombia,,0,,0.00,
"colombia,industrial,intelectual,propiedad,slim",propiedad industrial e intelectual colombia que es slim,,0,,0.00,
"constitucion,corte,industrial,intelectual,propiedad",propiedad industrial e intelectual corte constitucional,,0,,0.00,
"industrial,intelectual,productos,propiedad,servicio",propiedad industrial e intelectual de un producto o servicio,,0,,0.00,
"industrial,intelectual,productos,propiedad,servivio",propiedad industrial e intelectual de un producto o servivio,,0,,0.00,
"empresa,industrial,intelectual,propiedad",propiedad industrial e intelectual de una empresa,,0,,0.00,
"definicion,industrial,intelectual,propiedad",propiedad industrial e intelectual definicion,,0,,0.00,
"ejemplos,industrial,intelectual,propiedad",propiedad industrial e intelectual ejemplos,,0,,0.00,
"industrial,intelectual,mismo,propiedad",propiedad industrial e intelectual es lo mismo,,0,,0.00,
"avicola,granja,industrial,intelectual,propiedad,toscana",propiedad industrial e intelectual granja avicola la toscana,,0,,0.00,
"industrial,intelectual,lvcentinvs,propiedad",propiedad industrial e intelectual lvcentinvs,,0,,0.00,
"industrial,intelectual,pdf,propiedad",propiedad industrial e intelectual pdf,,0,,0.00,
"diferencia,industrial,intelectual,pdf,propiedad",propiedad industrial e intelectual pdf diferencias,,0,,0.00,
"industrial,intelectual,png,propiedad",propiedad industrial e intelectual png,,0,,0.00,
"industrial,intelectual,propiedad,ugr",propiedad industrial e intelectual ugr,,0,,0.00,
"industrial,intelectual,propiedad,toxico,unidos,vitro",propiedad industrial e intelectual unidad de toxicidad in vitro,,0,,0.00,
"datos,industrial,intelectual,propiedad,proteccion",propiedad industrial e intelectual y la protección de datos,,0,,0.00,
"industrial,intelectual,ompi,propiedad",propiedad industrial intelectual ompi,,0,,0.00,
"autores,derecho,industrial,intelectual,propiedad",propiedad industrial intelectual y derechos de autor,,0,,0.00,
"industrial,intelectual,propiedad",propiedad industrial propiedad intelectual,,0,,0.00,
"industrial,intelectual,propiedad",propiedad industrial y intelectual,,0,,0.00,
"industrial,intelectual,propiedad",propiedad industrial y la propiedad intelectual,,0,,0.00,
"colombia,industrial,intelectual,propiedad",propiedad industrial y propiedad intelectual en colombia,,0,,0.00,
"intelectual,propiedad",propiedad intelectu,,0,,0.00,
"intelectual,propiedad,red",propiedad intelectua en redes,,0,,0.00,
"intelectual,propiedad",propiedad intelectua que es,,0,,0.00,
"20,años,intelectual,propiedad",propiedad intelectual 20 años,,0,,0.00,
"2003,alca,intelectual,propiedad",propiedad intelectual 2003 alca,,0,,0.00,
"2017,intelectual,propiedad",propiedad intelectual 2017,,0,,0.00,
"2017,intelectual,propiedad,registro",propiedad intelectual 2017 como registrar,,0,,0.00,
"2018,colombia,intelectual,propiedad",propiedad intelectual 2018 en colombia,,0,,0.00,
"2020,intelectual,propiedad",propiedad intelectual 2020,,0,,0.00,
"2020,colombia,intelectual,propiedad",propiedad intelectual 2020 colombia,,0,,0.00,
"80,años,intelectual,propiedad",propiedad intelectual 80 años,,0,,0.00,
"hacer,intelectual,propiedad,referencia",propiedad intelectual a que hace referencia,,0,,0.00,
"abogado,intelectual,propiedad,valledupar",propiedad intelectual abogados valledupar,,0,,0.00,
"academico,intelectual,propiedad",propiedad intelectual academica,,0,,0.00,
"acerca,intelectual,marca,propiedad",propiedad intelectual acerca de marca,,0,,0.00,
"actividades,inactivo,intelectual,propiedad",propiedad intelectual activos inactivos,,0,,0.00,
"actividades,intangibles,intelectual,propiedad",propiedad intelectual activos intangibles,,0,,0.00,
"acuerdo,caribe,colombia,comunidad,intelectual,propiedad",propiedad intelectual acuerdo comunidad del caribe con colombi,,0,,0.00,
"acuerdo,cartagena,intelectual,propiedad",propiedad intelectual acuerdo de cartagena,,0,,0.00,
"adoptar,cnbt,intelectual,propiedad",propiedad intelectual adoptado por cnbt,,0,,0.00,
"adpic,intelectual,propiedad",propiedad intelectual adpic,,0,,0.00,
"aduanas,intelectual,panama,propiedad",propiedad intelectual aduanas panama,,0,,0.00,
"afiche,intelectual,propiedad",propiedad intelectual afiches,,0,,0.00,
"agricola,colombia,intelectual,pdf,propiedad",propiedad intelectual agricola en colombia pdf,,0,,0.00,
"ideas,intelectual,propiedad,propio,registro",propiedad intelectual al registrar ideas propias,,0,,0.00,
"763,alcanzar,intelectual,millones,propiedad",propiedad intelectual alcanzaron los us 763 millones,,0,,0.00,
"alejandro,intelectual,propiedad,toro",propiedad intelectual alejandro toro,,0,,0.00,
"alejandro,intelectual,propiedad,toro,vallejo",propiedad intelectual alejandro toro vallejo,,0,,0.00,
"alianza,empresa,estrategica,intelectual,ong,propiedad",propiedad intelectual alianza estrategica empresa ong,,0,,0.00,
"allan,brew,intelectual,propiedad,r",propiedad intelectual allan r brewer,,0,,0.00,
"america,intelectual,latino,propiedad",propiedad intelectual america latina,,0,,0.00,
"analisis,casa,intelectual,propiedad",propiedad intelectual analisis de casos,,0,,0.00,
"analogo,intelectual,propiedad",propiedad intelectual analogico,,0,,0.00,
"andres,heinemann,intelectual,propiedad",propiedad intelectual andres heinemann,,0,,0.00,
"andres,heinemann,intelectual,propiedad,resumen",propiedad intelectual andres heinemann resumen,,0,,0.00,
"animado,intelectual,propiedad",propiedad intelectual animados,,0,,0.00,
"animado,intelectual,png,propiedad",propiedad intelectual animados png,,0,,0.00,
"intelectual,jurisdiccion,propiedad",propiedad intelectual ante que jurisdiccion,,0,,0.00,
"colombia,intelectual,jurisdiccion,propiedad",propiedad intelectual ante que jurisdiccion colombia,,0,,0.00,
"digital,intelectual,propiedad",propiedad intelectual antes de lo digital,,0,,0.00,
"industrial,intelectual,propiedad",propiedad intelectual antes de propiedad industrial,,0,,0.00,
"antropología,intelectual,propiedad",propiedad intelectual antropología,,0,,0.00,
"análisis,casa,intelectual,propiedad",propiedad intelectual análisis de casos,,0,,0.00,
"apa,intelectual,propiedad",propiedad intelectual apa,,0,,0.00,
"aplicaciones,intelectual,internacionales,propiedad",propiedad intelectual aplica internacionalmente,,0,,0.00,
"aplicaciones,intelectual,movil,propiedad",propiedad intelectual aplicaciones moviles,,0,,0.00,
"aplicaciones,colombia,intelectual,movil,propiedad",propiedad intelectual aplicaciones moviles colombia,,0,,0.00,
"app,intelectual,mexico,propiedad",propiedad intelectual app mexico,,0,,0.00,
"app,intelectual,movil,propiedad",propiedad intelectual app moviles,,0,,0.00,
"app,intelectual,propiedad,web",propiedad intelectual app web,,0,,0.00,
"apple,intelectual,propiedad,sansumg",propiedad intelectual apple y sansumg,,0,,0.00,
"app,intelectual,propiedad",propiedad intelectual apps,,0,,0.00,
"aproximadamente,conceptuales,intelectual,propiedad",propiedad intelectual aproximaciones conceptuales,,0,,0.00,
"argentina,computacion,intelectual,programa,propiedad",propiedad intelectual argentina programas de computacion,,0,,0.00,
"argentina,intelectual,propiedad,registro",propiedad intelectual argentina registro,,0,,0.00,
"artesanias,colombia,intelectual,iraca,palma,productos,propiedad",propiedad intelectual artesania de producto en palma de iraca colombia,,0,,0.00,
"artesanias,colombia,intelectual,iraca,n,palma,propiedad",propiedad intelectual artesania e n palma de iraca colombia,,0,,0.00,
"artesanias,colombia,intelectual,propiedad",propiedad intelectual artesanias colombia,,0,,0.00,
"28,articulo,intelectual,propiedad",propiedad intelectual articulo 28,,0,,0.00,
"535,articulo,intelectual,propiedad",propiedad intelectual articulo 535,,0,,0.00,
"articulo,intelectual,propiedad,revista",propiedad intelectual articulo revista,,0,,0.00,
"artistica,intelectual,propiedad",propiedad intelectual artistica,,0,,0.00,
"asociados,intelectual,material,propiedad,referencia",propiedad intelectual asociada a material de referencia,,0,,0.00,
"aspectos,etica,intelectual,propiedad",propiedad intelectual aspecto etico,,0,,0.00,
"aspectos,etica,intelectual,pdf,propiedad",propiedad intelectual aspecto etico pdf,,0,,0.00,
"aspectos,importancia,intelectual,propiedad",propiedad intelectual aspectos importantes,,0,,0.00,
"australia,intelectual,propiedad",propiedad intelectual australia,,0,,0.00,
"autores,intelectual,propiedad",propiedad intelectual autoría,,0,,0.00,
"azerbaijan,intelectual,propiedad",propiedad intelectual azerbaijan,,0,,0.00,
"azerbaiyán,intelectual,propiedad",propiedad intelectual azerbaiyán,,0,,0.00,
"bajo,intelectual,niif,propiedad",propiedad intelectual bajo niif,,0,,0.00,
"barcelona,intelectual,propiedad",propiedad intelectual barcelona,,0,,0.00,
"base,colombia,constitucion,intelectual,politica,propiedad",propiedad intelectual bases constitucion politica de colombia,,0,,0.00,
"base,datos,intelectual,propiedad",propiedad intelectual bases de datos,,0,,0.00,
"basico,intelectual,propiedad",propiedad intelectual basica,,0,,0.00,
"autores,basico,derecho,intelectual,propiedad",propiedad intelectual basica derechos de autor,,0,,0.00,
"bavaria,intelectual,propiedad",propiedad intelectual bavaria,,0,,0.00,
"bavaria,intelectual,noticias,propiedad",propiedad intelectual bavaria noticias,,0,,0.00,
"bay,intelectual,propiedad",propiedad intelectual bayer,,0,,0.00,
"beneficios,intelectual,propiedad,tributario",propiedad intelectual beneficios tributarios,,0,,0.00,
"beps,intelectual,propiedad",propiedad intelectual beps,,0,,0.00,
"betamax,fair,intelectual,propiedad,use",propiedad intelectual betamax fair use,,0,,0.00,
"bien,intelectual,mercancías,privada,propiedad,publico",propiedad intelectual bienes públicos o mercancías privadas,,0,,0.00,
"big,datos,intelectual,propiedad",propiedad intelectual big data,,0,,0.00,
"biodiversidad,derecho,indigenas,intelectual,propiedad",propiedad intelectual biodiversidad y derechos indigenas,,0,,0.00,
"bionantecnologia,intelectual,propiedad",propiedad intelectual bionantecnologia,,0,,0.00,
"blogspot,como,intelectual,propiedad",propiedad intelectual blogspot.com,,0,,0.00,
"bogota,intelectual,propiedad",propiedad intelectual bogota,,0,,0.00,
"bolsa,guayu,intelectual,propiedad",propiedad intelectual bolsos guayu,,0,,0.00,
"bratz,intelectual,propiedad",propiedad intelectual bratz,,0,,0.00,
"bucaramanga,intelectual,propiedad",propiedad intelectual bucaramanga,,0,,0.00,
"bucaramanga,camara,comercial,intelectual,propiedad",propiedad intelectual bucaramanga camara de comercio,,0,,0.00,
"bueno,intelectual,mal,propiedad",propiedad intelectual buena o mala,,0,,0.00,
"basico,diseño,industrial,intelectual,propiedad",propiedad intelectual básica diseñador industrial,,0,,0.00,
"cafe,intelectual,propiedad",propiedad intelectual cafe,,0,,0.00,
"camara,comercial,intelectual,propiedad",propiedad intelectual camara de comercio,,0,,0.00,
"camara,comercial,cucuta,intelectual,propiedad",propiedad intelectual camara de comercio cucuta,,0,,0.00,
"camara,colombia,comercial,intelectual,propiedad",propiedad intelectual camara de comercio en colombia,,0,,0.00,
"camara,comercial,intelectual,medellin,propiedad",propiedad intelectual camara de comercio medellin,,0,,0.00,
"camara,comercial,intelectual,pereira,propiedad",propiedad intelectual camara de comercio pereira,,0,,0.00,
"can,intelectual,propiedad",propiedad intelectual can,,0,,0.00,
"can,intelectual,propiedad,resolución",propiedad intelectual can resolución,,0,,0.00,
"base,can,intelectual,patente,propiedad",propiedad intelectual canada base de patentes,,0,,0.00,
"carcel,intelectual,propiedad",propiedad intelectual carcel,,0,,0.00,
"carcel,colombia,intelectual,propiedad",propiedad intelectual carcel colombia,,0,,0.00,
"caricatura,intelectual,propiedad",propiedad intelectual caricatura,,0,,0.00,
"casa,intelectual,propiedad,software",propiedad intelectual casa de software,,0,,0.00,
"bill,casa,gato,intelectual,jobs,propiedad,steven",propiedad intelectual caso bill gates y steve jobs,,0,,0.00,
"casa,intelectual,propiedad",propiedad intelectual casos,,0,,0.00,
"casa,intelectual,practica,propiedad",propiedad intelectual casos practicos,,0,,0.00,
"casa,intelectual,practica,propiedad",propiedad intelectual casos prácticos,,0,,0.00,
"cerebrit,intelectual,propiedad",propiedad intelectual cerebrito,,0,,0.00,
"calidad,certificate,colombia,intelectual,propiedad",propiedad intelectual certificaciones de calidad en colombia,,0,,0.00,
"cesar,intelectual,propiedad",propiedad intelectual ces,,0,,0.00,
"cgp,intelectual,propiedad",propiedad intelectual cgp,,0,,0.00,
"chile,intelectual,pdf,propiedad",propiedad intelectual chile pdf,,0,,0.00,
"china,eeuu,intelectual,propiedad",propiedad intelectual china eeuu,,0,,0.00,
"china,equipo,intelectual,propiedad,trabajo",propiedad intelectual china equipo de trabajo,,0,,0.00,
"china,intelectual,propiedad,slideshare",propiedad intelectual china slideshare,,0,,0.00,
"china,intelectual,propiedad,unidos",propiedad intelectual china y estados unidos,,0,,0.00,
"ciencias,intelectual,politica,propiedad",propiedad intelectual ciencias politicas,,0,,0.00,
"cientifico,colombia,intelectual,propiedad",propiedad intelectual cientifica en colombia,,0,,0.00,
"circuito,intelectual,propiedad",propiedad intelectual circuitos,,0,,0.00,
"circuito,integral,intelectual,propiedad",propiedad intelectual circuitos integrados,,0,,0.00,
"cocheros,intelectual,propiedad",propiedad intelectual cocheros,,0,,0.00,
"codificar,intelectual,propiedad",propiedad intelectual codificada,,0,,0.00,
"civil,codigo,español,intelectual,propiedad",propiedad intelectual codigo civil español,,0,,0.00,
"civil,codigo,comercial,intelectual,propiedad",propiedad intelectual codigo civil y comercial,,0,,0.00,
"codigo,colombiano,comercial,intelectual,propiedad",propiedad intelectual codigo de comercio colombiano,,0,,0.00,
"codigo,etica,intelectual,propiedad",propiedad intelectual codigo etico,,0,,0.00,
"codigo,colombiano,intelectual,penal,propiedad",propiedad intelectual codigo penal colombiano,,0,,0.00,
"colciencias,index,intelectual,propiedad,revista",propiedad intelectual colciencias revistas indexadas,,0,,0.00,
"colectiva,indigenas,intelectual,propiedad,pueblo",propiedad intelectual colectiva de los pueblos indigenas,,0,,0.00,
"2020,colombia,intelectual,propiedad",propiedad intelectual colombia 2020,,0,,0.00,
"arte,colombia,intelectual,propiedad",propiedad intelectual colombia art,,0,,0.00,
"colombia,intelectual,propiedad",propiedad intelectual colombia como es,,0,,0.00,
"colombia,competencias,intelectual,propiedad",propiedad intelectual colombia competentes,,0,,0.00,
"colombia,empleo,intelectual,propiedad",propiedad intelectual colombia empleo,,0,,0.00,
"colombia,ensayo,intelectual,propiedad",propiedad intelectual colombia ensayo,,0,,0.00,
"colombia,intelectual,internacional,propiedad",propiedad intelectual colombia internacional,,0,,0.00,
"colombia,intelectual,ley,propiedad",propiedad intelectual colombia leyes,,0,,0.00,
"colombia,intelectual,pdf,propiedad",propiedad intelectual colombia pdf,,0,,0.00,
"colombia,intelectual,ppt,propiedad",propiedad intelectual colombia ppt,,0,,0.00,
"colombia,intelectual,presente,propiedad",propiedad intelectual colombia presentación,,0,,0.00,
"colombia,intelectual,propiedad,proteger",propiedad intelectual colombia que protege,,0,,0.00,
"colombia,intelectual,propiedad,reglamento",propiedad intelectual colombia que reglamentos,,0,,0.00,
"colombia,intelectual,propiedad,regular",propiedad intelectual colombia quien lo regula,,0,,0.00,
"colombia,competencias,intelectual,propiedad",propiedad intelectual colombia quienes son competentes,,0,,0.00,
"colombia,intelectual,propiedad,registro",propiedad intelectual colombia registro,,0,,0.00,
"colombia,intelectual,propiedad,sitios",propiedad intelectual colombia sitios,,0,,0.00,
"colombia,intelectual,propiedad,software",propiedad intelectual colombia software,,0,,0.00,
"colombia,intelectual,propiedad,tutorial",propiedad intelectual colombia tutorial,,0,,0.00,
"colombia,intelectual,propiedad,unidos",propiedad intelectual colombia y estados unidos,,0,,0.00,
"colombialey,intelectual,propiedad",propiedad intelectual colombialey,,0,,0.00,
"colombiano,cuarto,industrial,intelectual,propiedad,revolucion",propiedad intelectual colombiana en la cuarta revolucion industrial,,0,,0.00,
"0,4,colombiano,industrial,intelectual,propiedad",propiedad intelectual colombiana en la industria 4.0,,0,,0.00,
"colomia,intelectual,propiedad",propiedad intelectual colomia,,0,,0.00,
"allan,brew,comentarios,intelectual,propiedad,r",propiedad intelectual comentarios de allan r brewer,,0,,0.00,
"comercial,intelectual,propiedad",propiedad intelectual comercial,,0,,0.00,
"aportes,intelectual,propiedad,sociedad",propiedad intelectual como aporte en sociedad,,0,,0.00,
"arancelaria,barrera,intelectual,propiedad",propiedad intelectual como barrera arancelaria,,0,,0.00,
"derecho,intelectual,propiedad",propiedad intelectual como derecho,,0,,0.00,
"afecta,farmaceutica,industrial,intelectual,propiedad",propiedad intelectual como eso afecta a la industria farmaceutica,,0,,0.00,
"afecta,farmaceutica,industrial,intelectual,propiedad",propiedad intelectual como esto afecta a la industria farmaceutica,,0,,0.00,
"funcion,intelectual,propiedad",propiedad intelectual como funciona,,0,,0.00,
"documentos,intelectual,poner,propiedad",propiedad intelectual como se pone en documentos,,0,,0.00,
"intelectual,propiedad,proteger",propiedad intelectual como se protege,,0,,0.00,
"compartir,intelectual,propiedad,xp",propiedad intelectual compartida xp,,0,,0.00,
"competir,intelectual,propiedad",propiedad intelectual competenci a,,0,,0.00,
"competencias,intelectual,propiedad",propiedad intelectual competencia,,0,,0.00,
"competencias,intelectual,jueces,propiedad",propiedad intelectual competencia de jueces,,0,,0.00,
"competencias,intelectual,jueces,mu,propiedad",propiedad intelectual competencia de jueces mu,,0,,0.00,
"aspectos,competencias,intelectual,medicamentos,propiedad,regulatory",propiedad intelectual competencia y aspectos regulatorios de medicamento,,0,,0.00,
"comprende,intelectual,propiedad",propiedad intelectual comprende,,0,,0.00,
"andina,comunidad,intelectual,propiedad",propiedad intelectual comunidad andina,,0,,0.00,
"andina,comunidad,intelectual,normatividad,propiedad",propiedad intelectual comunidad andina normativa,,0,,0.00,
"competencias,desleal,intelectual,propiedad,relacion",propiedad intelectual con relacion a la competencia desleal,,0,,0.00,
"basico,concepto,intelectual,propiedad",propiedad intelectual conceptos basicos,,0,,0.00,
"conclusion,intelectual,propiedad",propiedad intelectual conclusion,,0,,0.00,
"conclusiones,intelectual,propiedad",propiedad intelectual conclusiones,,0,,0.00,
"conflicto,dos,intelectual,partes,propiedad",propiedad intelectual conflicto entre dos partes,,0,,0.00,
"consecuencias,intelectual,propiedad",propiedad intelectual consecuencias,,0,,0.00,
"consecuencias,intelectual,legal,propiedad",propiedad intelectual consecuencias legales,,0,,0.00,
"colombia,consecuencias,intelectual,legal,propiedad",propiedad intelectual consecuencias legales colombia,,0,,0.00,
"constitucion,intelectual,mexicana,propiedad",propiedad intelectual constitucion mexicana,,0,,0.00,
"constitución,intelectual,propiedad",propiedad intelectual constitución,,0,,0.00,
"colombia,constitucuion,intelectual,nacional,propiedad",propiedad intelectual constitucuion nacional colombia,,0,,0.00,
"construccion,intelectual,propiedad",propiedad intelectual construccion,,0,,0.00,
"contenido,intelectual,propiedad",propiedad intelectual contenido,,0,,0.00,
"contenido,digitales,intelectual,propiedad",propiedad intelectual contenidos digitales,,0,,0.00,
"contratacion,intelectual,propiedad,publico",propiedad intelectual contratacion publica,,0,,0.00,
"contrato,intelectual,propiedad,trabajo",propiedad intelectual contrato de trabajo,,0,,0.00,
"contrato,intelectual,necesario,propiedad",propiedad intelectual contratos necesarios,,0,,0.00,
"contrato,intelectual,propiedad,software",propiedad intelectual contratos software,,0,,0.00,
"contrato,intelectual,propiedad,sostware",propiedad intelectual contratos sostware,,0,,0.00,
"convenio,intelectual,propiedad,roma",propiedad intelectual convenio de roma,,0,,0.00,
"artistica,convenio,intelectual,propiedad,roma",propiedad intelectual convenio de roma artistas,,0,,0.00,
"convenio,intelectual,l,propiedad,roma",propiedad intelectual convenio de roma l,,0,,0.00,
"convenio,intelectual,ley,propiedad,roma",propiedad intelectual convenio de roma ley,,0,,0.00,
"copyleft,copyright,intelectual,propiedad",propiedad intelectual copyright y copyleft,,0,,0.00,
"corea,intelectual,norte,propiedad",propiedad intelectual corea del norte,,0,,0.00,
"corea,intelectual,propiedad,sur",propiedad intelectual corea del sur,,0,,0.00,
"constitucion,corte,intelectual,propiedad",propiedad intelectual corte constitucional,,0,,0.00,
"corte,intelectual,justicia,propiedad,suprema",propiedad intelectual corte suprema de justicia,,0,,0.00,
"animado,cortometraje,intelectual,propiedad",propiedad intelectual cortometraje animado,,0,,0.00,
"cosas,importancia,intelectual,propiedad",propiedad intelectual cosas importantes,,0,,0.00,
"creacion,intelectual,maleta,propiedad",propiedad intelectual creacion maletas,,0,,0.00,
"creatividad,intelectual,propiedad",propiedad intelectual creativa,,0,,0.00,
"creatividad,derecho,intelectual,propiedad",propiedad intelectual creativa derechos,,0,,0.00,
"common,creatividad,intelectual,propiedad",propiedad intelectual creative commons,,0,,0.00,
"creatividad,intelectual,propiedad",propiedad intelectual creatividad,,0,,0.00,
"creatividad,definicion,intelectual,propiedad",propiedad intelectual creatividad definición,,0,,0.00,
"cuadro,intelectual,propiedad,sinoptico",propiedad intelectual cuadro sinoptico,,0,,0.00,
"intelectual,proocito,propiedad",propiedad intelectual cual es el proocito,,0,,0.00,
"intelectual,propiedad,proposito",propiedad intelectual cual es el propósito,,0,,0.00,
"crear,intelectual,propiedad",propiedad intelectual cuando se creo,,0,,0.00,
"cuca,intelectual,propiedad",propiedad intelectual cuc,,0,,0.00,
"capilar,cuidados,intelectual,propiedad",propiedad intelectual cuidado capilar,,0,,0.00,
"cultura,intelectual,propiedad",propiedad intelectual cultural,,0,,0.00,
"curso,intelectual,propiedad,virtual",propiedad intelectual cursos virtuales,,0,,0.00,
"cvudes,intelectual,propiedad",propiedad intelectual cvudes,,0,,0.00,
"civil,codigo,intelectual,propiedad",propiedad intelectual código civil,,0,,0.00,
"codigo,fuente,intelectual,propiedad",propiedad intelectual código fuente,,0,,0.00,
"colombia,como,ideas,intelectual,propiedad,proteger",propiedad intelectual cómo se protegen ideas en colombia,,0,,0.00,
"datos,intelectual,propiedad",propiedad intelectual data,,0,,0.00,
"intelectual,propiedad",propiedad intelectual de,,0,,0.00,
"apple,intelectual,propiedad",propiedad intelectual de apple,,0,,0.00,
"cafeteria,intelectual,propiedad",propiedad intelectual de cafeterias,,0,,0.00,
"china,intelectual,propiedad",propiedad intelectual de china,,0,,0.00,
"coco,cola,intelectual,propiedad",propiedad intelectual de coca cola,,0,,0.00,
"0,4,colombia,industrial,intelectual,propiedad",propiedad intelectual de colombia en la industria 4.0,,0,,0.00,
"comercial,intelectual,propiedad,tecnologicos",propiedad intelectual de comercio tecnologica,,0,,0.00,
"datos,intelectual,propiedad",propiedad intelectual de datos,,0,,0.00,
"desarrollo,intelectual,medidas,propiedad",propiedad intelectual de desarrollos a la medida,,0,,0.00,
"don,intelectual,manchas,propiedad,quijote",propiedad intelectual de don quijote de la mancha,,0,,0.00,
"duncan,intelectual,propiedad",propiedad intelectual de duncan,,0,,0.00,
"academia,colombia,empresa,intelectual,propiedad",propiedad intelectual de empresa y academia en colombia,,0,,0.00,
"excel,gana,intelectual,propiedad",propiedad intelectual de gano excel,,0,,0.00,
"ganoexcel,intelectual,propiedad",propiedad intelectual de ganoexcel,,0,,0.00,
"grabacion,intelectual,propiedad",propiedad intelectual de grabaciones,,0,,0.00,
"calle,heriberto,intelectual,propiedad",propiedad intelectual de heriberto de la calle,,0,,0.00,
"ideas,intelectual,negocio,propiedad",propiedad intelectual de ideas de negocio,,0,,0.00,
"imagenes,intelectual,propiedad",propiedad intelectual de imagenes,,0,,0.00,
"india,intelectual,propiedad",propiedad intelectual de india,,0,,0.00,
"indigenas,intelectual,propiedad",propiedad intelectual de indigenas,,0,,0.00,
"intelectual,interestellar,propiedad",propiedad intelectual de interestellar,,0,,0.00,
"azar,intelectual,juegos,propiedad",propiedad intelectual de juegos de azar,,0,,0.00,
"intelectual,kfc,propiedad",propiedad intelectual de kfc,,0,,0.00,
"biodiversidad,intelectual,propiedad",propiedad intelectual de la biodiversidad,,0,,0.00,
"cee,intelectual,propiedad",propiedad intelectual de la cee,,0,,0.00,
"chica,intelectual,propiedad,tren",propiedad intelectual de la chica del tren,,0,,0.00,
"compañia,intelectual,propiedad",propiedad intelectual de la compañia,,0,,0.00,
"comunidad,economica,europea,intelectual,propiedad",propiedad intelectual de la comunidad economica europea,,0,,0.00,
"1991,comunidad,economica,europea,intelectual,propiedad",propiedad intelectual de la comunidad economica europea 1991,,0,,0.00,
"efta,intelectual,propiedad",propiedad intelectual de la efta,,0,,0.00,
"duncan,empresa,intelectual,propiedad",propiedad intelectual de la empresa duncan,,0,,0.00,
"contrato,entidad,intelectual,propiedad",propiedad intelectual de la entidad contratante,,0,,0.00,
"imprenta,intelectual,propiedad",propiedad intelectual de la imprenta,,0,,0.00,
"confeccion,industrial,intelectual,propiedad",propiedad intelectual de la industria de confecciones,,0,,0.00,
"industrial,intelectual,propiedad,television",propiedad intelectual de la industria de la television,,0,,0.00,
"digital,informacion,intelectual,propiedad",propiedad intelectual de la informacion digital,,0,,0.00,
"intelectual,ompi,propiedad",propiedad intelectual de la ompi,,0,,0.00,
"certificado,intelectual,propiedad,semillas",propiedad intelectual de la semilla certificada,,0,,0.00,
"edad,intelectual,propiedad,tercera",propiedad intelectual de la tercera edad,,0,,0.00,
"intelectual,propiedad,santander,tenologico,unidades",propiedad intelectual de la unidades tenologicas de santander,,0,,0.00,
"cauca,intelectual,propiedad,universidad",propiedad intelectual de la universidad del cauca,,0,,0.00,
"cuaca,intelectual,propiedad,universidad",propiedad intelectual de la universidad del cuaca,,0,,0.00,
"ean,intelectual,propiedad,universidad",propiedad intelectual de la universidad ean,,0,,0.00,
"empresa,intelectual,marta,propiedad,santa",propiedad intelectual de las empresas en santa marta,,0,,0.00,
"intelectual,marta,propiedad,santa",propiedad intelectual de las en santa marta,,0,,0.00,
"fotografia,instagram,intelectual,propiedad,publico",propiedad intelectual de las fotografias que se publican e instagram,,0,,0.00,
"ideas,intelectual,propiedad",propiedad intelectual de las ideas,,0,,0.00,
"intelectual,marca,propiedad",propiedad intelectual de las marcas,,0,,0.00,
"arquitectonico,intelectual,obra,propiedad",propiedad intelectual de las obras arquitectónicas,,0,,0.00,
"intelectual,pagina,propiedad,web",propiedad intelectual de las paginas web,,0,,0.00,
"intelectual,marta,propiedad,pymes,santa",propiedad intelectual de las pymes en santa marta,,0,,0.00,
"intelectual,propiedad,santander,tenologico,unidades",propiedad intelectual de las unidades tenologicas de santander,,0,,0.00,
"intelectual,laura,propiedad",propiedad intelectual de laura,,0,,0.00,
"intelectual,lenovo,propiedad",propiedad intelectual de lenovo,,0,,0.00,
"escrito,intelectual,propiedad",propiedad intelectual de lo escrito,,0,,0.00,
"intelectual,logo,propiedad",propiedad intelectual de logos,,0,,0.00,
"artistica,intelectual,propiedad",propiedad intelectual de los artistas,,0,,0.00,
"autores,derecho,intelectual,propiedad",propiedad intelectual de los derechos del autor,,0,,0.00,
"derecho,humano,intelectual,propiedad",propiedad intelectual de los derechos humanos,,0,,0.00,
"grupo,intelectual,investigacion,propiedad",propiedad intelectual de los grupos de investigacion,,0,,0.00,
"intelectual,medicamentos,propiedad",propiedad intelectual de los medicamentos,,0,,0.00,
"comunicacion,intelectual,medio,propiedad",propiedad intelectual de los medios de comunicacion,,0,,0.00,
"intelectual,metadatos,propiedad",propiedad intelectual de los metadatos,,0,,0.00,
"intelectual,poema,propiedad",propiedad intelectual de los poemas,,0,,0.00,
"colombia,construccion,intelectual,propiedad,proyecto",propiedad intelectual de los proyectos de construccion en colombia,,0,,0.00,
"intelectual,obra,propiedad,proyecto",propiedad intelectual de los proyectos de obra,,0,,0.00,
"colombia,intelectual,obra,propiedad,proyecto",propiedad intelectual de los proyectos de obra en colombia,,0,,0.00,
"intelectual,propiedad,sitios,web",propiedad intelectual de los sitios web,,0,,0.00,
"intelectual,propiedad,sotfware",propiedad intelectual de los sotfware,,0,,0.00,
"grado,intelectual,propiedad,trabajo,unipamplona",propiedad intelectual de los trabajos de grado unipamplona,,0,,0.00,
"intelectual,marcastuttnauer,propiedad",propiedad intelectual de marcastuttnauer,,0,,0.00,
"intelectual,medicamentos,propiedad",propiedad intelectual de medicamentos,,0,,0.00,
"digitales,intelectual,medio,propiedad",propiedad intelectual de medios digitales,,0,,0.00,
"intelectual,mickey,mouse,propiedad",propiedad intelectual de mickey mouse,,0,,0.00,
"intelectual,microsoft,propiedad",propiedad intelectual de microsoft,,0,,0.00,
"intelectual,mongolia,propiedad",propiedad intelectual de mongolia,,0,,0.00,
"electronica,intelectual,negocio,propiedad",propiedad intelectual de negocios electronicos,,0,,0.00,
"intelectual,nombre,propiedad",propiedad intelectual de nombre,,0,,0.00,
"contrato,intelectual,laboral,obra,propiedad",propiedad intelectual de obra por labor contratada,,0,,0.00,
"intelectual,literario,obra,propiedad",propiedad intelectual de obras literarias,,0,,0.00,
"intelectual,musicales,obra,propiedad",propiedad intelectual de obras musicales,,0,,0.00,
"colombia,intelectual,musicales,obra,propiedad",propiedad intelectual de obras musicales colombia,,0,,0.00,
"g,intelectual,p,propiedad",propiedad intelectual de p&g,,0,,0.00,
"intelectual,pagina,propiedad,web",propiedad intelectual de paginas web,,0,,0.00,
"arquitectonico,intelectual,plan,propiedad",propiedad intelectual de planos arquitectonicos,,0,,0.00,
"farmaceutica,intelectual,politica,propiedad",propiedad intelectual de politica farmaceuticas,,0,,0.00,
"intelectual,programa,propiedad,python",propiedad intelectual de programas en python,,0,,0.00,
"arquitectonico,intelectual,propiedad,proyecto",propiedad intelectual de proyecto arquitectónico,,0,,0.00,
"intelectual,libro,propiedad",propiedad intelectual de quien es el libro,,0,,0.00,
"intelectual,propiedad,rappi",propiedad intelectual de rappi,,0,,0.00,
"intelectual,propiedad,raspberry",propiedad intelectual de raspberry,,0,,0.00,
"foundation,intelectual,pi,propiedad,raspberry",propiedad intelectual de raspberry pi foundation,,0,,0.00,
"intelectual,propiedad,semillas",propiedad intelectual de semillas,,0,,0.00,
"intelectual,propiedad,publico,servidor",propiedad intelectual de servidores publicos,,0,,0.00,
"intelectual,propiedad,shake",propiedad intelectual de shake is off,,0,,0.00,
"intelectual,propiedad,shake",propiedad intelectual de shake it off,,0,,0.00,
"colombia,intelectual,propiedad,software",propiedad intelectual de software en colombia,,0,,0.00,
"driver,intelectual,propiedad,sunset",propiedad intelectual de sunset over drive,,0,,0.00,
"intelectual,overdrive,propiedad,sunset",propiedad intelectual de sunset overdrive,,0,,0.00,
"intelectual,propiedad,take",propiedad intelectual de take is off,,0,,0.00,
"intelectual,propiedad,tecnologia",propiedad intelectual de tecnologia,,0,,0.00,
"common,creatividad,intelectual,propiedad,tipos",propiedad intelectual de tipo creative commons,,0,,0.00,
"grupo,intelectual,propiedad,teatro",propiedad intelectual de un grupo de teatro,,0,,0.00,
"grupo,intelectual,propiedad,testroo",propiedad intelectual de un grupo de testroo,,0,,0.00,
"intelectual,libro,propiedad",propiedad intelectual de un libro,,0,,0.00,
"intelectual,logotipo,propiedad",propiedad intelectual de un logotipo,,0,,0.00,
"3d,intelectual,modelo,propiedad",propiedad intelectual de un modelo 3d,,0,,0.00,
"intelectual,pais,propiedad",propiedad intelectual de un pais,,0,,0.00,
"desarrollo,intelectual,plan,propiedad",propiedad intelectual de un plan de desarrollo,,0,,0.00,
"importancia,intelectual,productos,propiedad",propiedad intelectual de un producto importado,,0,,0.00,
"citricos,intelectual,propiedad,proyecto",propiedad intelectual de un proyecto de citricos,,0,,0.00,
"grado,intelectual,propiedad,proyecto",propiedad intelectual de un proyecto de grado,,0,,0.00,
"ejemplos,intelectual,propiedad,proyecto",propiedad intelectual de un proyecto ejemplos,,0,,0.00,
"intelectual,propiedad,proyecto,software",propiedad intelectual de un proyecto software,,0,,0.00,
"intelectual,propiedad,restaaurante",propiedad intelectual de un restaaurante,,0,,0.00,
"intelectual,propiedad,restaurante",propiedad intelectual de un restaurante,,0,,0.00,
"informatica,intelectual,propiedad,software",propiedad intelectual de un software informático,,0,,0.00,
"ebt,intelectual,propiedad",propiedad intelectual de una ebt,,0,,0.00,
"definicion,empresa,intelectual,propiedad",propiedad intelectual de una empresa definicion,,0,,0.00,
"intelectual,investigacion,propiedad",propiedad intelectual de una investigacion,,0,,0.00,
"intelectual,marca,propiedad",propiedad intelectual de una marca,,0,,0.00,
"artistica,cientifico,intelectual,literario,nacido,obra,propiedad",propiedad intelectual de una obra literaria artística o científica nace,,0,,0.00,
"intelectual,propiedad,tesis",propiedad intelectual de una tesis,,0,,0.00,
"intelectual,mexico,propiedad,variedades,vegetales",propiedad intelectual de variedades vegetales en mexico,,0,,0.00,
"2003,intelectual,propiedad,server,windows",propiedad intelectual de windows server 2003,,0,,0.00,
"2003,caducidad,intelectual,propiedad,server,windows",propiedad intelectual de windows server 2003 cuando caduca,,0,,0.00,
"2003,intelectual,propiedad,server,windwos",propiedad intelectual de windwos server 2003,,0,,0.00,
"intelectual,propiedad,zombies",propiedad intelectual de zombie,,0,,0.00,
"485,andina,comunidad,decision,intelectual,propiedad",propiedad intelectual decision 485 comunidad andina,,0,,0.00,
"486,decision,intelectual,propiedad",propiedad intelectual decision 486,,0,,0.00,
"colombia,definicion,intelectual,propiedad",propiedad intelectual definicion colombia,,0,,0.00,
"colombia,comercial,definicion,intelectual,propiedad",propiedad intelectual definicion colombia comercial,,0,,0.00,
"colombia,comercial,definicion,intelectual,propiedad",propiedad intelectual definicion colombia comercio,,0,,0.00,
"colombia,comerciol,definicion,intelectual,propiedad",propiedad intelectual definicion colombia comerciol,,0,,0.00,
"autores,definicion,intelectual,propiedad",propiedad intelectual definicion de autores,,0,,0.00,
"definicion,indecopi,intelectual,propiedad",propiedad intelectual definicion indecopi,,0,,0.00,
"definicion,informatica,intelectual,propiedad",propiedad intelectual definicion informatica,,0,,0.00,
"definicion,intelectual,omc,propiedad",propiedad intelectual definicion omc,,0,,0.00,
"definicion,intelectual,ompi,propiedad",propiedad intelectual definicion ompi,,0,,0.00,
"definicion,intelectual,pdf,propiedad",propiedad intelectual definicion pdf,,0,,0.00,
"autores,definicion,intelectual,propiedad",propiedad intelectual definicion por autores,,0,,0.00,
"definicion,intelectual,propiedad,rae",propiedad intelectual definicion rae,,0,,0.00,
"definicion,intelectual,propiedad,unesco",propiedad intelectual definicion unesco,,0,,0.00,
"definicion,intelectual,propiedad,wipe",propiedad intelectual definicion wipo,,0,,0.00,
"definicion,ejemplos,intelectual,propiedad",propiedad intelectual definicion y ejemplos,,0,,0.00,
"autores,definicion,intelectual,propiedad",propiedad intelectual definiciones de autores,,0,,0.00,
"definicion,intelectual,propiedad,wipe",propiedad intelectual definición wipo,,0,,0.00,
"diseño,grafica,intelectual,propiedad",propiedad intelectual del diseñador grafico,,0,,0.00,
"diseño,grafica,intelectual,propiedad",propiedad intelectual del diseño grafico,,0,,0.00,
"diseño,industrial,intelectual,propiedad",propiedad intelectual del diseño industrial,,0,,0.00,
"ganoderma,intelectual,lucidum,propiedad",propiedad intelectual del ganoderma lucidum,,0,,0.00,
"coomeva,empresarial,grupo,intelectual,propiedad",propiedad intelectual del grupo empresarial coomeva,,0,,0.00,
"colombia,instituto,intelectual,nacional,propiedad,salud",propiedad intelectual del instituto nacional de salud en colombia,,0,,0.00,
"intelectual,know,propiedad",propiedad intelectual del know how,,0,,0.00,
"intelectual,paipa,propiedad,queso",propiedad intelectual del queso paipa,,0,,0.00,
"intelectual,propiedad,scielo,software",propiedad intelectual del software scielo,,0,,0.00,
"intelectual,propiedad,trabajo",propiedad intelectual del trabajador,,0,,0.00,
"intelectual,propiedad,sostenible,transporte",propiedad intelectual del transporte sostenible,,0,,0.00,
"intelectual,propiedad,vino",propiedad intelectual del vino,,0,,0.00,
"codigo,colombia,delito,intelectual,penal,propiedad",propiedad intelectual delito en colombia codigo penal,,0,,0.00,
"demanda,intelectual,propiedad",propiedad intelectual demandar,,0,,0.00,
"demanda,intelectual,propiedad",propiedad intelectual demandas,,0,,0.00,
"dentro,derecho,intelectual,propiedad",propiedad intelectual dentro del derecho,,0,,0.00,
"comercial,derecho,intelectual,internacional,propiedad",propiedad intelectual derecho comercial internacional,,0,,0.00,
"autores,conexos,derecho,intelectual,propiedad",propiedad intelectual derecho de autor y derechos conexos,,0,,0.00,
"colombia,derecho,fundamentos,intelectual,propiedad",propiedad intelectual derecho fundamental colombia,,0,,0.00,
"derecho,inmaterial,intelectual,propiedad",propiedad intelectual derecho inmaterial,,0,,0.00,
"derecho,intelectual,internacional,propiedad",propiedad intelectual derecho internacional,,0,,0.00,
"derecho,intelectual,mercantil,propiedad",propiedad intelectual derecho mercantil,,0,,0.00,
"derecho,intelectual,propiedad,romano",propiedad intelectual derecho romano,,0,,0.00,
"autores,derecho,ejemplos,intelectual,propiedad",propiedad intelectual derechos de autor ejemplos,,0,,0.00,
"autores,derecho,intelectual,marca,patente,propiedad",propiedad intelectual derechos de autor marcas y patentes,,0,,0.00,
"derecho,economica,intelectual,propiedad",propiedad intelectual derechos economicos,,0,,0.00,
"derecho,fundamentales,ial,industral,intelectual,pdf,propiedad",propiedad intelectual derechos fundamentales y propiedad industr ial pdf,,0,,0.00,
"derecho,fundamentales,industrial,intelectual,pdf,propiedad",propiedad intelectual derechos fundamentales y propiedad industrial pdf,,0,,0.00,
"derecho,humano,intelectual,propiedad",propiedad intelectual derechos humanos,,0,,0.00,
"derecho,intelectual,morales,patrimoniales,propiedad",propiedad intelectual derechos morales y patrimoniales,,0,,0.00,
"derecho,intelectual,patrimoniales,propiedad",propiedad intelectual derechos patrimoniales,,0,,0.00,
"dialnet,intelectual,propiedad",propiedad intelectual dialnet,,0,,0.00,
"dian,intelectual,propiedad",propiedad intelectual dian,,0,,0.00,
"colorear,dibujos,intelectual,propiedad",propiedad intelectual dibujos para colorear,,0,,0.00,
"diferencia,intelectual,propiedad",propiedad intelectual diferencia,,0,,0.00,
"digital,intelectual,origen,propiedad",propiedad intelectual digital origen,,0,,0.00,
"arquitectonico,diseño,intelectual,propiedad",propiedad intelectual diseño arquitectónico,,0,,0.00,
"circuito,diseño,integral,intelectual,propiedad",propiedad intelectual diseño de circuitos integrados,,0,,0.00,
"colombia,diseño,intelectual,propiedad",propiedad intelectual diseño en colombia,,0,,0.00,
"diseño,intelectual,moda,propiedad",propiedad intelectual diseño moda,,0,,0.00,
"colombia,diseño,intelectual,moda,propiedad",propiedad intelectual diseño moda colombia,,0,,0.00,
"diseño,intelectual,propiedad,uniandes",propiedad intelectual diseño uniandes,,0,,0.00,
"diseño,intelectual,propiedad",propiedad intelectual diseños,,0,,0.00,
"arquitectonico,diseño,intelectual,propiedad",propiedad intelectual diseños arquitectonicos,,0,,0.00,
"diseño,industriales,intelectual,propiedad",propiedad intelectual diseños industriales,,0,,0.00,
"diseño,intelectual,personalizadas,propiedad",propiedad intelectual diseños personalizados,,0,,0.00,
"disney,gomitas,intelectual,modelo,propiedad,utiliza,world",propiedad intelectual disney world por utilizar modelos de gomitas,,0,,0.00,
"divulgación,ejemplos,empleo,intelectual,propiedad",propiedad intelectual divulgada por un empleado ejemplo,,0,,0.00,
"casa,divulgación,ejemplos,empleo,intelectual,propiedad,real",propiedad intelectual divulgada por un empleado ejemplo o casos reales,,0,,0.00,
"doctrina,intelectual,juridica,propiedad",propiedad intelectual doctrina juridica,,0,,0.00,
"conclusiones,doh,intelectual,propiedad",propiedad intelectual doha conclusiones,,0,,0.00,
"dominio,equilibrio,intelectual,intereses,propiedad,publico",propiedad intelectual dominio público y equilibrio de intereses,,0,,0.00,
"dominio,intelectual,propiedad",propiedad intelectual dominios,,0,,0.00,
"donacion,intelectual,propiedad",propiedad intelectual donación,,0,,0.00,
"cordoba,dr,intelectual,propiedad",propiedad intelectual dr cordoba,,0,,0.00,
"duracion,intelectual,propiedad,proteccion",propiedad intelectual duración de protección,,0,,0.00,
"intelectual,propiedad,renacimiento",propiedad intelectual durante el renacimiento,,0,,0.00,
"intelectual,propiedad,renacimiento,slideshare",propiedad intelectual durante el renacimiento slideshare,,0,,0.00,
"geografica,indicadores,intelectual,propiedad",propiedad intelectual e indicaciones geograficas,,0,,0.00,
"industrial,intelectual,propiedad",propiedad intelectual e industria,,0,,0.00,
"apuntes,industrial,intelectual,propiedad",propiedad intelectual e industrial apuntes,,0,,0.00,
"colombia,industrial,intelectual,propiedad",propiedad intelectual e industrial colombia,,0,,0.00,
"colombia,industrial,intelectual,pdf,propiedad",propiedad intelectual e industrial colombia pdf,,0,,0.00,
"cientifico,industrial,intelectual,obra,propiedad,proteccion",propiedad intelectual e industrial de la obra científica la protección,,0,,0.00,
"cientifico,industrial,intelectual,obra,propiedad,protecciónpdf",propiedad intelectual e industrial de la obra científica la protecciónpdf,,0,,0.00,
"industrial,intelectual,propiedad,software",propiedad intelectual e industrial del software,,0,,0.00,
"industrial,intelectual,internet,propiedad",propiedad intelectual e industrial en internet,,0,,0.00,
"industrial,intelectual,metalmecanica,propiedad",propiedad intelectual e industrial en metalmecanica,,0,,0.00,
"industrial,intelectual,mexico,propiedad",propiedad intelectual e industrial en mexico,,0,,0.00,
"españa,industrial,intelectual,propiedad",propiedad intelectual e industrial españa,,0,,0.00,
"industrial,intelectual,objetivos,propiedad",propiedad intelectual e industrial objetivos,,0,,0.00,
"industrial,intelectual,pdf,propiedad",propiedad intelectual e industrial pdf,,0,,0.00,
"industrial,intelectual,politica,propiedad",propiedad intelectual e industrial politicas,,0,,0.00,
"fondo,industrial,intelectual,propiedad",propiedad intelectual e industrial sin fondo,,0,,0.00,
"industrial,intelectual,propiedad,superindustria",propiedad intelectual e industrial superindustria,,0,,0.00,
"industrial,intelectual,pdf,propiedad,superindustria",propiedad intelectual e industrial superindustria pdf,,0,,0.00,
"industrial,intelectual,propiedad,tipologia",propiedad intelectual e industrial tipologias,,0,,0.00,
"industril,intelectual,propiedad",propiedad intelectual e industrila,,0,,0.00,
"america,innovacion,intelectual,latino,propiedad",propiedad intelectual e innovacion america latina,,0,,0.00,
"intelectual,internet,propiedad",propiedad intelectual e internet,,0,,0.00,
"intelectual,investigación,propiedad",propiedad intelectual e investigación,,0,,0.00,
"colciencias,intelectual,investigación,propiedad,segun",propiedad intelectual e investigación segun colciencias,,0,,0.00,
"colombia,intelectual,jurisdiccion,propiedad",propiedad intelectual e jurisdiccion colombia,,0,,0.00,
"eafit,intelectual,propiedad",propiedad intelectual eafit,,0,,0.00,
"colombia,ecommerce,intelectual,pdf,propiedad",propiedad intelectual ecommerce en colombia pdf,,0,,0.00,
"economia,intelectual,propiedad",propiedad intelectual economia,,0,,0.00,
"economica,intelectual,naranja,propiedad",propiedad intelectual economía naranja,,0,,0.00,
"ecuador,intelectual,pdf,propiedad",propiedad intelectual ecuador pdf,,0,,0.00,
"educativa,ensayo,intelectual,propiedad",propiedad intelectual educativa ensayos,,0,,0.00,
"educativaensayo,intelectual,propiedad",propiedad intelectual educativaensayos,,0,,0.00,
"comercial,ejemplos,intelectual,propiedad",propiedad intelectual ejemplos en comercial,,0,,0.00,
"ejemplos,intelectual,propiedad,yahoo",propiedad intelectual ejemplos yahoo,,0,,0.00,
"ejercicios,intelectual,medico,propiedad",propiedad intelectual ejercicio medico,,0,,0.00,
"autores,derecho,intelectual,moderna,propiedad",propiedad intelectual el moderno derecho de autor,,0,,0.00,
"autores,derecho,ernesto,garcía,intelectual,moderna,propiedad,rengifo",propiedad intelectual el moderno derecho de autor ernesto rengifo garcía,,0,,0.00,
"empleo,intelectual,propiedad",propiedad intelectual empleado,,0,,0.00,
"alemania,intelectual,propiedad",propiedad intelectual en alemania,,0,,0.00,
"alpina,intelectual,propiedad",propiedad intelectual en alpina,,0,,0.00,
"america,intelectual,latino,propiedad",propiedad intelectual en america latina,,0,,0.00,
"apple,intelectual,propiedad",propiedad intelectual en apple,,0,,0.00,
"base,colombia,datos,intelectual,propiedad",propiedad intelectual en base de datos colombia,,0,,0.00,
"biotecnologia,intelectual,propiedad",propiedad intelectual en biotecnologia,,0,,0.00,
"campaña,intelectual,politica,propiedad",propiedad intelectual en campaña politica,,0,,0.00,
"capital,intelectual,propiedad,social",propiedad intelectual en capital social,,0,,0.00,
"chile,intelectual,propiedad,universidad",propiedad intelectual en chile universidades,,0,,0.00,
"afecta,china,industrial,intelectual,propiedad",propiedad intelectual en china como afecta la industria,,0,,0.00,
"cifras,intelectual,propiedad",propiedad intelectual en cifras,,0,,0.00,
"2018,colombia,intelectual,propiedad",propiedad intelectual en colombia 2018,,0,,0.00,
"2019,colombia,intelectual,propiedad",propiedad intelectual en colombia 2019,,0,,0.00,
"analisis,colombia,intelectual,propiedad",propiedad intelectual en colombia analisis,,0,,0.00,
"colombia,despues,intelectual,propiedad,tlc",propiedad intelectual en colombia antes y despues del tlc,,0,,0.00,
"articulo,colombia,intelectual,propiedad",propiedad intelectual en colombia articulo,,0,,0.00,
"cifras,colombia,intelectual,propiedad",propiedad intelectual en colombia cifras,,0,,0.00,
"codigo,colombia,comercial,intelectual,propiedad",propiedad intelectual en colombia codigo de comercio,,0,,0.00,
"colombia,concecuencias,intelectual,propiedad",propiedad intelectual en colombia concecuencias,,0,,0.00,
"andina,colombia,decisiones,intelectual,propiedad",propiedad intelectual en colombia decisión andina,,0,,0.00,
"colombia,definicion,intelectual,propiedad",propiedad intelectual en colombia definicion,,0,,0.00,
"colombia,derecho,intelectual,propiedad",propiedad intelectual en colombia derecho,,0,,0.00,
"colombia,comercial,derecho,intelectual,propiedad",propiedad intelectual en colombia derecho comercial,,0,,0.00,
"andina,colombia,desiciones,intelectual,propiedad",propiedad intelectual en colombia desición andina,,0,,0.00,
"colombia,diapositivas,intelectual,propiedad",propiedad intelectual en colombia diapositivas,,0,,0.00,
"colombia,diseño,ejemplos,intelectual,propiedad",propiedad intelectual en colombia ejemplos diseño,,0,,0.00,
"colombia,intelectual,propiedad,web",propiedad intelectual en colombia en la web,,0,,0.00,
"colombia,ensayo,intelectual,propiedad",propiedad intelectual en colombia ensayo,,0,,0.00,
"colombia,entidades,intelectual,propiedad",propiedad intelectual en colombia entidades,,0,,0.00,
"colombia,gerencia,intelectual,propiedad",propiedad intelectual en colombia gerencie,,0,,0.00,
"colombia,gov,intelectual,propiedad",propiedad intelectual en colombia gov,,0,,0.00,
"colombia,historico,intelectual,propiedad",propiedad intelectual en colombia historico,,0,,0.00,
"colombia,intelectual,internacional,propiedad",propiedad intelectual en colombia internacional,,0,,0.00,
"colombia,intelectual,investigacion,propiedad",propiedad intelectual en colombia investigacion,,0,,0.00,
"colombia,intelectual,jurisprudencia,propiedad",propiedad intelectual en colombia jurisprudencia,,0,,0.00,
"colombia,conceptual,intelectual,mapa,propiedad",propiedad intelectual en colombia mapa conceptual,,0,,0.00,
"colombia,comercial,derecho,diario,intelectual,noticias,propiedad,republica",propiedad intelectual en colombia noticia diario la republica derecho comercial,,0,,0.00,
"colombia,intelectual,propiedad,servicio",propiedad intelectual en colombia para servicios,,0,,0.00,
"colombia,intelectual,patente,propiedad",propiedad intelectual en colombia patentado,,0,,0.00,
"colombia,intelectual,ppt,propiedad",propiedad intelectual en colombia ppt,,0,,0.00,
"colombia,intelectual,prezi,propiedad",propiedad intelectual en colombia prezi,,0,,0.00,
"colombia,intelectual,medico,procedimiento,propiedad",propiedad intelectual en colombia procedimientos medicos,,0,,0.00,
"colombia,intelectual,propiedad,regular",propiedad intelectual en colombia quien la regula,,0,,0.00,
"colombia,intelectual,propiedad,regulacion",propiedad intelectual en colombia regulacion,,0,,0.00,
"colombia,intelectual,propiedad,resumen",propiedad intelectual en colombia resumen,,0,,0.00,
"colombia,intelectual,propiedad,seguridad,social",propiedad intelectual en colombia seguridad social,,0,,0.00,
"colombia,intelectual,musica,propiedad,sentencia",propiedad intelectual en colombia sentencias musico,,0,,0.00,
"colombia,intelectual,propiedad,sic",propiedad intelectual en colombia sic,,0,,0.00,
"colombia,intelectual,propiedad,tecnologia",propiedad intelectual en colombia tecnologia,,0,,0.00,
"afecta,colombia,intelectual,propiedad,tecnologiocos,variables",propiedad intelectual en colombia variable tecnologioca y sus afectaciones,,0,,0.00,
"cambiar,colombia,intelectual,propiedad,tecnologiocos,variables",propiedad intelectual en colombia variable tecnologioca y sus cambios,,0,,0.00,
"autores,colombia,intelectual,li8bro,propiedad,varios",propiedad intelectual en colombia varios autores de un li8bro,,0,,0.00,
"america,colombia,intelectual,propiedad,sur,vs",propiedad intelectual en colombia vs america del sur,,0,,0.00,
"autores,colombia,derecho,intelectual,propiedad",propiedad intelectual en colombia y derechos de autor,,0,,0.00,
"colombia,intelectual,propiedad,yotube",propiedad intelectual en colombia yotube,,0,,0.00,
"colombiaduccion,intelectual,limpiar,propiedad",propiedad intelectual en colombiaduccion limpia,,0,,0.00,
"colombia,intelectual,propiedad",propiedad intelectual en colombiar,,0,,0.00,
"colomiba,intelectual,propiedad",propiedad intelectual en colomiba,,0,,0.00,
"colombia,concurso,intelectual,propiedad",propiedad intelectual en concursos colombia,,0,,0.00,
"contabilidad,intelectual,propiedad",propiedad intelectual en contabilidad,,0,,0.00,
"contrato,intelectual,propiedad,software",propiedad intelectual en contrato de software,,0,,0.00,
"contrato,intelectual,laboral,propiedad",propiedad intelectual en contrato laboral,,0,,0.00,
"colombia,convenio,estate,intelectual,propiedad",propiedad intelectual en convenio estatal colombia,,0,,0.00,
"convenio,intelectual,propiedad",propiedad intelectual en convenios,,0,,0.00,
"convenio,intelectual,interadministrativo,propiedad",propiedad intelectual en convenios interadministrativos,,0,,0.00,
"codigo,cuanto,intelectual,propiedad",propiedad intelectual en cuanto a codigos,,0,,0.00,
"cultivo,flores,intelectual,propiedad",propiedad intelectual en cultivo de flores,,0,,0.00,
"cultivo,intelectual,propiedad",propiedad intelectual en cultivos,,0,,0.00,
"andina,derecho,intelectual,propiedad",propiedad intelectual en derecho andino,,0,,0.00,
"civil,derecho,intelectual,propiedad",propiedad intelectual en derecho civil,,0,,0.00,
"autores,derecho,intelectual,propiedad",propiedad intelectual en derecho de autor,,0,,0.00,
"derecho,farmaceutica,intelectual,propiedad",propiedad intelectual en derecho farmaceutico,,0,,0.00,
"derecho,intelectual,internacional,propiedad",propiedad intelectual en derecho internacional,,0,,0.00,
"derecho,intelectual,internacional,privada,propiedad",propiedad intelectual en derecho internacional privado,,0,,0.00,
"derecho,intelectual,mercantil,propiedad",propiedad intelectual en derecho mercantil,,0,,0.00,
"america,educacion,intelectual,latino,propiedad",propiedad intelectual en educacion en america latina,,0,,0.00,
"eeuu,intelectual,propiedad",propiedad intelectual en eeuu,,0,,0.00,
"copia,eeuu,intelectual,propiedad,right",propiedad intelectual en eeuu copy right,,0,,0.00,
"agro,colombiano,intelectual,propiedad",propiedad intelectual en el agro colombiano,,0,,0.00,
"academico,ambito,intelectual,propiedad",propiedad intelectual en el ambito academico,,0,,0.00,
"apple,casa,intelectual,propiedad",propiedad intelectual en el caso apple,,0,,0.00,
"civil,codigo,intelectual,propiedad",propiedad intelectual en el codigo civil,,0,,0.00,
"codigo,comercial,intelectual,propiedad",propiedad intelectual en el codigo de comercio,,0,,0.00,
"comercial,intelectual,propiedad",propiedad intelectual en el comercio,,0,,0.00,
"contexto,digital,intelectual,propiedad",propiedad intelectual en el contexto digital,,0,,0.00,
"contrato,intelectual,propiedad,trabajo",propiedad intelectual en el contrato de trabajo,,0,,0.00,
"derecho,intelectual,propiedad",propiedad intelectual en el derecho intelectual,,0,,0.00,
"derecho,intelectual,internacional,propiedad",propiedad intelectual en el derecho internacional,,0,,0.00,
"colombiano,diseño,intelectual,moda,propiedad",propiedad intelectual en el diseño de modas colombiano,,0,,0.00,
"analogo,entorno,intelectual,propiedad",propiedad intelectual en el entorno analogico,,0,,0.00,
"entorno,intelectual,personas,propiedad",propiedad intelectual en el entorno personal,,0,,0.00,
"definicion,digital,intelectual,mundo,propiedad",propiedad intelectual en el mundo digital definicion,,0,,0.00,
"digital,informatica,intelectual,mundo,propiedad",propiedad intelectual en el mundo digital informatica,,0,,0.00,
"digital,intelectual,mundo,propiedad,wikipedia",propiedad intelectual en el mundo digital wikipedia,,0,,0.00,
"intelectual,propiedad,puc",propiedad intelectual en el puc,,0,,0.00,
"intelectual,propiedad,renacimiento",propiedad intelectual en el renacimiento,,0,,0.00,
"agro,intelectual,mexico,propiedad,sector",propiedad intelectual en el sector agro en mexico,,0,,0.00,
"agropecuaria,intelectual,propiedad,sector",propiedad intelectual en el sector agropecuario,,0,,0.00,
"agropecuaria,colombia,intelectual,propiedad,sector",propiedad intelectual en el sector agropecuario en colombia,,0,,0.00,
"intelectual,propiedad,salud,software",propiedad intelectual en el software en salud,,0,,0.00,
"intelectual,propiedad,tiempo",propiedad intelectual en el tiempo,,0,,0.00,
"colombia,intelectual,propiedad,tlc,unidos",propiedad intelectual en el tlc colombia-estados unidos,,0,,0.00,
"can,intelectual,propiedad,tlc",propiedad intelectual en el tlc de canada,,0,,0.00,
"can,colombia,intelectual,propiedad,tlc",propiedad intelectual en el tlc de canada colombia,,0,,0.00,
"academico,ambito,intelectual,propiedad,unad",propiedad intelectual en el ámbito académico unad,,0,,0.00,
"entorno,intelectual,profesional,propiedad",propiedad intelectual en entorno profesional,,0,,0.00,
"españa,intelectual,politica,propiedad",propiedad intelectual en españa politicas,,0,,0.00,
"fotografia,intelectual,propiedad",propiedad intelectual en fotografia,,0,,0.00,
"hoja,intelectual,propiedad,vida",propiedad intelectual en hoja de vida,,0,,0.00,
"india,intelectual,propiedad",propiedad intelectual en india,,0,,0.00,
"definicion,informatica,intelectual,propiedad",propiedad intelectual en informatica definicion,,0,,0.00,
"inglaterra,intelectual,propiedad",propiedad intelectual en inglaterra,,0,,0.00,
"educativa,instituciones,intelectual,propiedad",propiedad intelectual en instituciones educativas,,0,,0.00,
"intangibles,intelectual,propiedad",propiedad intelectual en intangibles,,0,,0.00,
"articulo,intelectual,internet,lectura,propiedad",propiedad intelectual en internet articulos o lecturas,,0,,0.00,
"colombia,intelectual,internet,propiedad",propiedad intelectual en internet colombia,,0,,0.00,
"españa,intelectual,internet,propiedad",propiedad intelectual en internet españa,,0,,0.00,
"intelectual,internet,mexico,propiedad",propiedad intelectual en internet mexico,,0,,0.00,
"intelectual,investigacion,propiedad",propiedad intelectual en investigacion,,0,,0.00,
"intelectual,japon,propiedad",propiedad intelectual en japon,,0,,0.00,
"agricultura,intelectual,propiedad",propiedad intelectual en la agricultura,,0,,0.00,
"alianza,intelectual,pacifico,propiedad",propiedad intelectual en la alianza del pacifico,,0,,0.00,
"biotecnologia,intelectual,pdf,propiedad",propiedad intelectual en la biotecnologia pdf,,0,,0.00,
"comunidad,desarrollo,intelectual,propiedad",propiedad intelectual en la comunicación para el desarrollo,,0,,0.00,
"comunidad,desarrollo,intelectual,propiedad,software",propiedad intelectual en la comunicación para el desarrollo de software,,0,,0.00,
"andina,comunidad,intelectual,propiedad",propiedad intelectual en la comunidad andina,,0,,0.00,
"colombiano,constitucion,intelectual,propiedad",propiedad intelectual en la constitucion colombiana,,0,,0.00,
"colombia,constitucion,intelectual,propiedad",propiedad intelectual en la constitucion de colombia,,0,,0.00,
"colombia,constitucion,intelectual,politica,propiedad",propiedad intelectual en la constitucion politica de colombia,,0,,0.00,
"creacion,intelectual,propiedad,software",propiedad intelectual en la creación de software,,0,,0.00,
"economia,intelectual,naranja,propiedad",propiedad intelectual en la economia naranja,,0,,0.00,
"educacion,intelectual,propiedad",propiedad intelectual en la educacion,,0,,0.00,
"cultivo,intelectual,propiedad,transgenicos",propiedad intelectual en la era de los cultivos transgénicos,,0,,0.00,
"escuela,intelectual,propiedad",propiedad intelectual en la escuela,,0,,0.00,
"fotografia,intelectual,propiedad",propiedad intelectual en la fotografia,,0,,0.00,
"0,4,industrial,intelectual,propiedad",propiedad intelectual en la industria 4.0,,0,,0.00,
"farmaceutica,industrial,intelectual,propiedad",propiedad intelectual en la industria farmaceutica,,0,,0.00,
"colombia,farmaceutica,industrial,intelectual,propiedad",propiedad intelectual en la industria farmaceutica colombia,,0,,0.00,
"farmaceutica,industrial,intelectual,propiedad",propiedad intelectual en la industria farmacéutica,,0,,0.00,
"colombia,farmaceutica,industrial,intelectual,propiedad",propiedad intelectual en la industria farmacéutica colombia,,0,,0.00,
"hotelera,industrial,intelectual,propiedad",propiedad intelectual en la industria hotelera,,0,,0.00,
"innovacion,intelectual,propiedad,tenologico",propiedad intelectual en la innovacion tenologica,,0,,0.00,
"intelectual,internacionalizacion,propiedad",propiedad intelectual en la internacionalizacion,,0,,0.00,
"colombiano,intelectual,legislacion,propiedad",propiedad intelectual en la legislacion colombiana,,0,,0.00,
"actual,colombiano,intelectual,legislativo,propiedad",propiedad intelectual en la legislación colombiana actual,,0,,0.00,
"colombiano,intelectual,legislatura,propiedad",propiedad intelectual en la legislatura colombiana,,0,,0.00,
"intelectual,medicina,propiedad",propiedad intelectual en la medicina,,0,,0.00,
"intelectual,musica,propiedad",propiedad intelectual en la música,,0,,0.00,
"intelectual,musica,propiedad,zockerfel",propiedad intelectual en la música zockerfel,,0,,0.00,
"intelectual,musica,propiedad,zukerfeld",propiedad intelectual en la música zukerfeld,,0,,0.00,
"intelectual,propiedad,publico",propiedad intelectual en la publicidad,,0,,0.00,
"intelectual,propiedad,salud",propiedad intelectual en la salud,,0,,0.00,
"intelectual,propiedad,tecdnologia",propiedad intelectual en la tecdnologia,,0,,0.00,
"digital,intelectual,propiedad,transformacion",propiedad intelectual en la transformacion digital,,0,,0.00,
"intelectual,propiedad,universidad",propiedad intelectual en la universidad,,0,,0.00,
"intelectual,libro,propiedad,universidad",propiedad intelectual en la universidad libre,,0,,0.00,
"explicar,intelectual,niños,propiedad,web",propiedad intelectual en la web explicar a niños,,0,,0.00,
"artesanias,colombia,intelectual,propiedad",propiedad intelectual en las artesanias colombia,,0,,0.00,
"colombia,escuela,intelectual,propiedad",propiedad intelectual en las escuelas colombia,,0,,0.00,
"educativa,instituciones,intelectual,propiedad",propiedad intelectual en las instituciones educativas,,0,,0.00,
"basico,educativa,instituciones,intelectual,propiedad",propiedad intelectual en las instituciones educativas basicas,,0,,0.00,
"colombia,educativa,instituciones,intelectual,propiedad",propiedad intelectual en las instituciones educativas en colombia,,0,,0.00,
"colombia,intelectual,negocio,propiedad,tlc,unidos",propiedad intelectual en las negociaciones del tlc colombia estados unidos,,0,,0.00,
"cinematografico,colombia,intelectual,obra,propiedad",propiedad intelectual en las obras cinematográficas en colombia,,0,,0.00,
"intelectual,presente,propiedad",propiedad intelectual en las presentaciones,,0,,0.00,
"colombia,intelectual,presente,propiedad",propiedad intelectual en las presentaciones colombia,,0,,0.00,
"intelectual,propiedad,pymes",propiedad intelectual en las pymes,,0,,0.00,
"intelectual,propiedad,tcs",propiedad intelectual en las tcs,,0,,0.00,
"intelectual,propiedad,tic",propiedad intelectual en las tics,,0,,0.00,
"colombia,intelectual,propiedad,universidad",propiedad intelectual en las universidades de colombia,,0,,0.00,
"dinero,intelectual,propiedad,revista,universidad",propiedad intelectual en las universidades revista dinero,,0,,0.00,
"intelectual,licitaciones,propiedad",propiedad intelectual en licitaciones,,0,,0.00,
"analogo,intelectual,propiedad",propiedad intelectual en lo analogico,,0,,0.00,
"administrativo,contencioso,intelectual,propiedad",propiedad intelectual en lo contencioso administrativo,,0,,0.00,
"administrativo,colombia,contencioso,intelectual,propiedad",propiedad intelectual en lo contencioso administrativo colombia,,0,,0.00,
"colegio,intelectual,propiedad",propiedad intelectual en los colegios,,0,,0.00,
"edificio,enfermo,intelectual,propiedad",propiedad intelectual en los edificios enfermos,,0,,0.00,
"intelectual,juegos,propiedad,realidad,virtual",propiedad intelectual en los juegos de realidad virtual,,0,,0.00,
"intelectual,modelo,negocio,propiedad",propiedad intelectual en los modelos de negocios,,0,,0.00,
"intelectual,negocio,propiedad",propiedad intelectual en los negocios,,0,,0.00,
"desarrollo,intelectual,paises,propiedad",propiedad intelectual en los paises en desarrollo,,0,,0.00,
"intelectual,podcast,propiedad",propiedad intelectual en los podcast,,0,,0.00,
"intelectual,inteligencia,propiedad,telefono",propiedad intelectual en los telefonos inteligentes,,0,,0.00,
"intelectual,propiedad,transgenicos",propiedad intelectual en los transgenicos,,0,,0.00,
"comercial,intelectual,libro,propiedad,trata",propiedad intelectual en los tratados de libre comercio,,0,,0.00,
"intelectual,propiedad,videojuegos",propiedad intelectual en los videojuegos,,0,,0.00,
"intelectual,mapa,mental,propiedad",propiedad intelectual en mapa mental,,0,,0.00,
"energetico,intelectual,material,propiedad",propiedad intelectual en materia energetica,,0,,0.00,
"intelectual,medellin,propiedad",propiedad intelectual en medellin,,0,,0.00,
"digitales,intelectual,medio,propiedad",propiedad intelectual en medios digitales,,0,,0.00,
"intelectual,mercosur,propiedad",propiedad intelectual en mercosur,,0,,0.00,
"intelectual,metalmecanica,propiedad",propiedad intelectual en metalmecanica,,0,,0.00,
"definicion,intelectual,mexico,propiedad",propiedad intelectual en mexico definicion,,0,,0.00,
"intelectual,mexico,pdf,propiedad",propiedad intelectual en mexico pdf,,0,,0.00,
"intelectual,mexico,propiedad,tlcan",propiedad intelectual en mexico tlcan,,0,,0.00,
"intelectual,mexico,propiedad,unidos",propiedad intelectual en mexico y estados unidos,,0,,0.00,
"intelectual,mexico,pdf,propiedad",propiedad intelectual en méxico pdf,,0,,0.00,
"intelectual,paises,propiedad",propiedad intelectual en otros paises,,0,,0.00,
"intelectual,prestacion,propiedad,servicio",propiedad intelectual en prestacion de servicios,,0,,0.00,
"intelectual,prezi,propiedad",propiedad intelectual en prezi,,0,,0.00,
"intelectual,malu,prezi,propiedad",propiedad intelectual en prezi malu,,0,,0.00,
"farmaceutica,intelectual,productos,propiedad",propiedad intelectual en productos farmaceuticos,,0,,0.00,
"intelectual,productos,propiedad,transgenicos",propiedad intelectual en productos transgenicos,,0,,0.00,
"emprendimiento,intelectual,propiedad,proyecto",propiedad intelectual en proyecto de emprendimiento,,0,,0.00,
"intelectual,propiedad,pss",propiedad intelectual en pss,,0,,0.00,
"intelectual,propiedad,publico",propiedad intelectual en publicidad,,0,,0.00,
"colombia,intelectual,propiedad,publico",propiedad intelectual en publicidad colombia,,0,,0.00,
"intelectual,medio,propiedad,utiliza",propiedad intelectual en que medios se utiliza,,0,,0.00,
"divide,intelectual,propiedad",propiedad intelectual en que se divide,,0,,0.00,
"intelectual,propiedad,red",propiedad intelectual en redes,,0,,0.00,
"intelectual,propiedad,registro,sustancias",propiedad intelectual en registro de sustancias,,0,,0.00,
"intelectual,propiedad,reina,unidos",propiedad intelectual en reino unido,,0,,0.00,
"intelectual,propiedad,responsabilidad,social",propiedad intelectual en responsabilidad social,,0,,0.00,
"intelectual,marta,propiedad,santa",propiedad intelectual en santa marta,,0,,0.00,
"estricto,intelectual,propiedad,sentido",propiedad intelectual en sentido estricto,,0,,0.00,
"intelectual,propiedad,surinam",propiedad intelectual en surinam,,0,,0.00,
"intelectual,propiedad,tecnologia",propiedad intelectual en tecnologia,,0,,0.00,
"intelectual,propiedad,tlcan",propiedad intelectual en tlcan,,0,,0.00,
"intelectual,propiedad,proyecto,u",propiedad intelectual en u proyecto,,0,,0.00,
"contrato,intelectual,propiedad",propiedad intelectual en un contrato,,0,,0.00,
"convenio,empresarial,intelectual,propiedad",propiedad intelectual en un convenio empresarial,,0,,0.00,
"grado,intelectual,propiedad,trabajo",propiedad intelectual en un trabajo de grado,,0,,0.00,
"alianza,estrategica,intelectual,propiedad",propiedad intelectual en una alianza estrategica,,0,,0.00,
"cafeteria,intelectual,propiedad",propiedad intelectual en una cafeteria,,0,,0.00,
"animado,entidad,intelectual,lucro,propiedad",propiedad intelectual en una entidad sin ánimo de lucro,,0,,0.00,
"europea,intelectual,propiedad,union",propiedad intelectual en union europea,,0,,0.00,
"intelectual,propiedad,word",propiedad intelectual en word,,0,,0.00,
"intelectual,propiedad,youtube",propiedad intelectual en youtube,,0,,0.00,
"ensayo,intelectual,propiedad",propiedad intelectual ensayo,,0,,0.00,
"ensayo,intelectual,introduccion,propiedad",propiedad intelectual ensayo introduccion,,0,,0.00,
"ensayo,intelectual,propiedad,udea",propiedad intelectual ensayo udes,,0,,0.00,
"ensayo,intelectual,propiedad",propiedad intelectual ensayos,,0,,0.00,
"entidad,intelectual,propiedad",propiedad intelectual entidad,,0,,0.00,
"digital,entorno,intelectual,propiedad",propiedad intelectual entorno digital,,0,,0.00,
"colombia,intelectual,propiedad,unidos",propiedad intelectual entre colombia y estados unidos,,0,,0.00,
"empresa,intelectual,paises,propiedad",propiedad intelectual entre empresas y paises,,0,,0.00,
"empresa,intelectual,propiedad,universidad",propiedad intelectual entre empresas y universidades,,0,,0.00,
"equity,intelectual,propiedad",propiedad intelectual equity,,0,,0.00,
"digital,intelectual,propiedad",propiedad intelectual era digital,,0,,0.00,
"ernesto,garcia,intelectual,propiedad,rengifo",propiedad intelectual ernesto rengifo garcia,,0,,0.00,
"ernesto,garcía,intelectual,pdf,propiedad,rengifo",propiedad intelectual ernesto rengifo garcía pdf,,0,,0.00,
"aseguradora,intelectual,propiedad",propiedad intelectual es asegurable,,0,,0.00,
"intelectual,mismo,patente,propiedad",propiedad intelectual es lo mismo de patentes,,0,,0.00,
"copyright,intelectual,mismo,propiedad",propiedad intelectual es lo mismo que copyright,,0,,0.00,
"autores,derecho,intelectual,mismo,propiedad",propiedad intelectual es lo mismo que derecho de autor,,0,,0.00,
"intelectual,nintendo,posible,propiedad,vender",propiedad intelectual es posible vender nintendos,,0,,0.00,
"civil,intelectual,proceso,propiedad",propiedad intelectual es un proceso civil,,0,,0.00,
"especializaciones,intelectual,propiedad",propiedad intelectual especialización,,0,,0.00,
"especial,intelectual,propiedad,vegetales",propiedad intelectual especies vegetales,,0,,0.00,
"forma,intelectual,propiedad",propiedad intelectual esta formada por,,0,,0.00,
"intelectual,propiedad,unidos,usmca",propiedad intelectual estados unidos con usmca,,0,,0.00,
"china,intelectual,propiedad,unidos",propiedad intelectual estados unidos y china,,0,,0.00,
"forma,intelectual,propiedad",propiedad intelectual está formado por,,0,,0.00,
"eventos,intelectual,propiedad",propiedad intelectual eventos,,0,,0.00,
"exma,intelectual,propiedad",propiedad intelectual exma,,0,,0.00,
"externa,intelectual,propiedad",propiedad intelectual externado,,0,,0.00,
"externa,intelectual,medellin,propiedad",propiedad intelectual externado medellin,,0,,0.00,
"actividades,externa,intelectual,propiedad,valuacion",propiedad intelectual externado valuacion de activos,,0,,0.00,
"facultad,intelectual,personas,propiedad",propiedad intelectual facultad que tiene una persona,,0,,0.00,
"farmaceutica,intelectual,propiedad",propiedad intelectual farmaceuticas,,0,,0.00,
"cafe,fedecafe,intelectual,propiedad",propiedad intelectual fedecafe y cafe,,0,,0.00,
"cultura,festival,intelectual,propiedad",propiedad intelectual festival cultural,,0,,0.00,
"festivales,intelectual,propiedad",propiedad intelectual festivales,,0,,0.00,
"filosofia,intelectual,propiedad",propiedad intelectual filosofia,,0,,0.00,
"educativa,fin,intelectual,propiedad",propiedad intelectual fines educativos,,0,,0.00,
"fondo,intelectual,propiedad",propiedad intelectual fondo,,0,,0.00,
"formulario,intelectual,propiedad",propiedad intelectual formulario,,0,,0.00,
"alfa,for,intelectual,propiedad",propiedad intelectual foro alfa,,0,,0.00,
"foroalfa,intelectual,propiedad",propiedad intelectual foroalfa,,0,,0.00,
"fotografia,intelectual,propiedad,videos",propiedad intelectual fotografias y videos,,0,,0.00,
"colombia,fotografia,intelectual,propiedad,videos",propiedad intelectual fotografias y videos colombia,,0,,0.00,
"fotografía,intelectual,propiedad",propiedad intelectual fotografía,,0,,0.00,
"fotografía,intelectual,propiedad,simbolo",propiedad intelectual fotografía simbolo,,0,,0.00,
"facebook,fotos,intelectual,propiedad",propiedad intelectual fotos facebook,,0,,0.00,
"colombia,francia,intelectual,propiedad",propiedad intelectual francia colombia,,0,,0.00,
"frases,intelectual,propiedad",propiedad intelectual frases,,0,,0.00,
"celebra,frases,intelectual,propiedad",propiedad intelectual frases celebres,,0,,0.00,
"free,intelectual,propiedad",propiedad intelectual free,,0,,0.00,
"frente,intelectual,medicamentos,propiedad",propiedad intelectual frente a medicamentos,,0,,0.00,
"ganancia,intelectual,propiedad",propiedad intelectual ganancias,,0,,0.00,
"genero,intelectual,propiedad",propiedad intelectual generada,,0,,0.00,
"genero,intelectual,propiedad",propiedad intelectual genero,,0,,0.00,
"especial,genero,intelectual,propiedad",propiedad intelectual genero-especie,,0,,0.00,
"genetica,intelectual,propiedad",propiedad intelectual genetica,,0,,0.00,
"gerencia,intelectual,propiedad",propiedad intelectual gerencie,,0,,0.00,
"gif,intelectual,propiedad",propiedad intelectual gif,,0,,0.00,
"gilgamesh,intelectual,propiedad",propiedad intelectual gilgamesh,,0,,0.00,
"10389,623,article,cl,gob,intelectual,propiedad",propiedad intelectual gob cl 623 article 10389,,0,,0.00,
"academico,google,intelectual,propiedad",propiedad intelectual google academico,,0,,0.00,
"adwords,google,intelectual,propiedad",propiedad intelectual google adwords,,0,,0.00,
"gracias,intelectual,propiedad",propiedad intelectual gracias,,0,,0.00,
"gratis,intelectual,propiedad",propiedad intelectual gratis,,0,,0.00,
"grupo,intelectual,investigacion,propiedad",propiedad intelectual grupos de investigacion,,0,,0.00,
"conyugal,hacer,intelectual,partes,propiedad,sociedad",propiedad intelectual hace parte de la sociedad conyugal,,0,,0.00,
"hacia,inmaterial,intelectual,patrimonio,propiedad",propiedad intelectual hacia el patrimonio inmaterial,,0,,0.00,
"hegel,intelectual,propiedad",propiedad intelectual hegel,,0,,0.00,
"historia,intelectual,pdf,propiedad",propiedad intelectual historia pdf,,0,,0.00,
"historieta,intelectual,propiedad",propiedad intelectual historieta,,0,,0.00,
"historiia,intelectual,propiedad",propiedad intelectual historiia,,0,,0.00,
"estate,horizontal,intelectual,propiedad",propiedad intelectual horizontal y estatal,,0,,0.00,
"clausula,icc,intelectual,propiedad",propiedad intelectual icc clausulas,,0,,0.00,
"icono,intelectual,propiedad",propiedad intelectual icon,,0,,0.00,
"icono,intelectual,png,propiedad",propiedad intelectual icon png,,0,,0.00,
"idustrial,intelectual,propiedad",propiedad intelectual idustrial,,0,,0.00,
"ilustracion,intelectual,propiedad",propiedad intelectual ilustracion,,0,,0.00,
"animado,imagenes,intelectual,propiedad",propiedad intelectual imagenes animadas,,0,,0.00,
"gratuita,imagenes,intelectual,propiedad",propiedad intelectual imagenes gratuitas,,0,,0.00,
"imagenes,intelectual,internet,propiedad",propiedad intelectual imagenes internet,,0,,0.00,
"imagenes,intelectual,libro,propiedad",propiedad intelectual imagenes libres,,0,,0.00,
"definicion,imagenes,intelectual,propiedad",propiedad intelectual imagenes y definicion,,0,,0.00,
"impio,intelectual,propiedad",propiedad intelectual impi,,0,,0.00,
"importancia,intelectual,internacionales,negocio,propiedad",propiedad intelectual importancia en negocios internacionales,,0,,0.00,
"incluido,intelectual,propiedad",propiedad intelectual incluye,,0,,0.00,
"geografica,indicadores,intelectual,propiedad",propiedad intelectual indicaciones geograficas,,0,,0.00,
"colectiva,individules,intelectual,propiedad",propiedad intelectual individula y colectiva,,0,,0.00,
"industial,intelectual,propiedad",propiedad intelectual industial,,0,,0.00,
"comercial,industrial,intelectual,propiedad",propiedad intelectual industria y comercio,,0,,0.00,
"diferencia,industrial,intelectual,propiedad",propiedad intelectual industrial diferencia,,0,,0.00,
"colombia,industrial,intelectual,propiedad",propiedad intelectual industrial en colombia,,0,,0.00,
"industrial,ingles,intelectual,propiedad",propiedad intelectual industrial en ingles,,0,,0.00,
"comercial,industrial,intelectual,propiedad",propiedad intelectual industrial y comercial,,0,,0.00,
"derecho,industrial,intelectual,patrimoniales,propiedad",propiedad intelectual industrial y derechos patrimoniales,,0,,0.00,
"creatividad,cultura,industrial,intelectual,propiedad",propiedad intelectual industrias culturals y creativas,,0,,0.00,
"infografía,intelectual,propiedad",propiedad intelectual infografía,,0,,0.00,
"confidencial,informacion,intelectual,propiedad",propiedad intelectual informacion confidencial,,0,,0.00,
"informacion,intelectual,propiedad",propiedad intelectual informacion intelectual,,0,,0.00,
"cofidencial,informe,intelectual,propiedad",propiedad intelectual información cofidencial,,0,,0.00,
"confidencial,informe,intelectual,propiedad",propiedad intelectual información confidencial,,0,,0.00,
"ejemplos,informatica,intelectual,propiedad",propiedad intelectual informatica ejemplos,,0,,0.00,
"gestion,informe,intelectual,propiedad",propiedad intelectual informe de gestion,,0,,0.00,
"informatica,intelectual,propiedad",propiedad intelectual informática,,0,,0.00,
"industrial,ingenieria,intelectual,propiedad",propiedad intelectual ingenieria industrial,,0,,0.00,
"inglrs,intelectual,propiedad",propiedad intelectual inglres,,0,,0.00,
"inmaterial,intelectual,propiedad",propiedad intelectual inmaterial,,0,,0.00,
"innocente,intelectual,propiedad",propiedad intelectual innocentive,,0,,0.00,
"in,intelectual,propiedad",propiedad intelectual ins,,0,,0.00,
"educativa,instituciones,intelectual,propiedad",propiedad intelectual instituciones educativas,,0,,0.00,
"instituto,intelectual,propiedad",propiedad intelectual instituto de propiedad intelectual,,0,,0.00,
"instituto,intelectual,nacional,propiedad,salud",propiedad intelectual instituto nacional de salud,,0,,0.00,
"colombia,intangibles,intelectual,propiedad",propiedad intelectual intangibles+ colombia,,0,,0.00,
"intelectual,inteligencia,propiedad,tecnologicos",propiedad intelectual inteligencia tecnologica,,0,,0.00,
"intelectual,internacioanl,propiedad",propiedad intelectual internacioanl,,0,,0.00,
"consulta,intelectual,internacional,propiedad",propiedad intelectual internacional consulta,,0,,0.00,
"intelectual,introduccion,propiedad",propiedad intelectual introduccion,,0,,0.00,
"intelectual,introduccion,propiedad,scribd",propiedad intelectual introduccion scribd,,0,,0.00,
"intelectual,introduccion,propiedad",propiedad intelectual introducción,,0,,0.00,
"intelectual,invento,propiedad",propiedad intelectual inventos,,0,,0.00,
"intelectual,inversiones,propiedad",propiedad intelectual inversiones,,0,,0.00,
"intelectual,investigacion,propiedad",propiedad intelectual investigacion,,0,,0.00,
"intelectual,investigacion,propiedad,upb",propiedad intelectual investigacion upb,,0,,0.00,
"intelectual,investigación,propiedad,unal",propiedad intelectual investigaciones unal,,0,,0.00,
"intelectual,italia,propiedad",propiedad intelectual italia,,0,,0.00,
"intelectual,japon,propiedad",propiedad intelectual japon,,0,,0.00,
"intelectual,javeriana,propiedad",propiedad intelectual javeriana,,0,,0.00,
"intelectual,javeriana,juan,propiedad",propiedad intelectual javeriana juan,,0,,0.00,
"camilo,contreras,intelectual,javeriana,juan,propiedad",propiedad intelectual javeriana juan camilo contreras,,0,,0.00,
"camilo,contreras,correo,electronica,intelectual,javeriana,juan,propiedad",propiedad intelectual javeriana juan camilo contreras correo electrónico,,0,,0.00,
"daza,intelectual,jhon,propiedad",propiedad intelectual jhon daza,,0,,0.00,
"intelectual,patente,propiedad",propiedad intelectual la patente,,0,,0.00,
"intelectual,propiedad,rioja,universidad",propiedad intelectual la rioja universidad,,0,,0.00,
"camacho,intelectual,laura,propiedad",propiedad intelectual laura camacho,,0,,0.00,
"intelectual,propiedad",propiedad intelectual le,,0,,0.00,
"colombiano,intelectual,legislacion,propiedad",propiedad intelectual legislacion colombiana,,0,,0.00,
"intelectual,lego,propiedad",propiedad intelectual lego,,0,,0.00,
"intelectual,leoni,propiedad",propiedad intelectual leoni,,0,,0.00,
"intelectual,leonisa,propiedad",propiedad intelectual leonisa,,0,,0.00,
"colombiano,intelectual,ley,propiedad",propiedad intelectual ley colombiana,,0,,0.00,
"colombiano,intelectual,ley,propiedad",propiedad intelectual leyes colombianas,,0,,0.00,
"intelectual,ley,mexicana,propiedad",propiedad intelectual leyes mexicanas,,0,,0.00,
"colombia,decreto,intelectual,ley,propiedad",propiedad intelectual leyes y decretos colombia,,0,,0.00,
"colombia,intelectual,libro,propiedad",propiedad intelectual libros colombia,,0,,0.00,
"intelectual,libro,propiedad,sentencia",propiedad intelectual libros sentencias,,0,,0.00,
"desarrollo,economica,intelectual,limites,propiedad",propiedad intelectual limite al desarrollo economico,,0,,0.00,
"intelectual,litigio,propiedad",propiedad intelectual litigios,,0,,0.00,
"farmaceutica,intelectual,laboratotio,litigio,propiedad",propiedad intelectual litigios laboratotios farmaceuticos,,0,,0.00,
"intelectual,logo,propiedad",propiedad intelectual logos,,0,,0.00,
"conexos,derecho,intelectual,propiedad",propiedad intelectual los derechos conexos,,0,,0.00,
"guillermo,intelectual,lue,propiedad,restrepo",propiedad intelectual lues guillermo restrepo,,0,,0.00,
"guillermo,intelectual,luis,propiedad,restrepo",propiedad intelectual luis guillermo restrepo,,0,,0.00,
"bogota,intelectual,maestria,propiedad",propiedad intelectual maestria bogota,,0,,0.00,
"colombia,intangibles,intelectual,manejo,propiedad",propiedad intelectual manejo de intangibles colombia,,0,,0.00,
"intangibles,intelectual,manejo,propiedad",propiedad intelectual manejos intangibles,,0,,0.00,
"intelectual,manual,propiedad",propiedad intelectual manuales,,0,,0.00,
"intelectual,mapa,propiedad",propiedad intelectual mapa,,0,,0.00,
"intelectual,marca,propiedad,registro",propiedad intelectual marca registrada,,0,,0.00,
"intelectual,marca,propiedad,registro",propiedad intelectual marca registradas,,0,,0.00,
"colombia,intelectual,marca,propiedad",propiedad intelectual marcas en colombia,,0,,0.00,
"intelectual,marca,png,propiedad",propiedad intelectual marcas png,,0,,0.00,
"colombia,intelectual,marca,propiedad,registro",propiedad intelectual marcas registradas en colombia,,0,,0.00,
"colombia,costo,intelectual,marca,propiedad,registro",propiedad intelectual marcas registradas en colombia costos,,0,,0.00,
"intelectual,marca,propiedad,registro",propiedad intelectual marcas y como registrarlas,,0,,0.00,
"colombia,intelectual,marca,patente,propiedad",propiedad intelectual marcas y patentes colombia,,0,,0.00,
"intelectual,juridica,marca,propiedad",propiedad intelectual marco juridico,,0,,0.00,
"intelectual,maria,propiedad,socorro",propiedad intelectual maria del socorro,,0,,0.00,
"intelectual,mark,propiedad,zuckerbeerg",propiedad intelectual mark zuckerbeerg,,0,,0.00,
"intelectual,investigacion,material,propiedad",propiedad intelectual material investigacion,,0,,0.00,
"intelectual,mcdonalds,propiedad",propiedad intelectual mcdonalds,,0,,0.00,
"aspectos,intelectual,mecanica,pago,propiedad,seguridad",propiedad intelectual mecanismos de pago y aspectos de seguridad,,0,,0.00,
"intelectual,medellin,propiedad",propiedad intelectual medellin,,0,,0.00,
"ambiental,intelectual,medio,propiedad",propiedad intelectual medio ambiente,,0,,0.00,
"intelectual,meme,propiedad",propiedad intelectual memes,,0,,0.00,
"intelectual,mercosur,propiedad",propiedad intelectual mercosur,,0,,0.00,
"intelectual,mies,propiedad",propiedad intelectual mies,,0,,0.00,
"defensa,intelectual,ministerio,nacional,propiedad",propiedad intelectual ministerio de defensa nacional,,0,,0.00,
"intelectual,interior,ministerio,propiedad",propiedad intelectual ministerio del interior,,0,,0.00,
"intelectual,mis,propiedad",propiedad intelectual mises,,0,,0.00,
"intelectual,mision,propiedad,salud",propiedad intelectual mision salud,,0,,0.00,
"intelectual,mision,propiedad,vision",propiedad intelectual mision y vision,,0,,0.00,
"intelectual,modal,propiedad",propiedad intelectual modalidades,,0,,0.00,
"autores,intelectual,modelo,propiedad",propiedad intelectual modelos de autoría,,0,,0.00,
"intelectual,modelo,propiedad,utilidad",propiedad intelectual modelos de utilidad,,0,,0.00,
"deautor,intelectual,modelo,propiedad",propiedad intelectual modelos deautoría,,0,,0.00,
"ejemplos,intelectual,modelo,patente,propiedad",propiedad intelectual modelos ejemplos y patentes,,0,,0.00,
"ejemplosy,intelectual,modelo,patente,propiedad",propiedad intelectual modelos ejemplosy patentes,,0,,0.00,
"intelectual,monopolio,propiedad",propiedad intelectual monopolio,,0,,0.00,
"intelectual,morales,propiedad",propiedad intelectual moral,,0,,0.00,
"chile,intelectual,musica,propiedad",propiedad intelectual musica chile,,0,,0.00,
"españa,intelectual,musica,propiedad",propiedad intelectual musica españa,,0,,0.00,
"intelectual,nacional,propiedad",propiedad intelectual nacional,,0,,0.00,
"intelectual,nafta,propiedad",propiedad intelectual nafta,,0,,0.00,
"intelectual,natalia,propiedad",propiedad intelectual natalia,,0,,0.00,
"cientech,intelectual,natalia,propiedad",propiedad intelectual natalia cientech,,0,,0.00,
"intelectual,nathan,propiedad",propiedad intelectual nathan,,0,,0.00,
"intelectual,ne,propiedad,universidad",propiedad intelectual ne las universidades,,0,,0.00,
"galletas,intelectual,negocio,propiedad",propiedad intelectual negocio de galletas,,0,,0.00,
"intelectual,niif,propiedad",propiedad intelectual niif,,0,,0.00,
"intelectual,propiedad,tradicional",propiedad intelectual no tradicional,,0,,0.00,
"intelectual,nombre,propiedad",propiedad intelectual nombre,,0,,0.00,
"circuito,diseño,intelectual,nombre,propiedad",propiedad intelectual nombres de diseño de circuitos,,0,,0.00,
"dominio,intelectual,nombre,propiedad",propiedad intelectual nombres de dominio,,0,,0.00,
"intelectual,normas,propiedad",propiedad intelectual norma,,0,,0.00,
"intelectual,normas,propiedad",propiedad intelectual normas,,0,,0.00,
"apa,intelectual,normas,propiedad",propiedad intelectual normas apa,,0,,0.00,
"intelectual,normatividad,propiedad",propiedad intelectual normatividad,,0,,0.00,
"colombiano,intelectual,normatividad,propiedad",propiedad intelectual normatividad colombiana,,0,,0.00,
"conocimiento,dar,intelectual,propiedad,puede",propiedad intelectual nos puede dar a conocer,,0,,0.00,
"creacion,intelectual,nueva,propiedad",propiedad intelectual nuevas creaciones,,0,,0.00,
"creacion,definicion,intelectual,nueva,propiedad",propiedad intelectual nuevas creaciones definicion,,0,,0.00,
"acceso,cultura,intelectual,libro,nueva,propiedad,tecnologicos",propiedad intelectual nuevas tecnologías y libre acceso a la cultura,,0,,0.00,
"considera,etica,intelectual,propiedad",propiedad intelectual o consideraciones eticas,,0,,0.00,
"comercial,copdigo,industrial,intelectual,propiedad",propiedad intelectual o industrial copdigo de comercio,,0,,0.00,
"colombia,intelectual,marca,propiedad",propiedad intelectual o marcas en colombia,,0,,0.00,
"colombia,intelectual,ley,marca,propiedad",propiedad intelectual o marcas en colombia ley,,0,,0.00,
"colombia,comercial,intelectual,ley,marca,propiedad",propiedad intelectual o marcas en colombia ley para comerciantes,,0,,0.00,
"industrail,intelectual,propiedad",propiedad intelectual o propiedad industrail,,0,,0.00,
"encarga,intelectual,obra,propiedad",propiedad intelectual obra por encargo,,0,,0.00,
"arte,intelectual,obra,propiedad",propiedad intelectual obras de arte,,0,,0.00,
"contrato,cumplimiento,intelectual,obra,propiedad",propiedad intelectual obras en cumplimiento de un contrato,,0,,0.00,
"28,arte,contrato,cumplimiento,intelectual,obra,propiedad",propiedad intelectual obras en cumplimiento de un contrato art 28,,0,,0.00,
"intelectual,musicales,obra,propiedad",propiedad intelectual obras musicales,,0,,0.00,
"intelectual,obtencion,propiedad,silvestre,vegetales",propiedad intelectual obtenciones vegetales silvestres,,0,,0.00,
"intelectual,ocde,propiedad",propiedad intelectual ocde,,0,,0.00,
"colombia,intelectual,ocde,propiedad",propiedad intelectual ocde en colombia,,0,,0.00,
"intelectual,ofertas,propiedad",propiedad intelectual oferta,,0,,0.00,
"intelectual,laborales,ofertas,propiedad",propiedad intelectual ofertas laborales,,0,,0.00,
"intelectual,patente,propiedad,transgenicos",propiedad intelectual off-patents transgenicos,,0,,0.00,
"intelectual,offshore,propiedad",propiedad intelectual offshore,,0,,0.00,
"intelectual,ip,oficina,propiedad",propiedad intelectual oficinas ip,,0,,0.00,
"intelectual,oma,propiedad",propiedad intelectual oma,,0,,0.00,
"intelectual,omc,pdf,propiedad",propiedad intelectual omc pdf,,0,,0.00,
"intelectual,online,propiedad",propiedad intelectual online,,0,,0.00,
"colombia,intelectual,online,propiedad,tasa",propiedad intelectual online tasa colombia,,0,,0.00,
"intelectual,open,propiedad",propiedad intelectual open,,0,,0.00,
"intelectual,open,propiedad,source",propiedad intelectual open source,,0,,0.00,
"g,intelectual,p,propiedad",propiedad intelectual p&g,,0,,0.00,
"intelectual,p,propiedad",propiedad intelectual p.i,,0,,0.00,
"intelectual,pagina,propiedad,web",propiedad intelectual pagina web,,0,,0.00,
"emergencia,intelectual,paises,propiedad",propiedad intelectual paises emergentes,,0,,0.00,
"2017,intelectual,panama,propiedad",propiedad intelectual panama 2017,,0,,0.00,
"intelectual,panel,propiedad,shin,solo,zn",propiedad intelectual panel solar zn shine,,0,,0.00,
"intelectual,panel,propiedad,solo,znshine",propiedad intelectual panel solar znshine,,0,,0.00,
"colombia,crear,intelectual,libro,propiedad",propiedad intelectual para crear un libro en colombia,,0,,0.00,
"dibujos,intelectual,propiedad",propiedad intelectual para dibujar,,0,,0.00,
"agricola,intelectual,propiedad,sector",propiedad intelectual para el sector agricola,,0,,0.00,
"agricola,intelectual,propiedad,sector",propiedad intelectual para el sector agrícola,,0,,0.00,
"elementos,grafica,intelectual,propiedad",propiedad intelectual para elementos graficos,,0,,0.00,
"intelectual,propiedad,unidos",propiedad intelectual para estados unidos,,0,,0.00,
"exponer,intelectual,propiedad",propiedad intelectual para exponer,,0,,0.00,
"exportar,intelectual,propiedad",propiedad intelectual para exportar,,0,,0.00,
"intelectual,joyeria,propiedad",propiedad intelectual para joyerias,,0,,0.00,
"creacion,empresa,intelectual,propiedad",propiedad intelectual para la creacion de una empresa,,0,,0.00,
"creacion,ejemplos,empresa,intelectual,propiedad",propiedad intelectual para la creacion de una empresa ejemplos,,0,,0.00,
"creacion,empresa,intelectual,propiedad",propiedad intelectual para la creacion e una empresa,,0,,0.00,
"creacion,innovación,intelectual,nacional,nueva,propiedad",propiedad intelectual para la innovación y creación de nuevas naciones,,0,,0.00,
"intelectual,medicamentos,propiedad",propiedad intelectual para medicamentos,,0,,0.00,
"intelectual,productos,propiedad",propiedad intelectual para mi producto,,0,,0.00,
"intelectual,museo,propiedad",propiedad intelectual para museos,,0,,0.00,
"intelectual,propiedad,proyecto,social",propiedad intelectual para proyectos sociales,,0,,0.00,
"intelectual,propiedad,restaurante",propiedad intelectual para restaurantes,,0,,0.00,
"intelectual,propiedad,software",propiedad intelectual para software,,0,,0.00,
"intelectual,propiedad,salud,software",propiedad intelectual para software en la salud,,0,,0.00,
"intelectual,ley,propiedad,software",propiedad intelectual para software ley,,0,,0.00,
"empresa,intelectual,propiedad",propiedad intelectual para una empresa,,0,,0.00,
"intelectual,paraguay,propiedad",propiedad intelectual paraguay,,0,,0.00,
"intelectual,pasto,propiedad",propiedad intelectual pasto,,0,,0.00,
"autores,derecho,intelectual,patente,propiedad",propiedad intelectual patente y derechos de autor,,0,,0.00,
"contrato,intelectual,patente,propiedad",propiedad intelectual patentes contratos,,0,,0.00,
"intelectual,invencion,patente,propiedad",propiedad intelectual patentes de invencion,,0,,0.00,
"intelectual,internacional,patente,propiedad",propiedad intelectual patentes internacional,,0,,0.00,
"intelectual,legal,marca,patente,propiedad",propiedad intelectual patentes marco legal,,0,,0.00,
"autores,derecho,intelectual,patente,propiedad",propiedad intelectual patentes y derechos de autor,,0,,0.00,
"autores,colombia,derecho,intelectual,patente,propiedad",propiedad intelectual patentes y derechos de autor en colombia,,0,,0.00,
"intelectual,marca,patente,propiedad",propiedad intelectual patentes y marcas,,0,,0.00,
"intelectual,pdf,propiedad,udea",propiedad intelectual pdf en udes,,0,,0.00,
"indecopi,intelectual,pdf,propiedad",propiedad intelectual pdf indecopi,,0,,0.00,
"colombia,intelectual,ley,pdf,propiedad",propiedad intelectual pdf leyes colombia,,0,,0.00,
"intelectual,libro,pdf,propiedad",propiedad intelectual pdf libro,,0,,0.00,
"intelectual,mexico,pdf,propiedad",propiedad intelectual pdf mexico,,0,,0.00,
"intelectual,mx,pdf,propiedad",propiedad intelectual pdf mx,,0,,0.00,
"intelectual,ompi,pdf,propiedad",propiedad intelectual pdf ompi,,0,,0.00,
"intelectual,pdf,peru,propiedad",propiedad intelectual pdf peru,,0,,0.00,
"intelectual,pdf,propiedad,unam",propiedad intelectual pdf unam,,0,,0.00,
"cara,intelectual,pelicula,propiedad",propiedad intelectual pelicula cars,,0,,0.00,
"intelectual,pensum,propiedad,ucaldas",propiedad intelectual pensum ucaldas,,0,,0.00,
"intelectual,pepsico,propiedad",propiedad intelectual pepsico,,0,,0.00,
"aluminio,intelectual,perfil,propiedad",propiedad intelectual perfiles de aluminio,,0,,0.00,
"intelectual,perfumeria,propiedad",propiedad intelectual perfumeria,,0,,0.00,
"intelectual,periodo,propiedad",propiedad intelectual periodico,,0,,0.00,
"colombia,intelectual,periodo,propiedad",propiedad intelectual periodico colombia,,0,,0.00,
"colombia,intelectual,marca,periodo,propiedad",propiedad intelectual periodico colombia marca,,0,,0.00,
"intelectual,juridica,natural,personas,propiedad",propiedad intelectual persona natural y juridica,,0,,0.00,
"byron,delgado,intelectual,medina,phd,propiedad",propiedad intelectual phd byron medina delgado,,0,,0.00,
"intelectual,pib,propiedad",propiedad intelectual pib,,0,,0.00,
"intelectual,pinterest,propiedad",propiedad intelectual pinterest,,0,,0.00,
"intelectual,plagio,propiedad",propiedad intelectual plagio,,0,,0.00,
"intelectual,plan,propiedad",propiedad intelectual planos,,0,,0.00,
"civil,intelectual,plan,propiedad",propiedad intelectual planos civiles,,0,,0.00,
"intelectual,plantilla,presente,propiedad",propiedad intelectual plantilla de presentaciones,,0,,0.00,
"intelectual,plastico,propiedad",propiedad intelectual plasticos,,0,,0.00,
"intelectual,pmi,propiedad",propiedad intelectual pmi,,0,,0.00,
"intelectual,piloto,pmi,propiedad",propiedad intelectual pmi piloto,,0,,0.00,
"intelectual,postgres,propiedad",propiedad intelectual postgrado,,0,,0.00,
"intelectual,pppt,propiedad",propiedad intelectual pppt,,0,,0.00,
"intelectual,jose,prezi,propiedad",propiedad intelectual prezi jose,,0,,0.00,
"intelectual,principios,propiedad",propiedad intelectual principios,,0,,0.00,
"intelectual,proceso,propiedad",propiedad intelectual proceso,,0,,0.00,
"colombia,intelectual,iraca,palma,productos,propiedad",propiedad intelectual producto en palma de iraca colombia,,0,,0.00,
"indigenas,intelectual,productos,propiedad",propiedad intelectual productos indigenas,,0,,0.00,
"empresarial,industrial,intelectual,propiedad,secreto",propiedad intelectual propiedad industrial o secreto empresarial,,0,,0.00,
"empresarial,industrial,intelectual,muñecos,propiedad,secreto",propiedad intelectual propiedad industrial o secreto empresarial muñecos,,0,,0.00,
"autores,derecho,industrial,intelectual,propiedad",propiedad intelectual propiedad industrial y derecho de autor,,0,,0.00,
"insutrial,intelectual,propiedad",propiedad intelectual propiedad insutrial,,0,,0.00,
"intelectual,patrimonio,propiedad",propiedad intelectual propiedad patrimonial,,0,,0.00,
"intelectual,propiedad,proteccion",propiedad intelectual proteccion,,0,,0.00,
"intelectual,propiedad,proteccion,variedades,vegetales",propiedad intelectual protección de las variedades vegetales,,0,,0.00,
"intelectual,propiedad,proteger",propiedad intelectual protege,,0,,0.00,
"arquitectonico,intelectual,propiedad,proyecto",propiedad intelectual proyecto arquitectonico,,0,,0.00,
"arquitectonico,clausula,intelectual,propiedad,proyecto",propiedad intelectual proyecto arquitectonico clausula,,0,,0.00,
"arquitectura,intelectual,propiedad,proyecto",propiedad intelectual proyecto arquitectura,,0,,0.00,
"arquitectura,colombia,intelectual,propiedad,proyecto",propiedad intelectual proyecto arquitectura colombia,,0,,0.00,
"intelectual,propiedad,proyecto",propiedad intelectual proyectos,,0,,0.00,
"arquitectura,colombia,intelectual,propiedad,proyecto",propiedad intelectual proyectos arquitectura colombia,,0,,0.00,
"intelectual,investigación,propiedad,proyecto",propiedad intelectual proyectos de investigación,,0,,0.00,
"concurso,intelectual,propiedad,puntaje",propiedad intelectual puntaje concursos,,0,,0.00,
"intelectual,propiedad,punto",propiedad intelectual puntos,,0,,0.00,
"intelectual,propiedad,pymes",propiedad intelectual pymes,,0,,0.00,
"derecho,intelectual,propiedad,proteger",propiedad intelectual que derechos protegen,,0,,0.00,
"colombia,intelectual,propiedad",propiedad intelectual que es colombia,,0,,0.00,
"colombia,intelectual,propiedad,truibutio",propiedad intelectual que es en truibutio colombia,,0,,0.00,
"habla,intelectual,propiedad,software",propiedad intelectual que habla del software,,0,,0.00,
"atribuciones,estan,intelectual,ley,propiedad",propiedad intelectual que no estan atribuidos a la ley,,0,,0.00,
"bien,civil,codigo,colombiano,intelectual,propiedad,tipos",propiedad intelectual que tipo de bienes codigo civil colombiano,,0,,0.00,
"intelectual,propiedad,quenya",propiedad intelectual quenya,,0,,0.00,
"autores,intelectual,propiedad",propiedad intelectual quien es el autor,,0,,0.00,
"intelectual,propiedad,quitar",propiedad intelectual quito,,0,,0.00,
"innovacion,intelectual,legitima,proceso,propiedad,reconocimiento",propiedad intelectual reconocimiento del proceso legitimidad de innovacion,,0,,0.00,
"innovacion,intelectual,legit,proceso,propiedad,reconocimiento",propiedad intelectual reconocimiento del proceso legitividad de innovacion,,0,,0.00,
"genetica,intelectual,propiedad,recursos",propiedad intelectual recursos geneticos,,0,,0.00,
"intelectual,juridica,propiedad,regimen",propiedad intelectual regimen juridico,,0,,0.00,
"colombia,intelectual,propiedad,registro",propiedad intelectual registrada colombia,,0,,0.00,
"colombia,intelectual,marca,patente,propiedad,registro",propiedad intelectual registro de marcas y patentes en colombia,,0,,0.00,
"intelectual,obra,propiedad,registro",propiedad intelectual registro de obras,,0,,0.00,
"intelectual,international,propiedad,reglamento,trabajo",propiedad intelectual reglamento interno de trabajo,,0,,0.00,
"intelectual,propiedad,regulacion",propiedad intelectual regulacion,,0,,0.00,
"colombua,intelectual,propiedad,regulacion",propiedad intelectual regulacion en colombua,,0,,0.00,
"intelectual,propiedad,reina,unidos",propiedad intelectual reino unido,,0,,0.00,
"comercial,intelectual,propiedad,relacion",propiedad intelectual relacionad con el comercio,,0,,0.00,
"colombia,intelectual,plantas,propiedad,relacion",propiedad intelectual relacionada con las plantas en colombia,,0,,0.00,
"intelectual,laboral,propiedad,relacion",propiedad intelectual relación laboral,,0,,0.00,
"intelectual,propiedad,requisitos",propiedad intelectual requisitos,,0,,0.00,
"colombia,intelectual,propiedad,restaurante",propiedad intelectual restaurantes e colombia,,0,,0.00,
"intelectual,propiedad,resumen,videos",propiedad intelectual resumen del video,,0,,0.00,
"intelectual,propiedad,revista",propiedad intelectual revista,,0,,0.00,
"dinero,intelectual,propiedad,revista",propiedad intelectual revista dinero,,0,,0.00,
"intelectual,propiedad,revista",propiedad intelectual revistas,,0,,0.00,
"index,intelectual,propiedad,revista",propiedad intelectual revistas indexadas,,0,,0.00,
"aguila,intelectual,propiedad,richard",propiedad intelectual richard aguilar,,0,,0.00,
"intelectual,propiedad,ronda,uruguay",propiedad intelectual ronda de uruguay,,0,,0.00,
"intelectual,propiedad,salud",propiedad intelectual salud,,0,,0.00,
"intelectual,propiedad,samsung",propiedad intelectual samsung,,0,,0.00,
"intelectual,propiedad,scielo",propiedad intelectual scielo,,0,,0.00,
"intelectual,propiedad,scratch",propiedad intelectual scratch,,0,,0.00,
"intelectual,propiedad,scribd",propiedad intelectual scribd,,0,,0.00,
"cuanto,divide,intelectual,propiedad,ram",propiedad intelectual se divide en cuantas ramas,,0,,0.00,
"divide,dos,intelectual,propiedad",propiedad intelectual se divide en dos,,0,,0.00,
"comerciales,intelectual,propiedad,secreto",propiedad intelectual secretos comerciales,,0,,0.00,
"industriales,intelectual,propiedad,secreto",propiedad intelectual secretos industriales,,0,,0.00,
"confeccion,intelectual,propiedad,sector",propiedad intelectual sector confecciones,,0,,0.00,
"construccion,intelectual,propiedad,sector",propiedad intelectual sector construccion,,0,,0.00,
"electronica,intelectual,propiedad,sede",propiedad intelectual sede electronica,,0,,0.00,
"autores,intelectual,propiedad,segun",propiedad intelectual segun autor,,0,,0.00,
"intelectual,omc,propiedad,segun",propiedad intelectual segun la omc,,0,,0.00,
"intelectual,propiedad,segun,sicve",propiedad intelectual segun la sicv,,0,,0.00,
"intelectual,propiedad,segun,unesco",propiedad intelectual segun la unesco,,0,,0.00,
"informatica,intelectual,propiedad,seguridad",propiedad intelectual seguridad informatica,,0,,0.00,
"intelectual,propiedad,rae,segun",propiedad intelectual según la rae,,0,,0.00,
"intelectual,propiedad,semipresencial",propiedad intelectual semipresencial,,0,,0.00,
"intelectual,propiedad,sena",propiedad intelectual sena,,0,,0.00,
"2019,intelectual,propiedad,sennova",propiedad intelectual sennova 2019,,0,,0.00,
"colombia,intelectual,propiedad,sentencia",propiedad intelectual sentencia colombia,,0,,0.00,
"intelectual,propiedad,sentencia",propiedad intelectual sentencias,,0,,0.00,
"colombia,intelectual,propiedad,sic",propiedad intelectual sic colombia,,0,,0.00,
"curso,intelectual,propiedad,sic",propiedad intelectual sic curso,,0,,0.00,
"intelectual,propiedad,significadordad",propiedad intelectual significadordad,,0,,0.00,
"denominacion,distintos,intelectual,origen,propiedad,signo",propiedad intelectual signos distintivos denominacion de origen,,0,,0.00,
"denominacion,distintos,intelectual,origen,propiedad,significado,signo",propiedad intelectual signos distintivos denominacion de origen significado,,0,,0.00,
"comerciales,distintos,intelectual,lema,propiedad,signo",propiedad intelectual signos distintivos lemas comerciales,,0,,0.00,
"distintos,enseñanza,intelectual,nombre,propiedad,signo",propiedad intelectual signos distintivos nombre y enseñas,,0,,0.00,
"intelectual,propiedad,simbolo",propiedad intelectual simbolo,,0,,0.00,
"comerciales,fin,intelectual,propiedad",propiedad intelectual sin fines comerciales,,0,,0.00,
"intelectual,propiedad,sinonimos",propiedad intelectual sinonimos,,0,,0.00,
"abierto,intelectual,propiedad,sistema",propiedad intelectual sistema abierto,,0,,0.00,
"co,editorial,edu,intelectual,jus,novum,propiedad,site,ucatolica",propiedad intelectual site editorial.ucatolica.edu.co novum jus,,0,,0.00,
"como,intelectual,librerianacional,propiedad,site",propiedad intelectual site librerianacional.com,,0,,0.00,
"co,edu,intelectual,propiedad,site,ucatolica",propiedad intelectual site ucatolica.edu.co,,0,,0.00,
"co,edu,intelectual,jus,novum,propiedad,site,ucatolica",propiedad intelectual site ucatolica.edu.co novum jus,,0,,0.00,
"arte,colombia,ingigenas,intelectual,propiedad",propiedad intelectual sobre arte ingigena en colombia,,0,,0.00,
"conocimiento,intelectual,propiedad,vernacula",propiedad intelectual sobre el conocimiento vernáculo,,0,,0.00,
"intelectual,propiedad,vida",propiedad intelectual sobre la vida,,0,,0.00,
"ernesto,intelectual,propiedad,rengifo,vida",propiedad intelectual sobre la vida ernesto rengifo,,0,,0.00,
"biotecnologìa,intelectual,patente,propiedad,vida",propiedad intelectual sobre la vida patentes en biotecnologìa,,0,,0.00,
"escrito,intelectual,propiedad",propiedad intelectual sobre lo escrito,,0,,0.00,
"intelectual,programa,propiedad",propiedad intelectual sobre programas,,0,,0.00,
"academico,intelectual,programa,propiedad",propiedad intelectual sobre programas academicos,,0,,0.00,
"intelectual,propiedad,robot",propiedad intelectual sobre robot,,0,,0.00,
"intelectual,propiedad,semillas",propiedad intelectual sobre semillas,,0,,0.00,
"agricultores,derecho,intelectual,propiedad,semillas,upov",propiedad intelectual sobre semillas upov derechos de los agricultores,,0,,0.00,
"intelectual,propiedad,software",propiedad intelectual sobre software,,0,,0.00,
"intelectual,propiedad,ser,vivo",propiedad intelectual sobre un ser vivo,,0,,0.00,
"intelectual,propiedad,variedades,vegetales",propiedad intelectual sobre variedades vegetales,,0,,0.00,
"colombia,intelectual,propiedad,variedades,vegetales",propiedad intelectual sobre variedades vegetales en colombia,,0,,0.00,
"argentina,intelectual,propiedad,software",propiedad intelectual software argentina,,0,,0.00,
"chile,intelectual,propiedad,software",propiedad intelectual software chile,,0,,0.00,
"chile,intelectual,ley,propiedad,proteje,software",propiedad intelectual software chile que ley los proteje,,0,,0.00,
"colombia,empresa,intelectual,propiedad,software",propiedad intelectual software empresas colombia,,0,,0.00,
"intelectual,propiedad,salud,software",propiedad intelectual software en la salud,,0,,0.00,
"intelectual,libro,propiedad,software",propiedad intelectual software libre,,0,,0.00,
"fondo,imagen,intelectual,libro,propiedad,software",propiedad intelectual software libre imagen sin fondo,,0,,0.00,
"delito,informatica,intelectual,libro,propiedad,software",propiedad intelectual software libre y delitos informaticos,,0,,0.00,
"colombiano,intelectual,normatividad,propiedad,software",propiedad intelectual software normatividad colombiana,,0,,0.00,
"bien,intelectual,muebles,propiedad",propiedad intelectual son bienes muebles,,0,,0.00,
"intelectual,propiedad,sujeto",propiedad intelectual sujetos,,0,,0.00,
"intelectual,propiedad,sumicol",propiedad intelectual sumicol,,0,,0.00,
"intangibles,intelectual,propiedad,tangibles",propiedad intelectual tangible e intangible,,0,,0.00,
"intelectual,propiedad,tatuajes",propiedad intelectual tatuajes,,0,,0.00,
"colombia,intelectual,propiedad,tatuajes",propiedad intelectual tatuajes colombia,,0,,0.00,
"colombia,intelectual,propiedad,tatuajes",propiedad intelectual tatuajes en colombia,,0,,0.00,
"intelectual,propiedad,tecnologicos",propiedad intelectual tecnologica,,0,,0.00,
"colombia,intelectual,propiedad,tecnologicos",propiedad intelectual tecnologica en colombia,,0,,0.00,
"innovación,intelectual,propiedad,tecnologicos",propiedad intelectual tecnología e innovación,,0,,0.00,
"intelectual,propiedad,telefono",propiedad intelectual telefono,,0,,0.00,
"intelectual,propiedad,territoriales",propiedad intelectual territorialidad,,0,,0.00,
"intelectual,nacional,pregrado,propiedad,tesis,universidad",propiedad intelectual tesis de pregrado en la universidad nacional,,0,,0.00,
"doctorales,intelectual,propiedad,tesis",propiedad intelectual tesis doctorales,,0,,0.00,
"colombia,intelectual,propiedad,tesis",propiedad intelectual tesis en colombia,,0,,0.00,
"intelectual,propiedad,proteccion,tiempo",propiedad intelectual tiempo de protección,,0,,0.00,
"intelectual,penal,propiedad,tipos",propiedad intelectual tipo penal,,0,,0.00,
"intelectual,mapa,propiedad,tipos",propiedad intelectual tipos mapa,,0,,0.00,
"bonitas,intelectual,propiedad,titulo",propiedad intelectual titulos bonitos,,0,,0.00,
"2001,intelectual,propiedad,tlc",propiedad intelectual tlc 2001,,0,,0.00,
"acceso,intelectual,medicamentos,propiedad,tlc",propiedad intelectual tlc acceso a medicamentos,,0,,0.00,
"colombia,intelectual,propiedad,tlc,unidos",propiedad intelectual tlc colombia estados unidos,,0,,0.00,
"intelectual,propiedad,toro,vallejo",propiedad intelectual toro vallejo,,0,,0.00,
"intelectual,propiedad,torrent",propiedad intelectual torrent,,0,,0.00,
"asalariados,intelectual,propiedad,trabajo",propiedad intelectual trabajador asalariado,,0,,0.00,
"fin,intelectual,master,propiedad,trabajo",propiedad intelectual trabajo fin de master,,0,,0.00,
"grado,intelectual,propiedad,trabajo",propiedad intelectual trabajos de grado,,0,,0.00,
"intelectual,propiedad,trademark",propiedad intelectual trademark,,0,,0.00,
"diseño,intelectual,propiedad,tradicional",propiedad intelectual tradicional diseños,,0,,0.00,
"intelectual,propiedad,traduccion",propiedad intelectual traduccion,,0,,0.00,
"ingles,intelectual,propiedad,traduccion",propiedad intelectual traduccion ingles,,0,,0.00,
"intelectual,propiedad,tecnologicos,transferencia",propiedad intelectual transferencia tecnologica,,0,,0.00,
"intelectual,propiedad,tratadistas",propiedad intelectual tratadistas,,0,,0.00,
"caricom,colombia,comercial,intelectual,libro,propiedad,trata",propiedad intelectual tratado de libre comercio colombia caricom,,0,,0.00,
"colombia,comercial,intelectual,libro,propiedad,tn,trata",propiedad intelectual tratado de libre comercio colombia tn,,0,,0.00,
"colombia,comercial,intelectual,libro,propiedad,trata,turquia",propiedad intelectual tratado de libre comercio con turquia y colombia,,0,,0.00,
"intelectual,propiedad,trata",propiedad intelectual tratados,,0,,0.00,
"derecho,intelectual,propiedad,tres",propiedad intelectual tres derechos,,0,,0.00,
"derecho,intelectual,medio,principios,propiedad,tres",propiedad intelectual tres derechos principio medio y principio,,0,,0.00,
"intelectual,propiedad,tuttnauer",propiedad intelectual tuttnauer,,0,,0.00,
"chile,intelectual,propiedad,u",propiedad intelectual u de chile,,0,,0.00,
"intelectual,javeriana,propiedad,u",propiedad intelectual u javeriana,,0,,0.00,
"intelectual,propiedad,udea",propiedad intelectual udea,,0,,0.00,
"intelectual,pdf,propiedad,udea",propiedad intelectual udea pdf,,0,,0.00,
"intelectual,propiedad,udem",propiedad intelectual udem,,0,,0.00,
"intelectual,propiedad,udenar",propiedad intelectual udenar,,0,,0.00,
"intelectual,propiedad,udea",propiedad intelectual udes,,0,,0.00,
"intelectual,propiedad,udg",propiedad intelectual udg,,0,,0.00,
"intelectual,propiedad,ufps",propiedad intelectual ufps,,0,,0.00,
"intelectual,propiedad,uis",propiedad intelectual uis,,0,,0.00,
"intelectual,propiedad",propiedad intelectual un,,0,,0.00,
"actividades,capitalización,intelectual,propiedad",propiedad intelectual un activo a capitalizar,,0,,0.00,
"intelectual,propiedad,unad",propiedad intelectual unad,,0,,0.00,
"intelectual,propiedad,resolucion,unal",propiedad intelectual unal resolucion,,0,,0.00,
"intelectual,propiedad,uniandes",propiedad intelectual uniandes,,0,,0.00,
"intelectual,propiedad,unicamp",propiedad intelectual unicamp,,0,,0.00,
"intelectual,propiedad,unicauca",propiedad intelectual unicauca,,0,,0.00,
"intelectual,propiedad,unilibre",propiedad intelectual unilibre,,0,,0.00,
"intelectual,propiedad,unimagdalena",propiedad intelectual unimagdalena,,0,,0.00,
"intelectual,propiedad,uniminuto",propiedad intelectual uniminuto,,0,,0.00,
"intelectual,propiedad,uninorte",propiedad intelectual uninorte,,0,,0.00,
"europea,intelectual,propiedad,union",propiedad intelectual union europea,,0,,0.00,
"intelectual,propiedad,unisalle",propiedad intelectual unisalle,,0,,0.00,
"autonoma,barcelona,intelectual,propiedad,universidad",propiedad intelectual universidad autonoma de barcelona,,0,,0.00,
"autonoma,intelectual,madre,propiedad,universidad",propiedad intelectual universidad autonoma de madrid,,0,,0.00,
"autonoma,intelectual,madre,pd,propiedad,universidad",propiedad intelectual universidad autonoma de madrid pd,,0,,0.00,
"autonoma,intelectual,mexico,propiedad,universidad",propiedad intelectual universidad autonoma de mexico,,0,,0.00,
"cundinamarca,intelectual,propiedad,universidad",propiedad intelectual universidad de cundinamarca,,0,,0.00,
"intelectual,mexico,pdf,propiedad,universidad",propiedad intelectual universidad de mexico pdf,,0,,0.00,
"intelectual,pdf,peru,propiedad,universidad",propiedad intelectual universidad de peru pdf,,0,,0.00,
"intelectual,pdf,propiedad,salamanca,universidad",propiedad intelectual universidad de salamanca pdf,,0,,0.00,
"cauca,intelectual,propiedad,universidad",propiedad intelectual universidad del cauca,,0,,0.00,
"cali,intelectual,propiedad,santiago,universidad,valle",propiedad intelectual universidad del valle universidad santiago de cali,,0,,0.00,
"eafit,intelectual,propiedad,universidad",propiedad intelectual universidad eafit,,0,,0.00,
"ecci,intelectual,propiedad,universidad",propiedad intelectual universidad ecci,,0,,0.00,
"externa,intelectual,propiedad,universidad",propiedad intelectual universidad externado,,0,,0.00,
"intelectual,javeriana,propiedad,universidad",propiedad intelectual universidad javeriana,,0,,0.00,
"intelectual,nacional,propiedad,universidad",propiedad intelectual universidad nacional,,0,,0.00,
"colombia,intelectual,nacional,propiedad,universidad",propiedad intelectual universidad nacional de colombia,,0,,0.00,
"02,2019,27,colombia,intelectual,nacional,propiedad,universidad",propiedad intelectual universidad nacional de colombia 27 02 2019,,0,,0.00,
"cali,intelectual,propiedad,santiago,universidad",propiedad intelectual universidad santiago de cali,,0,,0.00,
"arboleda,intelectual,propiedad,sergio,universidad",propiedad intelectual universidad sergio arboleda,,0,,0.00,
"colombia,intelectual,propiedad,universidad",propiedad intelectual universidades de colombia,,0,,0.00,
"intelectual,propiedad,upb",propiedad intelectual upb,,0,,0.00,
"intelectual,propiedad,uptc",propiedad intelectual uptc,,0,,0.00,
"intelectual,propiedad,urosario",propiedad intelectual urosario,,0,,0.00,
"intelectual,propiedad,usc",propiedad intelectual usc,,0,,0.00,
"fotos,intelectual,propiedad,uso,videos",propiedad intelectual uso de fotos y videos,,0,,0.00,
"colombia,fotos,intelectual,propiedad,uso,videos",propiedad intelectual uso de fotos y videos colombia,,0,,0.00,
"indigenas,intelectual,marca,nombre,propiedad,uso",propiedad intelectual uso de nombres indigenas en marcas,,0,,0.00,
"honestidad,intelectual,propiedad,uso",propiedad intelectual usos honestos,,0,,0.00,
"intelectual,propiedad,utadeo",propiedad intelectual utadeo,,0,,0.00,
"intelectual,propiedad,utp",propiedad intelectual utp,,0,,0.00,
"biodiversidad,intelectual,propiedad,uy",propiedad intelectual uy biodiversidad,,0,,0.00,
"intelectual,propiedad,vantajas",propiedad intelectual vantajas,,0,,0.00,
"colombia,intelectual,propiedad,variedades,vegetales",propiedad intelectual variedades vegetales colombia,,0,,0.00,
"ejemplos,intelectual,propiedad,variedades,vegetales",propiedad intelectual variedades vegetales ejemplos,,0,,0.00,
"intelectual,propiedad,vector",propiedad intelectual vector,,0,,0.00,
"intelectual,propiedad,vegetal",propiedad intelectual vegetal,,0,,0.00,
"intelectual,propiedad,ventajas",propiedad intelectual ventajas,,0,,0.00,
"demanda,intelectual,propiedad,videojuegos",propiedad intelectual videojuegos demandas,,0,,0.00,
"intelectual,propiedad,videos,youtube",propiedad intelectual videos youtube,,0,,0.00,
"intelectual,propiedad,virtual",propiedad intelectual virtual,,0,,0.00,
"conocimiento,intelectual,libertad,propiedad,vs",propiedad intelectual vs libertad de conocimientos,,0,,0.00,
"intelectual,paises,propiedad,vs",propiedad intelectual vs otros paises,,0,,0.00,
"2017,intelectual,paises,propiedad,vs",propiedad intelectual vs otros paises 2017,,0,,0.00,
"industrial,intelectual,prodpiedad,propiedad,vs",propiedad intelectual vs prodpiedad industrial,,0,,0.00,
"industrial,intelectual,pdf,propiedad,vs",propiedad intelectual vs propiedad industrial pdf,,0,,0.00,
"intelectual,ordinario,propiedad,vs",propiedad intelectual vs propiedad ordinaria,,0,,0.00,
"intelectual,propiedad,web",propiedad intelectual web,,0,,0.00,
"intelectual,propiedad",propiedad intelectual y,,0,,0.00,
"acceso,intelectual,medicamentos,propiedad",propiedad intelectual y acceso a medicamentos,,0,,0.00,
"acceso,intelectual,medicamentos,propiedad,slideshare",propiedad intelectual y acceso a medicamentos slideshare,,0,,0.00,
"actividades,intelectual,propiedad",propiedad intelectual y activos,,0,,0.00,
"aportes,intelectual,propiedad,sociedades",propiedad intelectual y aporte sociedades,,0,,0.00,
"biodiversidad,intelectual,propiedad",propiedad intelectual y biodiversidad,,0,,0.00,
"biodiversidad,gatt,intelectual,propiedad,wiki",propiedad intelectual y biodiversidad gatt wiki,,0,,0.00,
"biotecnología,intelectual,propiedad",propiedad intelectual y biotecnología,,0,,0.00,
"colectiva,intelectual,propiedad",propiedad intelectual y colectiva,,0,,0.00,
"comercial,electronica,intelectual,propiedad",propiedad intelectual y comercio electrónico,,0,,0.00,
"divide,intelectual,propiedad",propiedad intelectual y como se divide,,0,,0.00,
"competencias,desleal,intelectual,propiedad",propiedad intelectual y competencia desleal,,0,,0.00,
"ambito,competencias,desleal,intelectual,internacional,propiedad",propiedad intelectual y competencia desleal en el ámbito internacional,,0,,0.00,
"competencias,intelectual,propiedad,quitar",propiedad intelectual y competencia quito,,0,,0.00,
"2019,competencias,intelectual,propiedad,quitar",propiedad intelectual y competencia quito 2019,,0,,0.00,
"america,competitividad,intelectual,latino,mundo,propiedad",propiedad intelectual y competitividad en america latina y el mundo,,0,,0.00,
"comunidad,intelectual,propiedad,social",propiedad intelectual y comunicación social,,0,,0.00,
"andina,comunidad,intelectual,propiedad",propiedad intelectual y comunidad andina,,0,,0.00,
"constitución,intelectual,politica,propiedad,univalle",propiedad intelectual y constitución política univalle,,0,,0.00,
"contrato,intelectual,propiedad,trabajo",propiedad intelectual y contrato de trabajo,,0,,0.00,
"common,creatividad,intelectual,propiedad",propiedad intelectual y creative commons,,0,,0.00,
"autores,derecho,intelectual,propiedad,software",propiedad intelectual y derecho de autor en software,,0,,0.00,
"autores,colombiano,derecho,intelectual,ley,propiedad",propiedad intelectual y derecho de autor leyes colombianas,,0,,0.00,
"competencias,derecho,intelectual,propiedad",propiedad intelectual y derecho de la competencia,,0,,0.00,
"argentina,autores,derecho,intelectual,propiedad",propiedad intelectual y derechos de autor argentina,,0,,0.00,
"autores,derecho,entidades,intelectual,privada,propiedad",propiedad intelectual y derechos de autor de entidades privadas,,0,,0.00,
"app,autores,derecho,intelectual,propiedad",propiedad intelectual y derechos de autor de las app,,0,,0.00,
"autores,derecho,diferencia,intelectual,propiedad",propiedad intelectual y derechos de autor diferencias,,0,,0.00,
"autores,derecho,digital,intelectual,propiedad",propiedad intelectual y derechos de autor digital,,0,,0.00,
"2017,autores,colombia,derecho,intelectual,propiedad",propiedad intelectual y derechos de autor en colombia 2017,,0,,0.00,
"autores,colombia,derecho,ejemplos,intelectual,propiedad",propiedad intelectual y derechos de autor en colombia ejemplos,,0,,0.00,
"autores,colombia,derecho,ensayo,intelectual,propiedad",propiedad intelectual y derechos de autor en colombia ensayo,,0,,0.00,
"autores,colombia,derecho,intelectual,prezi,propiedad",propiedad intelectual y derechos de autor en colombia prezy,,0,,0.00,
"autores,contrato,derecho,intelectual,laboral,propiedad",propiedad intelectual y derechos de autor en contrato laboral,,0,,0.00,
"autores,derecho,intelectual,investigación,propiedad",propiedad intelectual y derechos de autor en investigación,,0,,0.00,
"autores,derecho,intelectual,propiedad,web",propiedad intelectual y derechos de autor en la web,,0,,0.00,
"academico,autores,derecho,intelectual,propiedad,publico",propiedad intelectual y derechos de autor en publicaciones academicas,,0,,0.00,
"autores,derecho,intelectual,propiedad,tecnologia",propiedad intelectual y derechos de autor en tecnologia,,0,,0.00,
"autores,derecho,intelectual,normas,propiedad",propiedad intelectual y derechos de autor la norma,,0,,0.00,
"autores,derecho,intelectual,limites,propiedad",propiedad intelectual y derechos de autor limitaciones,,0,,0.00,
"autores,derecho,intelectual,propiedad,registro",propiedad intelectual y derechos de autor registro,,0,,0.00,
"autores,derecho,digitales,intelectual,materiales,propiedad",propiedad intelectual y derechos de autor sobre materiales digitales,,0,,0.00,
"autores,derecho,intelectual,propiedad,wikipedia",propiedad intelectual y derechos de autor wikipedia,,0,,0.00,
"autorsoftware,derecho,intelectual,propiedad",propiedad intelectual y derechos de autorsoftware,,0,,0.00,
"colombia,desarrolllo,intelectual,propiedad",propiedad intelectual y desarrolllo en colombia,,0,,0.00,
"desarrollo,economica,intelectual,propiedad",propiedad intelectual y desarrollo economico,,0,,0.00,
"desarrollo,economica,intelectual,propiedad",propiedad intelectual y desarrollo económico,,0,,0.00,
"colombia,desarrollo,intelectual,propiedad",propiedad intelectual y desarrollo en colombia,,0,,0.00,
"actual,colombia,desarrollo,intelectual,propiedad",propiedad intelectual y desarrollo en colombia actual,,0,,0.00,
"colombia,desarrollo,intelectual,karl,mutter,propiedad,w",propiedad intelectual y desarrollo en colombia de karl w mutter,,0,,0.00,
"colombia,desarrollo,ensayo,intelectual,propiedad",propiedad intelectual y desarrollo en colombia ensayos,,0,,0.00,
"colombia,desarrollo,intelectual,opiniones,propiedad",propiedad intelectual y desarrollo en colombia opinion,,0,,0.00,
"colombia,desarrollo,intelectual,opiniones,propiedad",propiedad intelectual y desarrollo en colombia opiniones,,0,,0.00,
"colombia,desarrollo,estudio,intelectual,opiniones,propiedad",propiedad intelectual y desarrollo en colombia opiniones de estudiantes,,0,,0.00,
"colombia,desarrollo,intelectual,opiniones,propiedad,yahoo",propiedad intelectual y desarrollo en colombia opiniones yahoo,,0,,0.00,
"colombia,desarrollo,intelectual,pdf,propiedad",propiedad intelectual y desarrollo en colombia.pdf,,0,,0.00,
"autores,drecho,intelectual,propiedad",propiedad intelectual y drechos de autor,,0,,0.00,
"autores,drecho,intelectual,pagina,propiedad,uma,www",propiedad intelectual y drechos de autor pagina www.uma.es,,0,,0.00,
"economia,intelectual,naranja,propiedad",propiedad intelectual y economia naranja,,0,,0.00,
"economica,intelectual,internet,propiedad",propiedad intelectual y economía de internet,,0,,0.00,
"brexit,intelectual,propiedad",propiedad intelectual y el brexit,,0,,0.00,
"comercial,iinternacional,intelectual,propiedad",propiedad intelectual y el comercio iinternacional,,0,,0.00,
"derecho,informatica,intelectual,propiedad",propiedad intelectual y el derecho informatico,,0,,0.00,
"derecho,intelectual,penal,propiedad",propiedad intelectual y el derecho penal,,0,,0.00,
"actividades,empresa,intangibles,intelectual,poder,propiedad",propiedad intelectual y empresa el poder de los activos intangibles,,0,,0.00,
"desarrollo,estrategias,intelectual,medico,negocio,nueva,productos,propiedad",propiedad intelectual y estrategias de negocio desarrollo nuevo producto médico,,0,,0.00,
"edificio,enfermo,etica,intelectual,propiedad",propiedad intelectual y etica en los edificios enfermos,,0,,0.00,
"etica,intelectual,propiedad,proyecto",propiedad intelectual y etica en un proyecto,,0,,0.00,
"intelectual,know,propiedad",propiedad intelectual y know how,,0,,0.00,
"economia,intelectual,pdf,propiedad",propiedad intelectual y la economia pdf,,0,,0.00,
"economica,intelectual,propiedad",propiedad intelectual y la economía,,0,,0.00,
"innovacion,intelectual,propiedad",propiedad intelectual y la innovacion,,0,,0.00,
"intelectual,organizacion,proceso,produccion,propiedad",propiedad intelectual y la organizacion de los procesos de produccion,,0,,0.00,
"farmaceutica,intelectual,propiedad,relacion",propiedad intelectual y la relacion con la farmacéutica,,0,,0.00,
"intelectual,propiedad,tecnologia",propiedad intelectual y la tecnologia,,0,,0.00,
"intelectual,nueva,propiedad,tecnologia",propiedad intelectual y las nuevas tecnologias,,0,,0.00,
"intelectual,propiedad,publico",propiedad intelectual y las publicaciones,,0,,0.00,
"intelectual,propiedad,tic",propiedad intelectual y las tics,,0,,0.00,
"intelectual,propiedad,tic,yahoo",propiedad intelectual y las tics yahoo,,0,,0.00,
"competencias,intelectual,libro,propiedad",propiedad intelectual y libre competencia,,0,,0.00,
"competencias,conexos,diferencia,disciplina,intelectual,libro,propiedad",propiedad intelectual y libre competencia disciplinas conexas o diferentes,,0,,0.00,
"autores,derecho,intelectual,licencia,propiedad",propiedad intelectual y licencia de los derechos de autor,,0,,0.00,
"intelectual,licencia,ompi,propiedad,software",propiedad intelectual y licencia de software ompis,,0,,0.00,
"intelectual,licencia,obligatorio,propiedad",propiedad intelectual y licencias obligatorias,,0,,0.00,
"comerciales,intelectual,marca,propiedad",propiedad intelectual y marcas comerciales,,0,,0.00,
"genero,intelectual,medicamentos,propiedad",propiedad intelectual y medicamentos genéricos,,0,,0.00,
"comunicacion,intelectual,medio,propiedad",propiedad intelectual y medios de comunicacion,,0,,0.00,
"comunidad,intelectual,medio,propiedad",propiedad intelectual y medios de comunicación,,0,,0.00,
"intelectual,microorganismos,propiedad",propiedad intelectual y microorganismos,,0,,0.00,
"intelectual,moda,propiedad",propiedad intelectual y moda,,0,,0.00,
"intelectual,normatividad,propiedad",propiedad intelectual y normativa,,0,,0.00,
"access,intelectual,open,propiedad",propiedad intelectual y open access,,0,,0.00,
"intelectual,patente,propiedad",propiedad intelectual y patente,,0,,0.00,
"ejemplos,intelectual,patente,propiedad",propiedad intelectual y patentes ejemplos,,0,,0.00,
"colombia,intelectual,patente,propiedad",propiedad intelectual y patentes en colombia,,0,,0.00,
"comercial,industrial,intelectual,patente,propiedad",propiedad intelectual y patentes industria y comercio,,0,,0.00,
"academico,intelectual,plagio,profesionales,propiedad,trabajo",propiedad intelectual y plagio en trabajos academicos y profesionales,,0,,0.00,
"autores,etica,intelectual,plagio,propiedad",propiedad intelectual y plagio etica del autor,,0,,0.00,
"antiplagio,intelectual,politica,propiedad",propiedad intelectual y política antiplagio,,0,,0.00,
"intelectual,potente,propiedad",propiedad intelectual y potentes,,0,,0.00,
"intelectual,medicamentos,ompi,precio,propiedad",propiedad intelectual y precio medicamentos ompi,,0,,0.00,
"intelectual,medicamentos,precio,propiedad",propiedad intelectual y precios de los medicamentos,,0,,0.00,
"intelectual,negociacion,proceso,propiedad",propiedad intelectual y procesos de negociacion,,0,,0.00,
"intangibles,intelectual,productos,propiedad",propiedad intelectual y productos intangibles,,0,,0.00,
"colombia,industrial,intelectual,propiedad",propiedad intelectual y propiedad industrial colombia,,0,,0.00,
"colombia,industrial,intelectual,propiedad",propiedad intelectual y propiedad industrial en colombia,,0,,0.00,
"empresa,industrial,intelectual,propiedad",propiedad intelectual y propiedad industrial en las empresas,,0,,0.00,
"economia,industrial,intelectual,presente,propiedad",propiedad intelectual y propiedad industrial presentes en la economia,,0,,0.00,
"intelectual,ordinario,propiedad",propiedad intelectual y propiedad ordinaria,,0,,0.00,
"cosmeticos,intelectual,patente,propiedad,proteccion",propiedad intelectual y protección de patentes de los cosmeticos,,0,,0.00,
"cosmeticos,intelectual,patentesde,propiedad,proteccion",propiedad intelectual y protección de patentesde los cosmeticos,,0,,0.00,
"genetica,intelectual,propiedad,recursos",propiedad intelectual y recursos geneticos,,0,,0.00,
"bibliografica,intelectual,propiedad,referenciar",propiedad intelectual y referenciación bibliográfica,,0,,0.00,
"colombia,intelectual,marca,propiedad,registro",propiedad intelectual y registro de marca colombia,,0,,0.00,
"intelectual,literario,obra,propiedad,representa",propiedad intelectual y representante de una obra literaria,,0,,0.00,
"intelectual,propiedad,publico,salud",propiedad intelectual y salud publica,,0,,0.00,
"doh,intelectual,propiedad,publico,salud",propiedad intelectual y salud publica doha,,0,,0.00,
"carlos,correo,intelectual,mar,propiedad,publico,salud",propiedad intelectual y salud pública carlos maría correa,,0,,0.00,
"intelectual,propiedad,servicio",propiedad intelectual y servicios,,0,,0.00,
"intelectual,propiedad,software",propiedad intelectual y software,,0,,0.00,
"intelectual,libro,propiedad,software",propiedad intelectual y software libre,,0,,0.00,
"concepto,intelectual,libro,propiedad,software",propiedad intelectual y software libre concepto,,0,,0.00,
"delito,informatica,intelectual,libro,propiedad,software",propiedad intelectual y software libre delitos informáticos,,0,,0.00,
"intelectual,libro,licencia,propiedad,software",propiedad intelectual y software libre licencias,,0,,0.00,
"intelectual,libro,propiedad,software",propiedad intelectual y software libre que es,,0,,0.00,
"intelectual,libro,licencia,propiedad,software,tipos",propiedad intelectual y software libre tipos de licencias,,0,,0.00,
"intelectual,libro,licencia,pdf,propiedad,software,tipos",propiedad intelectual y software libre tipos de licencias pdf,,0,,0.00,
"intelectual,libro,propiedad,sofware",propiedad intelectual y sofware libre,,0,,0.00,
"antioquia,eventos,intelectual,propiedad,spin",propiedad intelectual y spin off evento antioquia,,0,,0.00,
"aplicacion,intelectual,propiedad",propiedad intelectual y su aplicacion,,0,,0.00,
"intelectual,propiedad,proteccion",propiedad intelectual y su proteccion,,0,,0.00,
"concurrencia,ingenieria,intelectual,propiedad,relacion",propiedad intelectual y su relación con la ingenieria concurrente,,0,,0.00,
"concurrencia,ingenieria,intelectual,propiedad,relacon",propiedad intelectual y su relacon con la ingenieria concurrente,,0,,0.00,
"categoria,intelectual,propiedad",propiedad intelectual y sus categorias,,0,,0.00,
"categporias,intelectual,propiedad",propiedad intelectual y sus categporias,,0,,0.00,
"elementos,intelectual,propiedad",propiedad intelectual y sus elementos,,0,,0.00,
"intelectual,propiedad,tlc,unidos",propiedad intelectual y tlc con estados unidos,,0,,0.00,
"docente,intelectual,propiedad,trabajo",propiedad intelectual y trabajo docente,,0,,0.00,
"intelectual,propiedad,trademark",propiedad intelectual y trademarks,,0,,0.00,
"intelectual,propiedad,santander,tecnologicos,transferencia",propiedad intelectual y transferencia de tecnología en santander,,0,,0.00,
"conocimiento,intelectual,propiedad,transferencia",propiedad intelectual y transferencia del conocimiento,,0,,0.00,
"intelectual,propiedad,tecnologicos,transferencia",propiedad intelectual y transferencia tecnológica,,0,,0.00,
"comercial,critica,ensayo,intelectual,libro,propiedad,trata",propiedad intelectual y tratados de libre comercio ensayos críticos,,0,,0.00,
"comercial,critica,ensayo,intelectual,libro,pdf,propiedad,trata",propiedad intelectual y tratados de libre comercio ensayos críticos pdf,,0,,0.00,
"comercial,intelectual,libro,martin,propiedad,trata,uribe",propiedad intelectual y tratados de libre comercio martin uribe,,0,,0.00,
"intelectual,propiedad,trump",propiedad intelectual y trump,,0,,0.00,
"etica,informacion,intelectual,propiedad,uso",propiedad intelectual y uso etico de la informacion,,0,,0.00,
"intelectual,propiedad,virtual",propiedad intelectual y virtual,,0,,0.00,
"intelectual,propiedad,yahoo",propiedad intelectual yahoo,,0,,0.00,
"intelectual,propiedad,tubo",propiedad intelectual you tube,,0,,0.00,
"intelectual,propiedad,youtube",propiedad intelectual youtube,,0,,0.00,
"comercial,intelectual,libro,propiedad,zona",propiedad intelectual zonas de libre comercio,,0,,0.00,
"clasificacion,funcionales,intelectual,propiedad",propiedad intelectual-funcionalidad-clasificacion,,0,,0.00,
"clasificasion,funcionales,intelectual,propiedad",propiedad intelectual-funcionalidad-clasificasion,,0,,0.00,
"como,intelectual,propiedad",propiedad intelectual.com,,0,,0.00,
"externa,intelectual,propiedad",propiedad intelectual.externado,,0,,0.00,
"intelectual,net,propiedad",propiedad intelectual.net,,0,,0.00,
"intelectual,png,propiedad",propiedad intelectual.png,,0,,0.00,
"intelectual,ordinario,propiedad",propiedad ordinaria y propiedad intelectual,,0,,0.00,
"intelectual,propiedad,virtual",propiedad virtual intelectual,,0,,0.00,
"centro,comercial,intelectual,propiedad",propiedad.intelectual de un centro comercial,,0,,0.00,
"colombia,intelectual,propiedad,semillas",propiedas intelectual de las semillas en colombia,,0,,0.00,
"guajira,intelectual,investigacion,propiedad,universidad",propiedas intelectual investigacion universidad de la guajira,,0,,0.00,
"intelectual,notaria,propiedad,registro",propiede intelectual registrada en notaria,,0,,0.00,
"colombia,intelectual,notaria,propiedad,registro",propiede intelectual registrada en notaria colombia,,0,,0.00,
"adecuado,derecho,intelectual,propiedad,proporcion,proteccion",proporcionar una protección adecuada a los derechos de propiedad intelectual,,0,,0.00,
"adecuda,derecho,intelectual,propiedad,proporcion,protecion",proporcionar una protecion adecuda a los derechos de propiedad intelectual,,0,,0.00,
"gif,intelectual,propiedad",propíedad intelectual gifs,,0,,0.00,
"contra,derecho,intelectual,propiedad,pros",pros y contras derechos de propiedad intelectual,,0,,0.00,
"colombia,constitucion,intelectual,politica,propiedad,proteccion",proteccion a la propiedad intelectual constitucion politica de colombia,,0,,0.00,
"contenido,intelectual,propiedad,proteccion,web",proteccion a la propiedad intelectual de contenidos web,,0,,0.00,
"dibujos,facil,intelectual,propiedad,proteccion",proteccion a la propiedad intelectual dibujos faciles,,0,,0.00,
"colombia,intelectual,propiedad,proteccion",proteccion a la propiedad intelectual en colombia,,0,,0.00,
"colombia,constitucion,intelectual,nacional,propiedad,proteccion",proteccion a la propiedad intelectual en colombia constitucion nacional,,0,,0.00,
"intelectual,peru,propiedad,proteccion",proteccion a la propiedad intelectual en el peru,,0,,0.00,
"intelectual,japon,propiedad,proteccion",proteccion a la propiedad intelectual en japon,,0,,0.00,
"2017,intelectual,japon,propiedad,proteccion",proteccion a la propiedad intelectual en japon 2017,,0,,0.00,
"intelectual,propiedad,proteccion,word",proteccion a la propiedad intelectual en word,,0,,0.00,
"intelectual,propiedad,proteccion,youtube",proteccion a la propiedad intelectual en youtube,,0,,0.00,
"gif,intelectual,propiedad,proteccion",proteccion a la propiedad intelectual gifs,,0,,0.00,
"gift,intelectual,propiedad,proteccion",proteccion a la propiedad intelectual gift,,0,,0.00,
"intelectual,ord,propiedad,proteccion",proteccion a la propiedad intelectual ord,,0,,0.00,
"constitucion,intelectual,propiedad,proteccion",proteccion constitucional de la propiedad intelectual,,0,,0.00,
"correcta,intelectual,propiedad,proteccion",proteccion correctiva de propiedad intelectual,,0,,0.00,
"10,años,intelectual,propiedad,proteccion",proteccion de 10 años de la propiedad intelectual,,0,,0.00,
"datos,intelectual,propiedad,proteccion",proteccion de datos y propiedad intelectual,,0,,0.00,
"colombia,datos,intelectual,propiedad,proteccion",proteccion de datos y propiedad intelectual colombia,,0,,0.00,
"derecho,ejemplos,intelectual,propiedad,proteccion",proteccion de derechos de propiedad intelectual ejemplos,,0,,0.00,
"caricatura,intelectual,propiedad,proteccion",proteccion de la propiedad intelectual caricatura,,0,,0.00,
"conocimiento,intelectual,propiedad,proteccion,tradicional",proteccion de la propiedad intelectual conocimiento tradicional,,0,,0.00,
"conocimineto,intelectual,propiedad,proteccion,tradicional",proteccion de la propiedad intelectual conocimineto tradicional,,0,,0.00,
"colombia,intelectual,propiedad,proteccion",proteccion de la propiedad intelectual en colombi,,0,,0.00,
"colombia,constitucion,intelectual,propiedad,proteccion",proteccion de la propiedad intelectual en colombia constitucion,,0,,0.00,
"intelectual,propiedad,proteccion,unidos",proteccion de la propiedad intelectual en estados unidos,,0,,0.00,
"intelectual,internet,propiedad,proteccion",proteccion de la propiedad intelectual en internet,,0,,0.00,
"intelectual,oit,propiedad,proteccion",proteccion de la propiedad intelectual oit,,0,,0.00,
"intelectual,pdf,propiedad,proteccion",proteccion de la propiedad intelectual pdf,,0,,0.00,
"confeccion,intelectual,propiedad,proteccion,sector",proteccion de la propiedad intelectual sector confecciones,,0,,0.00,
"colombia,confeccion,intelectual,propiedad,proteccion,sector",proteccion de la propiedad intelectual sector confecciones en colombia,,0,,0.00,
"campo,intelectual,propiedad,proteccion",proteccion de la propiedad intelectual y sus campos,,0,,0.00,
"conocimiento,intelectual,mediante,propiedad,proteccion,tradicionales",proteccion de los conocimientos tradicionales mediante la propiedad intelectual,,0,,0.00,
"intelectual,losderechos,propiedad,proteccion",proteccion de losderechos de propiedad intelectual,,0,,0.00,
"fotografía,intelectual,obra,propiedad,proteccion",proteccion de obras fotograficas propiedad intelectual,,0,,0.00,
"intelectual,obra,plastico,propiedad,proteccion",proteccion de obras plasticas propiedad intelectual,,0,,0.00,
"colombia,intelectual,propiedad,proteccion",proteccion de propiedad intelectual colombia,,0,,0.00,
"colombia,estadistica,intelectual,propiedad,proteccion",proteccion de propiedad intelectual en colombia estadisticas,,0,,0.00,
"facebook,intelectual,propiedad,proteccion",proteccion de propiedad intelectual en facebook,,0,,0.00,
"instagram,intelectual,propiedad,proteccion",proteccion de propiedad intelectual en instagram,,0,,0.00,
"intelectual,internet,propiedad,proteccion",proteccion de propiedad intelectual en internet,,0,,0.00,
"intelectual,propiedad,proteccion,twitter",proteccion de propiedad intelectual en twitter,,0,,0.00,
"existen,intelectual,propiedad,proteccion",proteccion de propiedad intelectual que existen,,0,,0.00,
"intelectual,propiedad,proteccion,suiza",proteccion de propiedad intelectual suiza,,0,,0.00,
"autores,derecho,intelectual,propiedad,proteccion",proteccion de propiedad intelectual y derechos de autor,,0,,0.00,
"intelectual,propiedad,proteccion",proteccion de una propiedad intelectual,,0,,0.00,
"codigo,fuente,intelectual,propiedad,proteccion",proteccion del codigo fuente en propiedad intelectual,,0,,0.00,
"codigo,intelectual,penal,propiedad,proteccion",proteccion del codigo penal a la propiedad intelectual,,0,,0.00,
"intelectual,propiedad,proteccion,tiempo",proteccion en el tiempo propiedad intelectual,,0,,0.00,
"intelectual,propiedad,proteccion,tiempo,venezuela",proteccion en el tiempo propiedad intelectual venezuela,,0,,0.00,
"datos,estonia,intelectual,propiedad,proteccion",proteccion en propiedad intelectual en estonia datos,,0,,0.00,
"estonia,indicadores,intelectual,propiedad,proteccion",proteccion en propiedad intelectual en estonia indices,,0,,0.00,
"fuerte,intelectual,propiedad,proteccion",proteccion fuerte de la propiedad intelectual,,0,,0.00,
"industrial,intelectual,propiedad,proteccion",proteccion intelectual por propiedad industrial,,0,,0.00,
"intelectual,internacional,propiedad,proteccion",proteccion internacional de la propiedad intelectual,,0,,0.00,
"intelectual,juridica,propiedad,proteccion",proteccion juridica de la propiedad intelectual,,0,,0.00,
"intelectual,propiedad,proteccion",proteccion por propiedad intelectual,,0,,0.00,
"80,años,intelectual,propiedad,proteccion",proteccion propiedad intelectual 80 años,,0,,0.00,
"colombia,intelectual,propiedad,proteccion",proteccion propiedad intelectual colombia,,0,,0.00,
"alemania,intelectual,propiedad,proteccion",proteccion propiedad intelectual en alemania,,0,,0.00,
"como,hacer,intelectual,propiedad,proteccion,word",proteccion propiedad intelectual en word cómo hacerlo,,0,,0.00,
"intelectual,propiedad,proteccion,software",proteccion software propiedad intelectual,,0,,0.00,
"estonia,intelectual,propiedad,proteccionde",proteccionde en propiedad intelectual estonia,,0,,0.00,
"colombia,contenido,intelectual,propiedad,proteccion,web",protección a la propiedad intelectual contenidos web colombia,,0,,0.00,
"can,intelectual,propiedad,proteccion",protección a la propiedad intelectual en canada,,0,,0.00,
"intelectual,mexico,propiedad,proteccion",protección a la propiedad intelectual en méxico,,0,,0.00,
"intelectual,ley,propiedad,proteccion",protección a la propiedad intelectual leyes,,0,,0.00,
"intelectual,propiedad,proteccion",protección a la propiedad intelectual que es,,0,,0.00,
"intelectual,propiedad,proteccion",protección a la propiedad intelectual qué es,,0,,0.00,
"autores,derecho,intelectual,propiedad,proteccion",protección de derechos de autor y propiedad intelectual,,0,,0.00,
"desventajas,intelectual,propiedad,proteccion",protección de la propiedad intelectual desventajas,,0,,0.00,
"colombia,intelectual,propiedad,proteccion",protección de la propiedad intelectual en colombia,,0,,0.00,
"academico,campo,intelectual,propiedad,proteccion",protección de la propiedad intelectual en el campo academico,,0,,0.00,
"campo,diferencia,intelectual,propiedad,proteccion",protección de la propiedad intelectual en los diferentes campos,,0,,0.00,
"antonio,intelectual,jose,propiedad,proteccion,vegas",protección de la propiedad intelectual jose antonio vega,,0,,0.00,
"empresa,intelectual,propiedad,proteccion",protección de la propiedad intelectual para las empresa,,0,,0.00,
"duarte,empresa,intelectual,propiedad,proteccion",protección de la propiedad intelectual para las empresa duarte,,0,,0.00,
"contrato,intelectual,propiedad,proteccion,tipos",protección de la propiedad intelectual tipos de contrato,,0,,0.00,
"intelectual,propiedad,proteccion,trabajo,word",protección de la propiedad intelectual trabajo word,,0,,0.00,
"intelectual,propiedad,proteccion,vegas",protección de la propiedad intelectual vega,,0,,0.00,
"animado,intelectual,propiedad,proteccion",protección de propiedad intelectual animado,,0,,0.00,
"aplicaciones,intelectual,propiedad,proteccion",protección de propiedad intelectual en aplicaciones,,0,,0.00,
"aplicaciones,intelectual,propiedad,proteccion,sic",protección de propiedad intelectual en aplicaciones sic,,0,,0.00,
"colombia,intelectual,propiedad,proteccion",protección de propiedad intelectual en colombia,,0,,0.00,
"ejemplos,indique,intelectual,propiedad,proteccion",protección de propiedad intelectual indique un ejemplo,,0,,0.00,
"celular,intelectual,propiedad,proteccion",protección de propiedad intelectual que tiene un celular,,0,,0.00,
"estadistica,estonia,intelectual,propiedad,proteccion",protección en propiedad intelectual estonia estadística,,0,,0.00,
"estonia,intelectual,propiedad,proteccion,tasa",protección en propiedad intelectual estonia tasa,,0,,0.00,
"intelectual,internacional,nacional,propiedad,proteccion",protección nacional e internacional de la propiedad intelectual,,0,,0.00,
"intelectual,propiedad,proteccion",protección propieda intelectual,,0,,0.00,
"intelectual,propiedad,proteccion,sic",protección propiedad intelectual ante la sic,,0,,0.00,
"intelectual,org,propiedad,proteccion,redalyc,site",protección propiedad intelectual site redalyc.org,,0,,0.00,
"concepcion,intelectual,propiedad,proteccion,renacimiento",protección y concepción de la propiedad intelectual durante el renacimiento,,0,,0.00,
"ideas,intelectual,propiedad,proteger",proteger ideas propiedad intelectual,,0,,0.00,
"intelectual,nacional,propiedad,proteger",proteger la propiedad intelectual de las naciones,,0,,0.00,
"articulo,intelectual,propiedad,proteger",proteger propiedad intelectual articulo,,0,,0.00,
"colombia,intelectual,propiedad,proteger",proteger propiedad intelectual en colombia,,0,,0.00,
"intelectual,internet,propiedad,proteger",proteger propiedad intelectual en internet,,0,,0.00,
"intelectual,libro,propiedad,proteger",proteger propiedad intelectual libros,,0,,0.00,
"intelectual,propiedad,proteger,software",proteger propiedad intelectual software,,0,,0.00,
"derecho,hacer,intelectual,propiedad,proteger,vale",proteger y hacer valer los derechos de propiedad intelectual,,0,,0.00,
"intelectual,propiedad,proteger",protegido propiedad intelectual,,0,,0.00,
"intelectual,propiedad,protocolo",protocolo propiedad intelectual,,0,,0.00,
"intelectual,investigacion,propiedad,proyecto,unimagdalena",proyecto de investigacion unimagdalena propiedad intelectual,,0,,0.00,
"dut,intelectual,iris,propiedad,proyecto",proyecto iris duto como propiedad intelectual,,0,,0.00,
"colombia,intelectual,propiedad,proyecto",proyecto propiedad intelectual colombia,,0,,0.00,
"extension,intelectual,propiedad,proyecto",proyectos de extension propiedad intelectual,,0,,0.00,
"energetico,intelectual,material,propiedad,proyecto",proyectos de propiedad intelectual en materia energetica,,0,,0.00,
"intelectual,propiedad,proyecto,santander,tecnologicos,transferencia",proyectos de propiedad intelectual y transferencia de tecnología en santander,,0,,0.00,
"infracciones,intelectual,propiedad,prueba",prueba de la infraccion propiedad intelectual,,0,,0.00,
"infracciones,intelectual,propiedad,prueba",prueba de la infracción propiedad intelectual,,0,,0.00,
"intelectual,propiedad,prueba",prueba en propiedad intelectual,,0,,0.00,
"autores,derecho,icfes,intelectual,propiedad,prueba,tipos",prueba tipo icfes sobre propiedad intelectual y derechos de autor,,0,,0.00,
"intelectual,propiedad,prueba",pruebas en propiedad intelectual,,0,,0.00,
"china,comerciales,desleal,intelectual,practica,propiedad,robo",prácticas comerciales desleales de china y robo de propiedad intelectual,,0,,0.00,
"carbajal,electronica,intelectual,propiedad,publico",publicaciones electrónicas y propiedad intelectual carbajo,,0,,0.00,
"intelectual,propiedad,publico",publicidad y propiedad intelectual,,0,,0.00,
"intelectual,odontologico,propiedad,publico",publicidad y propiedad intelectual odontologo,,0,,0.00,
"brasileño,indigenas,intelectual,propiedad,pueblo",pueblos indígenas brasileños y propiedad intelectual,,0,,0.00,
"brasileño,indigenas,intelectual,pdf,propiedad,pueblo",pueblos indígenas brasileños y propiedad intelectual pdf,,0,,0.00,
"brasileño,indigenas,intelectual,pds,propiedad,pueblo",pueblos indígenas brasileños y propiedad intelectual pds,,0,,0.00,
"conflicto,existen,intelectual,patente,propiedad,puede",puede existir conflicto entre la propiedad intelectual y las patentes,,0,,0.00,
"intelectual,propiedad,puede,usufructuar",puedo usufructuar la propiedad intelectual,,0,,0.00,
"intelectual,propiedad,punto,vista",puntos de vista sobre la propiedad intelectual,,0,,0.00,
"2019,intelectual,medellin,propiedad,pymes",pymes y la propiedad intelectual medellin 2019,,0,,0.00,
"intelectual,propiedad,pymes",pymes y propiedad intelectual,,0,,0.00,
"intelectual,patente,propiedad,q",q es propiedad intelectual y patentes,,0,,0.00,
"intelectual,propiedad,q,violacion",q es violacion a la propiedad intelectual,,0,,0.00,
"intelectual,propiedad,q,significa",q significa propiedad intelectual,,0,,0.00,
"intelectual,propiedad,qconcepto",qconcepto de propiedad intelectual,,0,,0.00,
"intelectual,propiedad,qe",qe es propiedad intelectual,,0,,0.00,
"control,intelectual,propiedad,qnuien",qnuien controla la propiedad intelectual,,0,,0.00,
"intelectual,propiedad,qu",qu es propiedad intelectual,,0,,0.00,
"afecta,intelectual,propiedad,proteccion",que afecta la protección de la propiedad intelectual,,0,,0.00,
"aportes,intelectual,propiedad,trae",que aportes trae la propiedad intelectual,,0,,0.00,
"aplicaciones,area,intelectual,propiedad",que areas aplica la propiedad intelectual,,0,,0.00,
"aplicaciones,area,ejemplos,intelectual,propiedad",que areas aplica la propiedad intelectual un ejemplo,,0,,0.00,
"articulo,intelectual,menciona,propiedad,proteccion",que articulo menciona la proteccion a la propiedad intelectual,,0,,0.00,
"componen,intelectual,propiedad",que compone la propiedad intelectual,,0,,0.00,
"botella,componentes,intelectual,propiedad,proteger",que componentes protege la propiedad intelectual en una botella,,0,,0.00,
"conforman,intelectual,propiedad",que conforma la propiedad intelectual,,0,,0.00,
"colombia,contrato,intelectual,propiedad,proteger",que contratos protege la propiedad intelectual en colombia,,0,,0.00,
"derecho,intelectual,propiedad,proteger",que derechos protegen la propiedad intelectual,,0,,0.00,
"derecho,intelectual,ley,propiedad,proteger",que derechos protegen las leyes de la propiedad intelectual,,0,,0.00,
"derecho,intelectual,ley,propiedad,proteger",que derechos protegen las leyes de propiedad intelectua,,0,,0.00,
"derecho,intelectual,propiedad,vulnerabilidad",que derechos se vulneran en propiedad intelectual,,0,,0.00,
"colombia,constitucion,dice,intelectual,propiedad",que dice la constitucion de colombia sobre la propiedad intelectual,,0,,0.00,
"constitucion,dice,intelectual,propiedad",que dice la constitucion sobre la propiedad intelectual,,0,,0.00,
"colombiano,dice,intelectual,ley,propiedad",que dice la ley colombiana sobre la propiedad intelectual,,0,,0.00,
"dice,intelectual,ley,propiedad",que dice la ley de propiedad intelectual,,0,,0.00,
"dice,intelectual,oit,propiedad",que dice la oit sobre propiedad intelectual,,0,,0.00,
"diferencia,industrial,intelectual,propiedad",que diferencia hay entre propiedad industrial y propiedad intelectual,,0,,0.00,
"disciplina,existen,intelectual,propiedad",que disciplinas existen en la propiedad intelectual,,0,,0.00,
"displicnas,existen,intelectual,propiedad",que displicnas existen en la propiedad intelectual,,0,,0.00,
"documentgos,intelectual,legalizar,necesita,propiedad",que documentgos se necesitan para legalizar una propiedad intelectual,,0,,0.00,
"intelectual,propiedad",que e la propiedad intelectual,,0,,0.00,
"abuso,intelectual,propiedad,sun",que e sun abuso de propiedad intelectual,,0,,0.00,
"englobe,intelectual,propiedad",que engloba la propiedad intelectual,,0,,0.00,
"encarga,entidad,intelectual,propiedad,registro",que entidad esta encargada de registrar la propiedad intelectual,,0,,0.00,
"colombia,entidad,intelectual,propiedad,regular",que entidad regula la propiedad intelectual en colombia,,0,,0.00,
"18,intelectual,propiedad",que es 18 propiedad intelectual,,0,,0.00,
"acta,intelectual,propiedad",que es acta propiedad intelectual,,0,,0.00,
"arrendamiento,intelectual,propiedad",que es arrendamiento de la propiedad intelectual,,0,,0.00,
"biotecnologia,intelectual,propiedad",que es biotecnologia de la propiedad intelectual,,0,,0.00,
"contenido,intelectual,propiedad",que es contenido de propiedad intelectual,,0,,0.00,
"autores,derecho,intelectual,propiedad",que es derecho al autor y propiedad intelectual,,0,,0.00,
"autorque,derecho,intelectual,propiedad",que es derecho de autorque es propiedad intelectual,,0,,0.00,
"autores,derecho,intelectual,propiedad",que es derecho de propiedad intelectual de autor,,0,,0.00,
"derecho,industrial,intelectual,propiedad",que es derecho de propiedad intelectual e industrial,,0,,0.00,
"derecho,intelectual,morales,propiedad",que es derecho moral en propiedad intelectual,,0,,0.00,
"derecho,intelectual,propiedad",que es derecho propiedad intelectual,,0,,0.00,
"derecho,dpi,intelectual,propiedad",que es dpi derechos de propiedad intelectual,,0,,0.00,
"ambito,intelectual,propiedad",que es el ambito de la propiedad intelectual,,0,,0.00,
"contrato,intelectual,obra,propiedad",que es el contrato de obra en propiedad intelectual,,0,,0.00,
"autores,derecho,intelectual,propiedad",que es el derecho de autor o propiedad intelectual,,0,,0.00,
"derecho,industrial,intelectual,propiedad",que es el derecho de la propiedad industrial e intelectual,,0,,0.00,
"diseño,industrial,intelectual,propiedad",que es el diseño industrial en la propiedad intelectual,,0,,0.00,
"diseño,industrial,intelectual,propiedad",que es el diseño industrial propiedad intelectual,,0,,0.00,
"diligence,due,intelectual,propiedad",que es el due diligence de la propiedad intelectual,,0,,0.00,
"colombia,encarga,intelectual,propiedad",que es el encargado de la propiedad intelectual en colombia,,0,,0.00,
"estatuto,intelectual,propiedad",que es el estatuto de propiedad intelectual,,0,,0.00,
"fraude,intelectual,propiedad",que es el fraude en la propiedad intelectual,,0,,0.00,
"ecuatoriano,iepi,instituto,intelectual,propiedad",que es el iepi instituto ecuatoriano de propiedad intelectual,,0,,0.00,
"intelectual,propiedad,regimen",que es el regimen de propiedad intelectual,,0,,0.00,
"intelectual,propiedad,registro,venezuela",que es el registro de la propiedad intelectual en venezuela,,0,,0.00,
"guatemala,intelectual,propiedad,registro",que es el registro de la propiedad intelectual guatemala,,0,,0.00,
"intelectual,marca,propiedad,registro",que es el registro de marca o propiedad intelectual,,0,,0.00,
"intelectual,propiedad,reglamento",que es el reglamento de propiedad intelectual,,0,,0.00,
"concepto,intelectual,propiedad,robo",que es el robo de propiedad intelectual concepto,,0,,0.00,
"definicion,intelectual,propiedad,robo",que es el robo de propiedad intelectual definicion,,0,,0.00,
"colombia,intelectual,propiedad,robo",que es el robo de propiedad intelectual en colombia,,0,,0.00,
"intelectual,propiedad,robo,yahoo",que es el robo de propiedad intelectual yahoo,,0,,0.00,
"intelectual,propiedad,sistema",que es el sistema de propiedad intelectual,,0,,0.00,
"explotacion,intelectual,propiedad",que es explotacion de propiedad intelectual,,0,,0.00,
"colombia,explotacion,intelectual,propiedad",que es explotacion propiedad intelectual en colombia,,0,,0.00,
"explotación,intelectual,propiedad",que es explotación a la propiedad intelectual,,0,,0.00,
"explotación,intelectual,propiedad",que es explotación de la propiedad intelectual,,0,,0.00,
"gestion,intelectual,propiedad",que es gestion de la propiedad intelectual,,0,,0.00,
"importancia,intelectual,promover,propiedad",que es importante promover la propiedad intelectual,,0,,0.00,
"accion,infracciones,intelectual,propiedad",que es la accion por infraccion de la propiedad intelectual,,0,,0.00,
"creacion,intelectual,propiedad",que es la creación intelectual en propiedad intelectual,,0,,0.00,
"creatividad,intelectual,propiedad",que es la creatividad y la propiedad intelectual,,0,,0.00,
"explotacion,intelectual,propiedad",que es la explotacion a la propiedad intelectual,,0,,0.00,
"explotacion,intelectual,propiedad",que es la explotacion de la propiedad intelectual,,0,,0.00,
"intelectual,iregular,propiedad",que es la iregula a la propiedad intelectual,,0,,0.00,
"intelectual,iregulares,propiedad",que es la iregularidad a la propiedad intelectual,,0,,0.00,
"colombia,intelectual,ley,propiedad",que es la ley de propiedad intelectual en colombia,,0,,0.00,
"cp,intelectual,ley,propiedad",que es la ley de propiedad intelectual en cp,,0,,0.00,
"derecho,intelectual,observaciones,propiedad",que es la observancia de los derechos de propiedad intelectual,,0,,0.00,
"intelectual,oficina,propiedad",que es la oficina de propiedad intelectual,,0,,0.00,
"intelectual,oficina,propiedad,ue",que es la oficina de propiedad intelectual de la ue,,0,,0.00,
"intelectual,mundial,organizacion,propiedad",que es la organizacion mundial de propiedad intelectual,,0,,0.00,
"colombia,intelectual,propiedad",que es la propieda intelectual en colombia,,0,,0.00,
"intelectual,propiedad,suma",que es la propiedad de suma intelectual,,0,,0.00,
"industrial,intelectual,mexico,propiedad",que es la propiedad industrial e intelectual en mexico,,0,,0.00,
"ambito,intelectual,juridica,propiedad",que es la propiedad intelectual ambito juridico,,0,,0.00,
"codigo,comercial,intelectual,propiedad",que es la propiedad intelectual codigo de comercio,,0,,0.00,
"concepto,intelectual,propiedad",que es la propiedad intelectual concepto,,0,,0.00,
"cuadro,intelectual,propiedad,sinoptico",que es la propiedad intelectual cuadro sinoptico,,0,,0.00,
"cy,intelectual,propiedad",que es la propiedad intelectual cy,,0,,0.00,
"intelectual,productos,propiedad",que es la propiedad intelectual de un producto,,0,,0.00,
"intelectual,personas,propiedad",que es la propiedad intelectual de una persona,,0,,0.00,
"definicion,intelectual,propiedad",que es la propiedad intelectual definicion,,0,,0.00,
"derecho,intelectual,propiedad",que es la propiedad intelectual derecho,,0,,0.00,
"civil,derecho,intelectual,propiedad",que es la propiedad intelectual derecho civil,,0,,0.00,
"dna,intelectual,propiedad",que es la propiedad intelectual dna,,0,,0.00,
"colombia,industrial,intelectual,propiedad",que es la propiedad intelectual e industrial en colombia,,0,,0.00,
"ecuador,intelectual,propiedad",que es la propiedad intelectual ecuador,,0,,0.00,
"chile,intelectual,propiedad",que es la propiedad intelectual en chile,,0,,0.00,
"intelectual,licencia,propiedad,software",que es la propiedad intelectual en el licenciamiento de software,,0,,0.00,
"intangibles,intelectual,propiedad",que es la propiedad intelectual en intangibles,,0,,0.00,
"intelectual,mexico,propiedad",que es la propiedad intelectual en mexico,,0,,0.00,
"intelectual,propiedad,software",que es la propiedad intelectual en software,,0,,0.00,
"empresa,intelectual,propiedad",que es la propiedad intelectual en una empresa,,0,,0.00,
"impio,intelectual,propiedad",que es la propiedad intelectual impi,,0,,0.00,
"indecopi,intelectual,propiedad",que es la propiedad intelectual indecopi,,0,,0.00,
"colombia,industrial,intelectual,propiedad",que es la propiedad intelectual industrial en colombia,,0,,0.00,
"fuente,general,informacion,intelectual,propiedad",que es la propiedad intelectual la fuente general de informacion,,0,,0.00,
"intelectual,ley,lleras,propiedad",que es la propiedad intelectual ley lleras,,0,,0.00,
"conceptual,intelectual,mapa,propiedad",que es la propiedad intelectual mapa conceptual,,0,,0.00,
"empresa,intelectual,propiedad",que es la propiedad intelectual para las empresas,,0,,0.00,
"intelectual,pdf,propiedad",que es la propiedad intelectual pdf+,,0,,0.00,
"intelectual,peru,propiedad",que es la propiedad intelectual peru,,0,,0.00,
"autores,intelectual,propiedad,segun",que es la propiedad intelectual segun autores,,0,,0.00,
"codigo,comercial,intelectual,propiedad,segun",que es la propiedad intelectual segun el codigo de comercio,,0,,0.00,
"intelectual,omc,propiedad,segun",que es la propiedad intelectual segun la omc,,0,,0.00,
"intelectual,propiedad,segun,trump",que es la propiedad intelectual segun trump,,0,,0.00,
"intelectual,propiedad,sic",que es la propiedad intelectual sic,,0,,0.00,
"comercial,industrial,intelectual,propiedad,superintendencia",que es la propiedad intelectual superintendencia de industria y comercio,,0,,0.00,
"intelectual,propiedad,wikipedia",que es la propiedad intelectual wikipedia,,0,,0.00,
"intelectual,propiedad,wipe",que es la propiedad intelectual wipo,,0,,0.00,
"clasificación,intelectual,propiedad",que es la propiedad intelectual y como se clasifica,,0,,0.00,
"cuanto,duro,intelectual,propiedad,tiempo",que es la propiedad intelectual y cuanto tiempo dura,,0,,0.00,
"ind,intelectual,propiedad",que es la propiedad intelectual y ind,,0,,0.00,
"colombia,intelectual,patente,propiedad",que es la propiedad intelectual y patente en colombia,,0,,0.00,
"intelectual,libro,propiedad,software",que es la propiedad intelectual y software libre,,0,,0.00,
"intelectual,propiedad,tipos",que es la propiedad intelectual y sus tipos,,0,,0.00,
"intelectual,propiedad,yahoo",que es la propiedad intelectual yahoo,,0,,0.00,
"intelectual,propiedad,proteccion",que es la proteccion a la propiedad intelectual,,0,,0.00,
"grafica,intelectual,propiedad,representa",que es la representación grafica propiedad intelectual,,0,,0.00,
"intelectual,propiedad,violacion",que es la violacion a la propiedad intelectual,,0,,0.00,
"intelectual,licencia,propiedad",que es licenciamiento de propiedad intelectual,,0,,0.00,
"intelectual,propiedad,proteger",que es lo que protege la propiedad intelectual,,0,,0.00,
"copyright,intelectual,material,propiedad",que es material y propiedad intelectual copyright,,0,,0.00,
"intelectual,normatividad,propiedad",que es normatividad de la propiedad intelectual,,0,,0.00,
"intelectual,normatividad,propiedad",que es normatividad de propiedad intelectual,,0,,0.00,
"intelectual,oit,propiedad,relacion",que es oit con relacion a la propiedad intelectual,,0,,0.00,
"intelectual,mundial,ompi,organizaciones,propiedad",que es organización mundial de la propiedad intelectual ompi,,0,,0.00,
"comercial,intelectual,mundial,organizaciones,propiedad",que es organización mundial del comercio propiedad intelectual,,0,,0.00,
"intelectual,propiedad",que es propieda intelectual,,0,,0.00,
"autores,intelectual,propiedad",que es propieda intelectual autor,,0,,0.00,
"autores,intelectual,nombre,propiedad",que es propieda intelectual nombre del autor,,0,,0.00,
"intelectual,pdf,propiedad",que es propieda intelectual pdf,,0,,0.00,
"intelectual,propiedad",que es propiedad intelectua,,0,,0.00,
"apa,intelectual,propiedad",que es propiedad intelectual apa,,0,,0.00,
"ccc,intelectual,propiedad",que es propiedad intelectual ccc,,0,,0.00,
"colombia,intelectual,propiedad",que es propiedad intelectual colombia,,0,,0.00,
"feca,intelectual,propiedad",que es propiedad intelectual con feca,,0,,0.00,
"fecha,intelectual,propiedad",que es propiedad intelectual con fechas,,0,,0.00,
"comercial,establecimiento,intelectual,propiedad",que es propiedad intelectual de un establecimiento de comercio,,0,,0.00,
"empresa,intelectual,propiedad",que es propiedad intelectual de una empresa,,0,,0.00,
"intelectual,personas,propiedad",que es propiedad intelectual de una persona,,0,,0.00,
"intelectual,propiedad,semillas",que es propiedad intelectual de una semilla,,0,,0.00,
"intelectual,libro,propiedad,software",que es propiedad intelectual del software libre,,0,,0.00,
"educativa,intelectual,propiedad",que es propiedad intelectual educativo,,0,,0.00,
"colombia,intelectual,propiedad,registro",que es propiedad intelectual en colombia y donde se registra,,0,,0.00,
"creacion,empresa,intelectual,propiedad",que es propiedad intelectual en creacion de empresas,,0,,0.00,
"comercial,intelectual,propiedad",que es propiedad intelectual en el comercio,,0,,0.00,
"digital,intelectual,mundo,propiedad",que es propiedad intelectual en el mundo digital,,0,,0.00,
"intelectual,propiedad,tecnologia",que es propiedad intelectual en la tecnologia,,0,,0.00,
"educativa,instituciones,intelectual,propiedad",que es propiedad intelectual en las instituciones educativas,,0,,0.00,
"intelectual,propiedad,tecnologia",que es propiedad intelectual en tecnologia,,0,,0.00,
"informatica,intelectual,propiedad",que es propiedad intelectual informatica,,0,,0.00,
"intelectual,niop,propiedad",que es propiedad intelectual niop,,0,,0.00,
"apa,intelectual,normas,propiedad",que es propiedad intelectual normas apa,,0,,0.00,
"actividades,considera,intelectual,propiedad",que es propiedad intelectual porque se considera un activo,,0,,0.00,
"intelectual,porque,propiedad",que es propiedad intelectual porquer,,0,,0.00,
"intelectual,propiedad,rincon,vago",que es propiedad intelectual rincon del vago,,0,,0.00,
"autores,intelectual,propiedad,segun",que es propiedad intelectual segun autores,,0,,0.00,
"intelectual,propiedad,sic",que es propiedad intelectual sic,,0,,0.00,
"intelectual,propiedad,slideshare",que es propiedad intelectual slideshare,,0,,0.00,
"intelectual,propiedad,wikipedia",que es propiedad intelectual wikipedia,,0,,0.00,
"intelectual,patente,propiedad",que es propiedad intelectual y patentes,,0,,0.00,
"intelectual,plagio,propiedad",que es propiedad intelectual y plagio,,0,,0.00,
"industrial,intelectual,propiedad",que es propiedad intelectual y propiedad industrial,,0,,0.00,
"intelectual,libro,propiedad,software",que es propiedad intelectual y software libre,,0,,0.00,
"forma,intelectual,propiedad",que es propiedad intelectual y sus formas,,0,,0.00,
"intelectual,propiedad,proteccion",que es proteccion de la propiedad intelectual,,0,,0.00,
"intelectual,propiedad,proteccion",que es proteccion de propiedad intelectual,,0,,0.00,
"intelectual,propiedad,proteccion",que es protección a la propiedad intelectual,,0,,0.00,
"intelectual,propiedad,proteccion",que es protección de propiedad intelectual,,0,,0.00,
"intelectual,marca,propiedad,registro",que es registro de marca propiedad intelectual,,0,,0.00,
"intelectual,marca,propiedad,registro",que es registro de propiedad intelectual en marca,,0,,0.00,
"intelectual,propiedad,proteccion,registro",que es registros de protección de la propiedad intelectual,,0,,0.00,
"intelectual,propiedad,proteccion,registro",que es registros de protección de la propiedad intelectual+,,0,,0.00,
"colombia,intelectual,propiedad,regular",que es regulada en colombia la propiedad intelectual,,0,,0.00,
"colombiano,intelectual,propiedad,sistema",que es sistema de propiedad intelectual colombiano,,0,,0.00,
"intelectual,propiedad,software",que es software en propiedad intelectual,,0,,0.00,
"contrato,intelectual,propiedad",que es un contrato de propiedad intelectual,,0,,0.00,
"derecho,dwe,intelectual,propiedad",que es un derecho dwe propiedad intelectual,,0,,0.00,
"diseño,industrial,intelectual,propiedad",que es un diseño industrial en propiedad intelectual,,0,,0.00,
"colegio,elemnetos,intelectual,propiedad",que es un elemneto de propiedad intelectual en un colegio,,0,,0.00,
"industrial,intelectual,peritaje,propiedad",que es un peritaje en propiedad intelectual e industrial,,0,,0.00,
"intelectual,propiedad",que es un propiedad intelectual,,0,,0.00,
"intelectual,propiedad,reglamento",que es un reglamento de propiedad intelectual,,0,,0.00,
"intelectual,propiedad,seudonimo",que es un seudonimo propiedad intelectual,,0,,0.00,
"colombia,intelectual,propiedad,seudonimo",que es un seudonimo propiedad intelectual colombia,,0,,0.00,
"intelectual,propiedad,tto",que es un tto en propiedad intelectual,,0,,0.00,
"city,intelectual,propiedad,segun",que es una citia segun la propiedad intelectual,,0,,0.00,
"comunidad,creacion,intelectual,propiedad",que es una creacion comun en la propiedad intelectual,,0,,0.00,
"basico,guia,intelectual,propiedad",que es una guia basica de propiedad intelectual,,0,,0.00,
"intelectual,invencion,propiedad",que es una invencion para la propiedad intelectual,,0,,0.00,
"intelectual,licencia,propiedad",que es una licencia de propiedad intelectual,,0,,0.00,
"intelectual,obra,propiedad",que es una obra en propiedad intelectual,,0,,0.00,
"intelectual,literario,obra,propiedad",que es una obra literaria en propiedad intelectual,,0,,0.00,
"intelectual,obra,propiedad",que es una obra propiedad intelectual,,0,,0.00,
"elementos,intelectual,patente,propiedad",que es una patente es un elemento de propiedad intelectual,,0,,0.00,
"intelectual,propiedad",que es una propiedad intelectua,,0,,0.00,
"arquitectonico,intelectual,propiedad,proyecto",que es una propiedad intelectual de proyecto arquitectonico,,0,,0.00,
"arquitectura,intelectual,propiedad,proyecto",que es una propiedad intelectual de proyecto arquitectura,,0,,0.00,
"arquitectura,colombia,intelectual,propiedad,proyecto",que es una propiedad intelectual de proyecto arquitectura colombia,,0,,0.00,
"industrial,intelectual,propiedad",que es una propiedad intelectual e industrial,,0,,0.00,
"intelectual,propiedad,viola",que es violar la propiedad intelectual,,0,,0.00,
"consiste,intelectual,propiedad",que es y en que consiste la propiedad intelectual,,0,,0.00,
"esauditoria,intelectual,propiedad",que esauditoria y propiedad intelectual,,0,,0.00,
"asipi,asociados,esl,intelectual,interamericana,propiedad",que esl asipi asociación interamericana de la propiedad intelectual,,0,,0.00,
"esregistro,intelectual,marca,propiedad",que esregistro de marca propiedad intelectual,,0,,0.00,
"hacer,intelectual,mundial,organizaciones,propiedad",que hace la organización mundial de propiedad intelectual,,0,,0.00,
"existen,herramientas,intelectual,propiedad",que herramientas existen de propiedad intelectual,,0,,0.00,
"existen,herramientas,intelectual,propiedad,tecnologicos",que herramientas tecnológicas existen de propiedad intelectual,,0,,0.00,
"importancia,intelectual,propiedad",que importancia tiene la propiedad intelectual,,0,,0.00,
"ebt,importancia,intelectual,propiedad",que importancia tiene la propiedad intelectual en una ebt,,0,,0.00,
"fundamentos,incidencia,intelectual,propiedad,registro",que incidencia fundamental tiene el registro de propiedad intelectual,,0,,0.00,
"colombia,institucion,intelectual,propiedad,regular",que institucion en colombia regula la propiedad intelectual,,0,,0.00,
"intelectual,invencion,propiedad,proteger",que invenciones protegen la propiedad intelectual,,0,,0.00,
"colombia,conflicto,intelectual,juez,propiedad,resuelve",que juez resuelve conflictos de propiedad intelectual en colombia,,0,,0.00,
"apropiado,intelectual,propiedad",que la apropiación de propiedad intelectual,,0,,0.00,
"colombia,intelectual,ley,propiedad,proteger",que ley protege la propiedad intelectual en colombia,,0,,0.00,
"colombia,intelectual,ley,propiedad,regular",que ley que regula la propiedad intelectual en colombia,,0,,0.00,
"intelectual,ley,propiedad,reglamento",que ley reglamenta la propiedad intelectual,,0,,0.00,
"intelectual,ley,propiedad,reglas",que ley reglamente la propiedad intelectual,,0,,0.00,
"colombia,intelectual,ley,propiedad,reglas",que ley reglamente la propiedad intelectual colombia,,0,,0.00,
"colombia,intelectual,ley,propiedad,regular",que ley regula la propiedad intelectual en colombia,,0,,0.00,
"colombia,intelectual,ley,propiedad,regular",que ley regula propiedad intelectual en colombia,,0,,0.00,
"intelectual,ley,propiedad,rige",que ley rige la propiedad intelectual,,0,,0.00,
"existen,intelectual,modal,pi,propiedad",que modalidades de propiedad intelectual pi existen,,0,,0.00,
"intelectual,propiedad,registro",que no se registra en propiedad intelectual,,0,,0.00,
"intelectual,normas,propiedad,regular",que normas regulan la propiedad intelectual,,0,,0.00,
"autores,colombia,derecho,intelectual,normas,propiedad,regular",que normas regulan propiedad intelectual derechos de autor en colombia,,0,,0.00,
"colombia,intelectual,normas,propiedad,rige",que normas rigen la propiedad intelectual en colombia,,0,,0.00,
"conocimiento,dar,intelectual,propiedad,puede",que nos puede dar a conocer las propiedad intelectual,,0,,0.00,
"intelectual,objetivos,propiedad",que objetivo tiene la propiedad intelectual,,0,,0.00,
"intelectual,objetivos,obra,propiedad",que obras son objeto de propiedad intelectual,,0,,0.00,
"industrial,intelectual,organos,propiedad,proteger",que organismo protegen la propiedad intelectual e industrial,,0,,0.00,
"encarga,estan,intelectual,organizaciones,propiedad,temas",que organizaciones estan encargadas de temas de propiedad intelectual,,0,,0.00,
"colombia,intelectual,organos,propiedad,regular",que organo regula la propiedad intelectual en colombia,,0,,0.00,
"intelectual,original,propiedad,proteger",que origino que se protegiera la propiedad intelectual,,0,,0.00,
"0,4,industrial,intelectual,juegos,papel,propiedad",que papel juega la propiedad intelectual en la industria 4.0,,0,,0.00,
"intelectual,paso,propiedad",que pasa con la propiedad intelectual,,0,,0.00,
"articulo,intelectual,paso,propiedad,si,vender",que pasa si vendo un articulo de propiedad intelectual,,0,,0.00,
"intelectual,paso,propiedad,si,viola",que pasa si violo la propiedad intelectual,,0,,0.00,
"existen,intelectual,pasaria,propiedad,si",que pasaria si no existe la propiedad intelectual,,0,,0.00,
"existen,intelectual,pasaria,propiedad,si",que pasaria si no existiera la propiedad intelectual,,0,,0.00,
"intelectual,pasaria,propiedad,proteger,puede,si",que pasaria si no se puede proteger la propiedad intelectual,,0,,0.00,
"corresponde,intelectual,porcentaje,propiedad,sociedad",que porcentaje en una sociedad corresponde la propiedad intelectual,,0,,0.00,
"intelectual,porcentaje,propiedad",que porcentaje por propiedad intelectual,,0,,0.00,
"deberia,intelectual,mantenimiento,principios,propiedad,seguridad",que principios de seguridad y propiedad intelectual deberia mantener,,0,,0.00,
"deberia,intelectual,mantenere,principios,propiedad,seguridad",que principios de seguridad y propiedad intelectual deberia mantenere,,0,,0.00,
"deberia,intelectual,mantenimiento,principios,propiedad,seguridad",que principios de seguridad y propiedad intelectual deberia mantenerse,,0,,0.00,
"comprende,intelectual,produccion,propiedad",que producciones comprende la propiedad intelectual,,0,,0.00,
"china,intelectual,propiedad,robo,unidos",que propiedad intelectual le robo china a estados unidos,,0,,0.00,
"derecho,intelectual,propiedad,proteger",que protege el derecho de propiedad intelectual,,0,,0.00,
"intelectual,ley,propiedad,proteger",que protege la ley de propiedad intelectual,,0,,0.00,
"industrial,intelectual,normatividad,propiedad,proteger",que protege la normativa de propiedad intelectual e industrial,,0,,0.00,
"colombia,industrial,intelectual,propiedad,proteger",que protege la propiedad industrial e intelectual en colombia,,0,,0.00,
"colombia,intelectual,propiedad,proteger",que protege la propiedad intelectual en colombia,,0,,0.00,
"derecho,intelectual,propiedad,proteger",que protege los derechos de propiedad intelectual,,0,,0.00,
"derecho,intelectual,propiedad,proteger",que protegen los derechos de propiedad intelectual,,0,,0.00,
"derecho,intelectual,propiedad,protger",que protge los derechos de propiedad intelectual,,0,,0.00,
"intelectual,propiedad,proteger,puede",que puede proteger la propiedad intelectual,,0,,0.00,
"autores,derecho,intelectual,propiedad,puede,tener",que puede tener derechos de autor y propiedad intelectual,,0,,0.00,
"derecho,intelectual,propiedad,proteger,puede",que puedes protege con los derecho de propiedad intelectual,,0,,0.00,
"decir,desarrollo,intelectual,propiedad,quiero",que quiere decir propiedad intelectual y desarrollo,,0,,0.00,
"derecho,estudio,intelectual,propiedad,ram",que rama del derecho estudia la propiedad intelectual,,0,,0.00,
"derecho,intelectual,propiedad,ram,regular",que rama del derecho regula la propiedad intelectual,,0,,0.00,
"escribe,identidad,intelectual,propiedad,reglas",que regla escribe esta identidad la propiedad intelectual,,0,,0.00,
"demon,intelectual,propiedad,relacion",que relacion hay entre la propiedad intelectual y la demon,,0,,0.00,
"intelectual,mascara,propiedad,relacion",que relacion hay entre los masc y la propiedad intelectual,,0,,0.00,
"intelectual,propiedad,relacion,tic",que relacion hay entre propiedad intelectual y las tic,,0,,0.00,
"conocimiento,intelectual,propiedad",que se conoce como propiedad intelectual,,0,,0.00,
"colombia,debe,intelectual,propiedad,saber",que se debe saber de la propiedad intelectual en colombia,,0,,0.00,
"cuenta,debe,intelectual,propiedad,tener",que se debe tener en cuenta en la propiedad intelectual,,0,,0.00,
"debe,encuenta,intelectual,propiedad,tener",que se debe tener encuenta en la propiedad intelectual,,0,,0.00,
"genero,intelectual,propiedad,violacion",que se genera la violacion en la propiedad intelectual,,0,,0.00,
"inscribir,intelectual,propiedad,registro",que se inscribe en el registro de propiedad intelectual,,0,,0.00,
"intelectual,propiedad,semejanzas,tic",que semejanza hay entre la propiedad intelectual y las tic,,0,,0.00,
"arrendamiento,intelectual,propiedad,significa",que significa arrendamiento de la propiedad intelectual,,0,,0.00,
"codigo,intelectual,interpretar,propiedad,significa",que significa el interprete del codigo en la propiedad intelectual,,0,,0.00,
"explotacion,intelectual,propiedad,significa",que significa explotacion de la propiedad intelectual,,0,,0.00,
"intelectual,patente,propiedad,significa",que significa las patentes en propiedad intelectual,,0,,0.00,
"intelectual,material,propiedad,significado",que significado tiene la propiedad material e intelectual,,0,,0.00,
"actividades,intelectual,propiedad",que son activos de propiedad intelectual,,0,,0.00,
"actividades,intelectual,propiedad",que son activos propiedad intelectual,,0,,0.00,
"derecho,intelectual,propiedad",que son derecho de propiedad intelectual,,0,,0.00,
"autores,derecho,intelectual,propiedad",que son derechos de autor y propiedad intelectual,,0,,0.00,
"elementos,intelectual,propiedad",que son elementos de propiedad intelectual,,0,,0.00,
"0,4,industrial,intelectual,propiedad,relacion",que son industrias 4.0 relacion con la propiedad intelectual,,0,,0.00,
"considera,etica,intelectual,propiedad",que son las consideraciones eticas y de propiedad intelectual,,0,,0.00,
"intelectual,licencia,obligatorio,propiedad",que son las licencias obligatorias propiedad intelectual,,0,,0.00,
"intelectual,propiedad,reivindicación",que son las reivindicaciones en propiedad intelectual,,0,,0.00,
"intelectual,propiedad,tarifas",que son las tarifas de la propiedad intelectual,,0,,0.00,
"aspectos,intelectual,propiedad",que son los aspectos de la propiedad intelectual,,0,,0.00,
"conocimiento,intelectual,propiedad",que son los conocimientos sobre propiedad intelectual,,0,,0.00,
"delito,intelectual,propiedad",que son los delitos contra la propiedad intelectual,,0,,0.00,
"colombia,conexos,derecho,intelectual,propiedad",que son los derechos conexos en propiedad intelectual colombia,,0,,0.00,
"autores,derecho,intelectual,propiedad",que son los derechos de autor y la propiedad intelectual,,0,,0.00,
"derecho,english,intelectual,propiedad",que son los derechos de propiedad intelectual in english,,0,,0.00,
"derecho,intelectual,morales,propiedad",que son los derechos morales de la propiedad intelectual,,0,,0.00,
"intelectual,patente,propiedad",que son los patentes de la propiedad intelectual,,0,,0.00,
"intelectual,objetivos,propiedad,proteccion",que son objeto de protección por la propiedad intelectual,,0,,0.00,
"intelectual,patente,propiedad",que son patentes y propiedad intelectual,,0,,0.00,
"intelectual,patente,propiedad,resumen",que son patentes y propiedad intelectual resumen,,0,,0.00,
"intelectual,potente,propiedad",que son potentes y propiedad intelectual,,0,,0.00,
"intelectual,propiedad,sonactividades",que sonactivos de propiedad intelectual,,0,,0.00,
"bien,conforman,intelectual,propiedad,tipos",que tipo de bienes conforman la propiedad intelectual,,0,,0.00,
"bien,colombia,conforman,intelectual,propiedad,tipos",que tipo de bienes conforman la propiedad intelectual en colombia,,0,,0.00,
"intelectual,propiedad,proteccion,tipos",que tipos proteccion de propiedad intelectual,,0,,0.00,
"habla,intelectual,propiedad,trata",que tratados hablan sobre la propiedad intelectual,,0,,0.00,
"autores,derecho,intelectual,propiedad,valor",que valor tienen los derechos de autor y propiedad intelectual,,0,,0.00,
"general,intelectual,ofrece,propiedad,publico,ventajas",que ventajas ofrece la propiedad intelectual al publico en general,,0,,0.00,
"intelectual,paso,propiedad,registro",que.pasa.con.la.propiedad intelectual cuando no ha sido registrada,,0,,0.00,
"intelectual,propiedad,que",quees la propiedad intelectual,,0,,0.00,
"intelectual,propiedad,que",quees propiedad intelectual,,0,,0.00,
"intelectual,propiedad,que",ques es propiedad intelectual,,0,,0.00,
"intelectual,propiedad,que",ques propiedad intelectual,,0,,0.00,
"competencias,controversia,intelectual,propiedad",quien es competente en las controversias sobre propiedad intelectual,,0,,0.00,
"autores,intelectual,propiedad",quien es el autor de la propiedad intelectual,,0,,0.00,
"intelectual,otorga,propiedad",quien otorga la propiedad intelectual,,0,,0.00,
"intelectual,pierde,propiedad",quien pierde con la propiedad intelectual,,0,,0.00,
"intelectual,propiedad,proteger",quien protege las propiedad intelectual,,0,,0.00,
"derecho,intelectual,propiedad,proteger",quien protege los derechos de propiedad intelectual,,0,,0.00,
"intelectual,propiedad,puede,solicitar",quien puede solicitar la propiedad intelectual,,0,,0.00,
"colombia,intelectual,ley,propiedad,regular",quien regula en colombia la ley de propiedad intelectual,,0,,0.00,
"colombia,intelectual,ley,propiedad,regular",quien regula la ley de propiedad intelectual en colombia,,0,,0.00,
"competencias,controversia,intelectual,propiedad",quien tiene competencia en controversias sobre propiedad intelectual,,0,,0.00,
"colombia,competencias,controversia,intelectual,propiedad",quien tiene competencia en controversias sobre propiedad intelectual en colombia,,0,,0.00,
"colomia,competencias,controversia,intelectual,propiedad",quien tiene competencia en controversias sobre propiedad intelectual en colomia,,0,,0.00,
"colombia,intelectual,propiedad,vigilancia",quien vigila la propiedad intelectual en colombia,,0,,0.00,
"actua,derecho,intelectual,propiedad",quienes actuan en el derecho de propiedad intelectual,,0,,0.00,
"derecho,intelectual,propiedad,titulares",quienes son titulares del derecho de propiedad intelectual,,0,,0.00,
"colombia,derecho,intelectual,propiedad,titulares",quienes son titulares del derecho de propiedad intelectual en colombia,,0,,0.00,
"intelectual,propiedad,usan",quienes usan la propiedad intelectual,,0,,0.00,
"colombia,intelectual,propiedad,vela",quienes velan por la propiedad intelectual en colombia,,0,,0.00,
"defiende,dentro,empresa,intelectual,propiedad,quienes",quién defiende la propiedad intelectual dentro de una empresa,,0,,0.00,
"defiente,empresa,intelectual,propiedad,quienes",quién defiente la propiedad intelectual en una empresa,,0,,0.00,
"area,campo,comprende,intelectual,propiedad",qué campos o áreas comprende la propiedad intelectual,,0,,0.00,
"comprende,derecho,intelectual,propiedad",qué derechos comprende la propiedad intelectual,,0,,0.00,
"derecho,intelectual,ley,propiedad,proteger",qué derechos protege las leyes de propiedad intelectual,,0,,0.00,
"derecho,intelectual,ley,propiedad,proteger",qué derechos protegen las leyes de la propiedad intelectual,,0,,0.00,
"derecho,intelectual,ley,propiedad,proteger",qué derechos protegen las leyes de propiedad intelectual,,0,,0.00,
"autores,derecho,diferencia,existen,intelectual,propiedad",qué diferencias existen entre propiedad intelectual y derechos de autor,,0,,0.00,
"dnecesito,documentos,intelectual,paentes,propiedad",qué documentos se dnecesitan para paentar propiedad intelectual,,0,,0.00,
"encarga,entidad,intelectual,propiedad",qué entidad está encargada de la propiedad intelectual,,0,,0.00,
"entiende,intelectual,propiedad,usted",qué entiende usted por propiedad intelectual,,0,,0.00,
"entiende,informatica,intelectual,propiedad,usted",qué entiende usted por propiedad intelectual en informatica,,0,,0.00,
"calameo,intelectual,propiedad,registro",qué es el registro de propiedad intelectual calameo,,0,,0.00,
"acpi,intelectual,propiedad",qué es la acpi propiedad intelectual,,0,,0.00,
"declarar,doh,intelectual,propiedad",qué es la declaración de doha propiedad intelectual,,0,,0.00,
"colombia,intelectual,ley,propiedad",qué es la ley de propiedad intelectual en colombia,,0,,0.00,
"industrial,intelectual,propiedad",qué es la propiedad industrial e intelectual,,0,,0.00,
"archivo,intelectual,propiedad",qué es la propiedad intelectual de los archivos,,0,,0.00,
"ejemplos,intelectual,propiedad",qué es la propiedad intelectual ejemplos,,0,,0.00,
"colombia,intelectual,propiedad",qué es la propiedad intelectual en colombia,,0,,0.00,
"ecuador,intelectual,propiedad",qué es la propiedad intelectual en ecuador,,0,,0.00,
"intelectual,ompi,propiedad",qué es la propiedad intelectual ompi,,0,,0.00,
"divide,intelectual,propiedad",qué es la propiedad intelectual y como se divide,,0,,0.00,
"como,divide,intelectual,propiedad",qué es la propiedad intelectual y cómo se divide,,0,,0.00,
"comprende,intelectual,produccion,propiedad",qué es la propiedad intelectual y qué producciones comprende,,0,,0.00,
"intelectual,propiedad,proteccion",qué es la proteccion de propiedad intelectual,,0,,0.00,
"intelectual,propiedad",qué es la qué es la propiedad intelectual,,0,,0.00,
"intelectual,propiedad",qué es propiedad intelectua,,0,,0.00,
"colombia,intelectual,propiedad",qué es propiedad intelectual en colombia,,0,,0.00,
"intelectual,ompi,propiedad",qué es propiedad intelectual ompi,,0,,0.00,
"comunidad,intelectual,propiedad",qué es propiedad intelectual para comunicadores,,0,,0.00,
"intelectual,propiedad,wikipedia",qué es propiedad intelectual wikipedia,,0,,0.00,
"ejemplos,intelectual,propiedad",qué es propiedad intelectual y ejemplos,,0,,0.00,
"ejemplos,intelectual,productos,propiedad,servicio",qué es propiedad intelectual y ejemplos en productos y servicios,,0,,0.00,
"concurrencia,intelectual,propiedad,proteccion",qué es protección concurrente propiedad intelectual,,0,,0.00,
"citas,intelectual,ley,propiedad,segun",qué es una cita según la ley de propiedad intelectual,,0,,0.00,
"intelectual,licencia,propiedad",qué es una licencia de propiedad intelectual,,0,,0.00,
"autores,derecho,intelectual,ley,propiedad,regular",qué ley regula los derechos de autor o propiedad intelectual,,0,,0.00,
"intelectual,normas,propiedad,regular",qué normas regulan la propiedad intelectual,,0,,0.00,
"existen,intelectual,paso,propiedad,si",qué pasaría si no existiera la propiedad intelectual,,0,,0.00,
"derecho,entiende,intelectual,propiedad",qué se entiende por derechos de propiedad intelectual,,0,,0.00,
"excluidos,intelectual,propiedad,proteccion",qué se excluye de la protección de la propiedad intelectual,,0,,0.00,
"derecho,intelectual,propiedad,significado",qué significan los derechos de propiedad intelectual,,0,,0.00,
"contempla,distintos,intelectual,ley,propiedad,signo",qué signos distintivos contempla la ley de propiedad intelectual,,0,,0.00,
"autores,derecho,intelectual,propiedad",qué son derechos de autor y propiedad intelectual,,0,,0.00,
"derecho,intelectual,propiedad",qué son derechos de propiedad intelectual,,0,,0.00,
"intelectual,ley,propiedad",qué son las leyes de propiedad intelectual,,0,,0.00,
"bien,conforman,intelectual,propiedad,tipos",qué tipo de bienes conforman la propiedad intelectual,,0,,0.00,
"existen,intelectual,ompi,propiedad,segun,tipos",qué tipos de propiedad intelectual existen segun la ompi,,0,,0.00,
"intelectual,ompi,propiedad,tipos",qué tipos de propiedad intelectual ompi,,0,,0.00,
"general,intelectual,ofrece,propiedad,publico,ventajas",qué ventajas ofrece la propiedad intelectual al público en general,,0,,0.00,
"general,intelectual,ofrece,propiedad,publico,ventajas",qué ventajas ofrece la propiedad intelectual al público general,,0,,0.00,
"intelectual,ompi,propiedad,qes",qés es la propiedad intelectual ompi,,0,,0.00,
"intelectual,propiedad,racle",racla propiedad intelectual,,0,,0.00,
"gamboa,intelectual,propiedad,rafael",rafael gamboa propiedad intelectual,,0,,0.00,
"intelectual,pertenece,propiedad,ram",rama a la que pertenece la propiedad intelectual,,0,,0.00,
"colombia,intelectual,propiedad,ram",ramas de la propiedad intelectual en colombia,,0,,0.00,
"derecho,intelectual,propiedad,ram",ramas del derecho de la propiedad intelectual,,0,,0.00,
"divide,intelectual,propiedad,ram",ramas en que se divide la propiedad intelectual,,0,,0.00,
"colombia,divide,intelectual,propiedad,ram",ramas en que se divide la propiedad intelectual en colombia,,0,,0.00,
"ecuador,intelectual,propiedad,ranking",ranking de propiedad intelectual de ecuador,,0,,0.00,
"derecho,intelectual,pi,propiedad,raspberry",raspberry pi derechos de propiedad intelectual,,0,,0.00,
"competidores,ejemplos,industrial,intelectual,propiedad,rastreo",rastrea la propiedad industrial e intelectual de tus competidores ejemplos,,0,,0.00,
"empresa,importancia,intelectual,propiedad,razon",razones de importancia de propiedad intelectual en empresas,,0,,0.00,
"intelectual,propiedad,proteger,razon",razón para proteger la propiedad intelectual,,0,,0.00,
"intelectual,propiedad,proteger,razon",razónes para proteger la propiedad intelectual,,0,,0.00,
"industrial,intelectual,madre,propiedad,real",real madrid propiedad intelectual e industrial,,0,,0.00,
"intelectual,propiedad,receta,resraurante",recetas de un resraurante propiedad intelectual,,0,,0.00,
"colombia,intelectual,propiedad,receta,resraurante",recetas de un resraurante propiedad intelectual colombia,,0,,0.00,
"colombia,intelectual,propiedad,receta,restaurante",recetas de un restaurante propiedad intelectual colombia,,0,,0.00,
"intelectual,pago,propiedad,recibo,solicitud,tasa",recibo de pago de tasa de solicitud de propiedad intelectual,,0,,0.00,
"intelectual,propiedad,reconocimiento",reconoce la propiedad intelectual,,0,,0.00,
"intelectual,propiedad,reconocimientoen",reconocimientas de la propiedad intelectual,,0,,0.00,
"intelectual,propiedad,reconocimiento",reconocimiento propiedad intelectual,,0,,0.00,
"intelectual,propiedad,reconocimiento,uso",reconocimiento y uso de la propiedad intelectual,,0,,0.00,
"intelectual,propiedad,reconocimiento",reconocimientos de la propiedad intelectual,,0,,0.00,
"audiovisuales,intelectual,propiedad,recursos",recursos audiovisuales sin propiedad intelectual,,0,,0.00,
"audiovisuales,colombia,intelectual,propiedad,recursos",recursos audiovisuales sin propiedad intelectual colombia,,0,,0.00,
"audivisuales,intelectual,propiedad,recursos",recursos audivisuales sin propiedad intelectual,,0,,0.00,
"canvas,intelectual,metodo,propiedad,recursos",recursos de propiedad intelectual en el metodo canvas,,0,,0.00,
"intelectual,propiedad,recursos",recursos de propiedad intelectual que son,,0,,0.00,
"intelectual,legal,propiedad,recursos",recursos legales para la propiedad intelectual,,0,,0.00,
"intelectual,propiedad,red",red de la propiedad intelectual,,0,,0.00,
"academico,intelectual,produccion,propiedad,red,universitaria",red de la propiedad intelectual en la produccion academica universitaria,,0,,0.00,
"industrial,intelectual,latinoamerica,pila,propiedad,red",red de propiedad intelectual e industrial en latinoamérica-pila,,0,,0.00,
"intelectual,propiedad,referencia,uniminuto",referencias propiedad intelectual uniminuto,,0,,0.00,
"intelectual,propiedad,reflexion",reflexion de la propiedad intelectual,,0,,0.00,
"intelectual,propiedad,reflexion",reflexion sobre propiedad intelectual,,0,,0.00,
"autores,colombia,derecho,intelectual,propiedad,reflexion",reflexiones sobre derechos de autor y propiedad intelectual en colombia,,0,,0.00,
"intelectual,javeriana,propiedad,regalmento",regalmento propiedad intelectual javeriana,,0,,0.00,
"explotación,intelectual,propiedad,regalo",regalías y explotación de propiedad intelectual,,0,,0.00,
"intelectual,propiedad,regamento,uniminuto",regamento de propiedad intelectual de uniminutos,,0,,0.00,
"intelectual,propiedad,regimem",regimem de propiedad intelectual,,0,,0.00,
"intelectual,propiedad,regimen",regimen de la propiedad intelectual,,0,,0.00,
"9,cap,intelectual,propiedad,regimen",regimen de la propiedad intelectual cap 9,,0,,0.00,
"colombia,decreto,intelectual,propiedad,regimen",regimen de la propiedad intelectual decreto de colombia,,0,,0.00,
"colombia,intelectual,propiedad,regimen",regimen de la propiedad intelectual en colombia,,0,,0.00,
"colombia,intelectual,ley,propiedad,regimen",regimen de la propiedad intelectual leyes de colombia,,0,,0.00,
"colombia,intelectual,libro,propiedad,regimen",regimen de la propiedad intelectual libro colombia,,0,,0.00,
"intelectual,propiedad,regimen,resolucion",regimen de la propiedad intelectual resolucion,,0,,0.00,
"colombia,intelectual,propiedad,regimen,resolucion",regimen de la propiedad intelectual resolucion de colombia,,0,,0.00,
"autores,derecho,intelectual,mariana,propiedad,regimen,universidad",regimen de propiedad intelectual y derechos de autor universidad mariana,,0,,0.00,
"intelectual,legal,propiedad,regimen",regimen legal de la propiedad intelectual,,0,,0.00,
"colombia,intelectual,legal,propiedad,regimen",regimen legal de la propiedad intelectual colombia,,0,,0.00,
"intelectual,legal,propiedad,regimen,software,unidos",regimen legal de la propiedad intelectual software en estados unidos,,0,,0.00,
"intelectual,propiedad,regimen,upb",regimen propiedad intelectual upb,,0,,0.00,
"amparo,intelectual,propiedad,regimen",regimen que amparan propiedad intelectual,,0,,0.00,
"autores,derecho,intelectual,propiedad,registro",registrar derechos de autor y propiedad intelectual,,0,,0.00,
"colombia,intelectual,libro,propiedad,registro",registrar la propiedad intelectual de mi libro colombia,,0,,0.00,
"facebook,intelectual,propiedad,registro",registrar mi propiedad intelectual en facebook,,0,,0.00,
"colombia,intelectual,musica,propiedad,registro",registrar música propiedad intelectual en colombia,,0,,0.00,
"colombia,intelectual,propiedad,registro",registrar propiedad intelectual en colombia,,0,,0.00,
"intelectual,novela,propiedad,registro",registrar una novela propiedad intelectual,,0,,0.00,
"intelectual,programa,propiedad,registrarae",registrarae en el programa de propiedad intelectual,,0,,0.00,
"intelectual,mercadolibre,programa,propiedad,registrarae",registrarae en el programa de propiedad intelectual mercadolibre,,0,,0.00,
"contrato,intelectual,propiedad,registro",registro de contrato propiedad intelectual,,0,,0.00,
"autores,colombia,derecho,intelectual,propiedad,registro",registro de derechos de autor y propiedad intelectual colombia,,0,,0.00,
"derecho,intelectual,propiedad,registro",registro de derechos de propiedad intelectual,,0,,0.00,
"consulta,intelectual,propiedad,registro",registro de la propiedad intelectual consultas,,0,,0.00,
"direccion,intelectual,propiedad,registro",registro de la propiedad intelectual direccion,,0,,0.00,
"intelectual,propiedad,registro,venezuela",registro de la propiedad intelectual en venezuela,,0,,0.00,
"guatemala,intelectual,propiedad,registro,wikipedia",registro de la propiedad intelectual guatemala wikipedia,,0,,0.00,
"intelectual,musica,propiedad,registro",registro de la propiedad intelectual musical,,0,,0.00,
"intelectual,pdf,propiedad,registro",registro de la propiedad intelectual pdf,,0,,0.00,
"cultura,intelectual,ministerio,pertenecientes,propiedad,registro",registro de la propiedad intelectual perteneciente al ministerio de cultura,,0,,0.00,
"argentina,intelectual,juan,propiedad,registro,san",registro de la propiedad intelectual san juan argentina,,0,,0.00,
"intelectual,libro,propiedad,registro",registro de libros propiedad intelectual,,0,,0.00,
"colombia,intelectual,marca,propiedad,registro",registro de marca o propiedad intelectual en colombia,,0,,0.00,
"2017,intelectual,marca,propiedad,registro",registro de marca propiedad intelectual 2017,,0,,0.00,
"bogota,camara,comercial,intelectual,marca,propiedad,registro",registro de marca propiedad intelectual camara de comercio de bogota,,0,,0.00,
"colombia,empresa,intelectual,marca,propiedad,registro",registro de marca propiedad intelectual colombia para una empresa,,0,,0.00,
"intelectual,marca,propiedad,proyecto,registro",registro de marca propiedad intelectual de un proyectos,,0,,0.00,
"empresa,intelectual,marca,propiedad,registro",registro de marca propiedad intelectual de una empresa,,0,,0.00,
"empresa,intelectual,marca,propiedad,registro,textil",registro de marca propiedad intelectual de una empresa textil,,0,,0.00,
"definicion,intelectual,marca,propiedad,registro",registro de marca propiedad intelectual definicion,,0,,0.00,
"intelectual,ley,marca,propiedad,registro",registro de marca propiedad intelectual leyes,,0,,0.00,
"intelectual,marca,patente,propiedad,registro",registro de marca propiedad intelectual y patentes,,0,,0.00,
"colombia,intelectual,marca,propiedad,registro",registro de marca y propiedad intelectual colombia,,0,,0.00,
"empresa,intelectual,marca,propiedad,registro",registro de marca y propiedad intelectual de una empresa,,0,,0.00,
"colombia,intelectual,marca,propiedad,registro",registro de marca y propiedad intelectual en colombia,,0,,0.00,
"intelectual,marca,patente,propiedad,registro",registro de marca-propiedad intelectual-patentes,,0,,0.00,
"amaya,colombia,intelectual,marca,propiedad,registro",registro de marcas colombia amaya propiedad intelectual,,0,,0.00,
"asistencia,intelectual,miercoles,nueva,propiedad,registro",registro de nuevo asistente a miércoles de propiedad intelectual,,0,,0.00,
"asistencia,intelectual,marzo,miercoles,nueva,propiedad,registro",registro de nuevo asistente a miércoles de propiedad intelectual marzo,,0,,0.00,
"colombia,intelectual,obra,propiedad,registro",registro de obra propiedad intelectual colombia,,0,,0.00,
"132333,3788,806,9,92,b,intelectual,n,propiedad,registro",registro de propiedad intelectual 132333 i.s.b.n 92-806-3788-9,,0,,0.00,
"australia,intelectual,propiedad,registro",registro de propiedad intelectual australia,,0,,0.00,
"bogota,intelectual,propiedad,registro",registro de propiedad intelectual bogota,,0,,0.00,
"brasil,intelectual,propiedad,registro",registro de propiedad intelectual brasil,,0,,0.00,
"colombia,costo,intelectual,propiedad,registro",registro de propiedad intelectual colombia costo,,0,,0.00,
"colombia,intelectual,literario,obra,propiedad,registro",registro de propiedad intelectual colombia obras literarias,,0,,0.00,
"coco,cola,intelectual,propiedad,registro",registro de propiedad intelectual de coca cola,,0,,0.00,
"alemania,intelectual,propiedad,registro",registro de propiedad intelectual en alemania,,0,,0.00,
"intelectual,propiedad,registro,unidos",registro de propiedad intelectual en estados unidos,,0,,0.00,
"intelectual,panama,propiedad,registro",registro de propiedad intelectual en panama,,0,,0.00,
"intelectual,internacional,propiedad,registro",registro de propiedad intelectual internacional,,0,,0.00,
"intelectual,libro,propiedad,registro",registro de propiedad intelectual libro,,0,,0.00,
"intelectual,marca,propiedad,registro",registro de propiedad intelectual marca,,0,,0.00,
"intelectual,marca,patente,propiedad,registro",registro de propiedad intelectual marcas y patentes,,0,,0.00,
"colombia,intelectual,medellin,propiedad,registro",registro de propiedad intelectual medellin colombia,,0,,0.00,
"colombia,intelectual,musica,propiedad,registro",registro de propiedad intelectual musica colombia,,0,,0.00,
"intelectual,nicaragua,propiedad,registro",registro de propiedad intelectual nicaragua,,0,,0.00,
"colombia,intelectual,propiedad,registro,software",registro de propiedad intelectual software en colombia,,0,,0.00,
"comercial,dian,exterior,intelectual,propiedad,registro,subdireccion",registro de propiedad intelectual subdireccion de comercio exterior dian,,0,,0.00,
"intelectual,literario,propiedad,registro",registro de propiedad intelectual y literaria,,0,,0.00,
"colombia,intelectual,patente,propiedad,registro",registro de propiedad intelectual y patente en colombia,,0,,0.00,
"intelectual,linea,propiedad,registro,tesis",registro en linea tesis propiedad intelectual,,0,,0.00,
"comlombia,industrial,intelectual,propiedad,registro",registro propiedad industrial e intelectual comlombia,,0,,0.00,
"chistes,colombia,intelectual,propiedad,registro",registro propiedad intelectual chistes en colombia,,0,,0.00,
"colombia,intelectual,online,propiedad,registro",registro propiedad intelectual colombia online,,0,,0.00,
"indu,intelectual,propiedad,registro",registro propiedad intelectual indu,,0,,0.00,
"heroes,intelectual,marvel,propiedad,registro",registro propiedad intelectual marvel heroes,,0,,0.00,
"intelectual,mic,propiedad,registro",registro propiedad intelectual mic,,0,,0.00,
"intelectual,musica,propiedad,registro",registro propiedad intelectual musica,,0,,0.00,
"audiovisual,intelectual,obra,propiedad,registro",registro propiedad intelectual obra audiovisual,,0,,0.00,
"intelectual,online,propiedad,registro",registro propiedad intelectual online,,0,,0.00,
"intelectual,precio,propiedad,registro",registro propiedad intelectual precio,,0,,0.00,
"intelectual,propiedad,registro,requisitos",registro propiedad intelectual requisitos,,0,,0.00,
"intelectual,propiedad,registro,valencia",registro propiedad intelectual valencia,,0,,0.00,
"intelectual,propiedad,publico,registro",registro publico de la propiedad intelectual,,0,,0.00,
"colsultar,intelectual,propiedad,registro",registros de propiedad intelectual colsulta,,0,,0.00,
"2015,2016,intelectual,periodo,propiedad,registro",registros de propiedad intelectual durante el período 2015-2016,,0,,0.00,
"autores,derecho,intelectual,patente,propiedad,registro",registros de propiedad intelectual patentes derechos de autor,,0,,0.00,
"intelectual,mundial,propiedad,registro",registros de propiedad intelectual son mundiales,,0,,0.00,
"españa,intelectual,propiedad,registro",registros propiedad intelectual españa,,0,,0.00,
"intelectual,madre,propiedad,registrr,teleffono",registrro de la propiedad intelectual madrid teleffono,,0,,0.00,
"intelectual,marca,propiedad,registro",registró de marca-propiedad intelectual,,0,,0.00,
"colombia,intelectual,propiedad,regitro",regitro de propiedad intelectual colombia,,0,,0.00,
"17,codigo,intelectual,propiedad,reglas",regla 17 del codigo de propiedad intelectual,,0,,0.00,
"intelectual,patente,propiedad,reglamento,unal",reglamentación de patentes y propiedad intelectual en la unal,,0,,0.00,
"intelectual,propiedad,reglamento,sabana,universidad",reglamentación universidad de la sabana propiedad intelectual,,0,,0.00,
"intelectual,propiedad,reglamento,rosario,universidad",reglamento de la propiedad intelectual de la universidad el rosario,,0,,0.00,
"deboraarango,intelectual,propiedad,reglamento",reglamento de la propiedad intelectual deboraarango,,0,,0.00,
"cesmag,intelectual,propiedad,reglamento",reglamento de la propiedad intelectual del cesmag,,0,,0.00,
"externa,intelectual,propiedad,reglamento",reglamento de la propiedad intelectual del externado,,0,,0.00,
"em,intelectual,javeriana,propiedad,reglamento",reglamento de la propiedad intelectual em la javeriana,,0,,0.00,
"icesi,intelectual,propiedad,reglamento",reglamento de la propiedad intelectual icesi,,0,,0.00,
"colombia,intelectual,propiedad,reglamento",reglamento de propiedad intelectual colombia,,0,,0.00,
"cvudes,intelectual,propiedad,reglamento",reglamento de propiedad intelectual cvudes,,0,,0.00,
"co,edu,http,intelectual,propiedad,reglamento,site,uptc",reglamento de propiedad intelectual de la uptc site http uptc.edu.co,,0,,0.00,
"intelectual,propiedad,reglamento,uniminuto",reglamento de propiedad intelectual de uniminuto,,0,,0.00,
"intelectual,propiedad,reglamento,uniminuto",reglamento de propiedad intelectual de uniminutos,,0,,0.00,
"intelectual,norte,propiedad,reglamento,universidad",reglamento de propiedad intelectual de universidad del norte,,0,,0.00,
"eafit,intelectual,propiedad,reglamento",reglamento de propiedad intelectual eafit,,0,,0.00,
"colombia,intelectual,propiedad,reglamento",reglamento de propiedad intelectual en colombia,,0,,0.00,
"instituciones,intelectual,propiedad,reglamento",reglamento de propiedad intelectual en la institución,,0,,0.00,
"intelectual,nacional,propiedad,reglamento,universidad",reglamento de propiedad intelectual en la universidad nacional,,0,,0.00,
"importancia,intelectual,propiedad,reglamento",reglamento de propiedad intelectual importancia,,0,,0.00,
"dios,intelectual,minutos,propiedad,reglamento",reglamento de propiedad intelectual minuto de dios,,0,,0.00,
"intelectual,mundial,propiedad,reglamento",reglamento de propiedad intelectual mundial,,0,,0.00,
"bogota,eafit,fe,intelectual,propiedad,reglamento,santa,universidad",reglamento de propiedad intelectual santa fe de bogotá universidad eafit,,0,,0.00,
"intelectual,propiedad,reglamento,uantioquia",reglamento de propiedad intelectual uantioquia,,0,,0.00,
"intelectual,propiedad,reglamento,udea",reglamento de propiedad intelectual udea,,0,,0.00,
"intelectual,propiedad,reglamento,udea",reglamento de propiedad intelectual udes,,0,,0.00,
"intelectual,propiedad,reglamento,uis",reglamento de propiedad intelectual uis,,0,,0.00,
"intelectual,propiedad,reglamento,uniandes",reglamento de propiedad intelectual uniandes,,0,,0.00,
"intelectual,propiedad,reglamento,uninorte",reglamento de propiedad intelectual uninorte,,0,,0.00,
"intelectual,propiedad,reglamento,universidad",reglamento de propiedad intelectual universidad,,0,,0.00,
"antioquia,intelectual,propiedad,reglamento,universidad",reglamento de propiedad intelectual universidad de antioquia,,0,,0.00,
"caldas,intelectual,propiedad,reglamento,universidad",reglamento de propiedad intelectual universidad de caldas,,0,,0.00,
"cauca,intelectual,propiedad,reglamento,universidad",reglamento de propiedad intelectual universidad del cauca,,0,,0.00,
"intelectual,propiedad,reglamento,sur,universidad",reglamento de propiedad intelectual universidad del sur,,0,,0.00,
"industrial,intelectual,propiedad,reglamento,santander,universidad",reglamento de propiedad intelectual universidad industrial de santander,,0,,0.00,
"intelectual,nacional,propiedad,reglamento,universidad",reglamento de propiedad intelectual universidad nacional,,0,,0.00,
"colombia,intelectual,nacional,propiedad,reglamento,universidad",reglamento de propiedad intelectual universidad nacional de colombia,,0,,0.00,
"intelectual,propiedad,reglamento,usta",reglamento de propiedad intelectual usta,,0,,0.00,
"intelectual,propiedad,reglamento,utadeo",reglamento de propiedad intelectual utadeo,,0,,0.00,
"autores,derecho,intelectual,propiedad,reglamento,universidad",reglamento de propiedad intelectual y derechos de autor universidad,,0,,0.00,
"estudiantil,intelectual,propiedad,reglamento,uniminuto",reglamento de propiedad intelectual y estudiantil de uniminuto,,0,,0.00,
"0a00,48e8,7f56af5a3a09,abba,e47d567a,intelectual,pdf,propiedad,reglamento",reglamento de propiedad intelectual.pdf e47d567a-0a00-48e8-abba-7f56af5a3a09,,0,,0.00,
"2016,estudiantil,intelectual,propiedad,reglamento,uniminuto",reglamento estudiantil uniminuto 2016 propiedad intelectual,,0,,0.00,
"intelectual,ley,propiedad,reglamento",reglamento ley de propiedad intelectual,,0,,0.00,
"d,eafit,intelectual,propiedad,reglamento",reglamento propieda d intelectual eafit,,0,,0.00,
"externa,intelectual,propiedad,reglamento",reglamento propiedad intelectual externado,,0,,0.00,
"intelectual,javeriana,propiedad,reglamento",reglamento propiedad intelectual javeriana,,0,,0.00,
"intelectual,propiedad,reglamento,sennova",reglamento propiedad intelectual sennova,,0,,0.00,
"intelectual,propiedad,reglamento,uniminuto",reglamento propiedad intelectual uniminuto,,0,,0.00,
"intelectual,nacional,propiedad,reglamento,universe",reglamento propiedad intelectual univ nacional,,0,,0.00,
"intelectual,propiedad,reglamento,sabana,universidad",reglamento propiedad intelectual universidad de la sabana,,0,,0.00,
"intelectual,norte,propiedad,reglamento,universidad",reglamento propiedad intelectual universidad del norte,,0,,0.00,
"intelectual,propiedad,reglamento,santa,tomás,universidad",reglamento propiedad intelectual universidad santo tomás,,0,,0.00,
"intelectual,propiedad,reglamento,usc",reglamento propiedad intelectual usc,,0,,0.00,
"intelectual,propiedad,reglamento,utb",reglamento propiedad intelectual utb,,0,,0.00,
"intelectual,propiedad,reglamento",reglamento sobre propiedad intelectual,,0,,0.00,
"intelectual,propiedad,reglamento,salon,social,uso",reglamento uso salon social propiedad intelectual,,0,,0.00,
"industrial,intelectual,propiedad,reglamento,santander,universidad",reglamentos de propiedad intelectual de la universidad industrial de santander,,0,,0.00,
"intelectual,propiedad,reglamento,universidad",reglamentos de propiedad intelectual de las universidades,,0,,0.00,
"intelectual,jurisprudencia,propiedad,reglamento,universidad",reglamentos de propiedad intelectual de las universidades jurisprudencia,,0,,0.00,
"intelectual,jurisprudencia,propiedad,reglamento",reglamentos de propiedad intelectual jurisprudencia,,0,,0.00,
"intelectual,jurisprudencia,propiedad,reglamento,universidad",reglamentos de propiedad intelectual universidades jurisprudencia,,0,,0.00,
"intelectual,propiedad,reglamentot,sabana,universidad",reglamentot propiedad intelectual universidad de la sabana,,0,,0.00,
"colombia,intelectual,propiedad,reglas",reglas de propiedad intelectual en colombia,,0,,0.00,
"colombia,indigenas,intelectual,propiedad,reglas",reglas de propiedad intelectual indigena en colombia,,0,,0.00,
"intelectual,propiedad,regsitro",regsitro de propiedad intelectual,,0,,0.00,
"intelectual,propiedad,regsitro",regsitro propiedad intelectual,,0,,0.00,
"intelectual,propiedad,reguistro",reguistro propiedad intelectual,,0,,0.00,
"colombia,derecho,industrial,intelectual,propiedad,regulacion",regulacion al derecho de propiedad intelectual e industrial en colombia,,0,,0.00,
"colombia,derecho,intelectual,propiedad,regulacion",regulacion de derecho de propiedad intelectual en colombia,,0,,0.00,
"comercial,intelectual,propiedad,regulacion,temas",regulacion de la propiedad intelectual en temas de comercio,,0,,0.00,
"derecho,india,intelectual,propiedad,regulacion",regulacion de los derechos de propiedad intelectual india,,0,,0.00,
"colombia,intelectual,propiedad,regulacion",regulacion propiedad intelectual en colombia,,0,,0.00,
"colombia,intelectual,propiedad,regular",reguladores de la propiedad intelectual en colombia,,0,,0.00,
"colombia,intelectual,pdf,propiedad,regular",reguladores de propiedad intelectual colombia pdf,,0,,0.00,
"intelectual,pdf,propiedad,regular",reguladores de propiedad intelectual pdf,,0,,0.00,
"derecho,intelectual,juridica,propiedad,regular,ronda,uruguay",regular jurídicamente los derechos de propiedad intelectual ronda uruguay,,0,,0.00,
"intelectual,mic,propiedad,regustro",regustro propiedad intelectual mic,,0,,0.00,
"intelectual,propiedad,reivindicar",reivindicar la propiedad intelectual,,0,,0.00,
"autores,derecho,intelectual,propiedad,relacion",relacion entre derecho de autor y propiedad intelectual,,0,,0.00,
"competencias,derecho,intelectual,propiedad,relacion",relacion entre derecho de competencia y propiedad intelectua,,0,,0.00,
"competencias,derecho,intelectual,propiedad,relacion",relacion entre derecho de competencia y propiedad intelectual,,0,,0.00,
"competencias,derecho,intelectual,propiedad,relacion",relacion entre derecho de la competencia y propiedad intelectual,,0,,0.00,
"codigo,colombia,comercial,intelectual,propiedad,relacion",relacion entre propiedad intelectual en colombia y codigo de comercio,,0,,0.00,
"ciemcia,intelectual,propiedad,relacion",relacion entre propiedas intelectual y ciemcia,,0,,0.00,
"comunidad,intelectual,propiedad,relacion",relacion propiedad intelectual y propiedad comun,,0,,0.00,
"confidencialidad,copromiso,intelectual,propiedad,relacion",relaciona entre el copromiso de confidencialidad y la propiedad intelectual,,0,,0.00,
"ciencias,intelectual,propiedad,relacion",relación ciencia y propiedad intelectual,,0,,0.00,
"colombia,intelectual,pib,propiedad,relacion",relación de la propiedad intelectual con el pib en colombia,,0,,0.00,
"intelectual,pib,propiedad,relacion",relación entre el pib y la propiedad intelectual,,0,,0.00,
"agregar,intelectual,propiedad,relacion,valor",relación entre el valor agregado y la propiedad intelectual,,0,,0.00,
"intelectual,material,propiedad,renegociar,tlcan",renegociación del tlcan en materia de propiedad intelectual,,0,,0.00,
"ernesto,garcia,intelectual,propiedad,rengifo",rengifo garcia ernesto propiedad intelectual,,0,,0.00,
"garcia,intelectual,propiedad,rengifo",rengifo garcia propiedad intelectual,,0,,0.00,
"intelectual,propiedad,rengifo",rengifo propiedad intelectual,,0,,0.00,
"garcia,intelectual,propiedad,rengilfo",rengilfo garcia propiedad intelectual,,0,,0.00,
"intelectual,propiedad,renuncia",renuncia a la propiedad intelectual,,0,,0.00,
"facebook,intelectual,propiedad,reporte",reporte de propiedad intelectual en facebook,,0,,0.00,
"grafica,intelectual,propiedad,registro,representacion",representacion grafica propiedad intelectual registro,,0,,0.00,
"actual,articulo,intelectual,propiedad,reproduccion",reproduccion de articulos de actualidad propiedad intelectual,,0,,0.00,
"industrial,intelectual,propiedad,registro,requisistos",requisistos para registrar propiedad intelectual e industrial,,0,,0.00,
"intelectual,procedibilidad,propiedad,requisitos",requisito de procedibilidad propiedad intelectual,,0,,0.00,
"intelectual,perdida,propiedad,requisitos",requisitos para la perdida de la propiedad intelectual,,0,,0.00,
"intelectual,propiedad,requisitos",requisitos para la propiedad intelectual,,0,,0.00,
"diversidad,forma,intelectual,propiedad,requisitos",requisitos para las diversas formas de propiedad intelectual,,0,,0.00,
"intelectual,licencia,propiedad,requisitos",requisitos para licencia de propiedad intelectual,,0,,0.00,
"intelectual,licencia,obligatorio,propiedad,requisitos",requisitos para licencia obligatoria de propiedad intelectual,,0,,0.00,
"agente,intelectual,paraguay,propiedad,requisitos,ser",requisitos para ser agente de la propiedad intelectual en paraguay,,0,,0.00,
"colombia,intelectual,propiedad,requisitos,tarifas",requisitos y tarifas de la propiedad intelectual colombia,,0,,0.00,
"intelectual,propiedad,registro,requisitos,tarifas",requisitos y tarifas para el registro de propiedad intelectual,,0,,0.00,
"colombia,intelectual,propiedad,requisitos,tarifas",requisitos y tarifas propiedad intelectual colombia,,0,,0.00,
"intelectual,propiedad,registro,requsitos",requsitos para el registro de propiedad intelectual,,0,,0.00,
"bogota,intelectual,propiedad,registro,requsitos",requsitos para el registro de propiedad intelectual bogot,,0,,0.00,
"derecho,intelectual,propiedad,reserva",reserva de derechos de propiedad intelectual,,0,,0.00,
"historico,intelectual,propiedad,reseña",reseña historica de la propiedad intelectual,,0,,0.00,
"12383,intelectual,propiedad,resolucion",resolucion 12383 de propiedad intelectual,,0,,0.00,
"2015,24,440,intelectual,junio,propiedad,resolucion",resolucion 440 de 24 de junio de 2015 propiedad intelectual,,0,,0.00,
"intelectual,propiedad,resolucion",resolucion de propiedad intelectual,,0,,0.00,
"can,intelectual,propiedad,resolucion",resolucion de propiedad intelectual can,,0,,0.00,
"indecopi,intelectual,propiedad,resolucion",resolucion propiedad intelectual indecopi,,0,,0.00,
"intelectual,onu,propiedad,resolucion",resolucion propiedad intelectual onu,,0,,0.00,
"intelectual,propiedad,resolucion,scp",resolucion scp propiedad intelectual,,0,,0.00,
"intelectual,propiedad,resolucion,usa",resolucion sobre propiedad intelectual usa,,0,,0.00,
"intelectual,propiedad,resolución",resoluciones de propiedad intelectual,,0,,0.00,
"intelectual,onu,propiedad,resolución",resoluciones de propiedad intelectual onu,,0,,0.00,
"china,intelectual,propiedad,respeto",respeto a la propiedad intelectual china,,0,,0.00,
"intelectual,ley,propiedad,respeto",respeto a la propiedad intelectual ley,,0,,0.00,
"intelectual,normas,propiedad,respeto",respeto a la propiedad intelectual norma,,0,,0.00,
"intelectual,pdf,propiedad,respeto",respeto a la propiedad intelectual pdf,,0,,0.00,
"intelectual,propiedad,respeto",respeto al propiedad intelectual,,0,,0.00,
"intelectual,propiedad,respeto",respeto de la propiedad intelectual,,0,,0.00,
"informacion,intelectual,intermediarios,propiedad,responsabilidad,sociedad",responsabilidad intermediarios sociedad informacion propiedad intelectual,,0,,0.00,
"2000,486,andina,decision,intelectual,propiedad,resumen",resumen de decision andina 486 de 2000 propiedad intelectual,,0,,0.00,
"derivada,intelectual,manual,productos,propiedad,resumen",resumen de manual sobre la propiedad intelectual de productos derivados,,0,,0.00,
"colombia,intelectual,normatividad,propiedad,resumen",resumen de normatividad de la propiedad intelectual en colombia,,0,,0.00,
"intelectual,propiedad,reglamento,resumen",resumen del reglamento propiedad intelectual,,0,,0.00,
"intelectual,propiedad,resumen",resumen propiedad intelectual,,0,,0.00,
"colombia,intelectual,propiedad,resumen",resumen propiedad intelectual en colombia,,0,,0.00,
"farmaceutica,industrial,intelectual,propiedad,resumen",resumen propiedad intelectual en la industria farmaceutica,,0,,0.00,
"intelectual,propiedad,resumen",resumen sobre que es la propiedad intelectual,,0,,0.00,
"intelectual,paris,propiedad,resumen,trata",resumen tratado de paris propiedad intelectual,,0,,0.00,
"explotacion,intelectual,propiedad,retencion",retencion por explotacion de la propiedad intelectual,,0,,0.00,
"explotacion,intelectual,propiedad,regalias,retencion",retencion regalias y explotacion de la propiedad intelectual,,0,,0.00,
"funte,intelectual,propiedad,retencion",retención en la funte propiedad intelectual,,0,,0.00,
"industrial,intelectual,propiedad,reto",reto propiedad intelectual industrias,,0,,0.00,
"culturales,industrial,intelectual,propiedad,reto",reto propiedad intelectual industrias culturales,,0,,0.00,
"intelectual,internacional,propiedad,proteccion,reunion",reunion internacional para la proteccion de la propiedad intelectual,,0,,0.00,
"copia,documentos,intelectual,propiedad,revision",revisar la propiedad intelectual copia de un documento,,0,,0.00,
"contenido,intelectual,propiedad,revisión",revisión de la propiedad intelectual del contenido,,0,,0.00,
"colombiano,intelectual,propiedad,revista",revista colombiana de la propiedad intelectual,,0,,0.00,
"externa,intelectual,propiedad,revista",revista de propiedad intelectual externado,,0,,0.00,
"costo,intelectual,propiedad,revista,rico,seminario",revista de propiedad intelectual seminario de propiedad intelectual costa rica,,0,,0.00,
"costo,intelectual,patente,propiedad,revista,rico,seminario,software",revista de propiedad intelectual seminario software y patentes costa rica,,0,,0.00,
"2018,colombia,exma,intelectual,propiedad,revista",revista exma colombia 2018 propiedad intelectual,,0,,0.00,
"iberoamericana,industrial,intelectual,propiedad,revista",revista iberoamericana de propiedad intelectual propiedad industrial,,0,,0.00,
"17,2013,intelectual,n,noviembre,propiedad,revista",revista la propiedad intelectual n 17 noviembre del 2013,,0,,0.00,
"externa,intelectual,propiedad,revista",revista propiedad intelectual externado,,0,,0.00,
"intelectual,propiedad,revista,uexternado",revista propiedad intelectual uexternado,,0,,0.00,
"intelectual,propiedad,revista,semana",revista semana propiedad intelectual,,0,,0.00,
"colombiano,intelectual,propiedad,revista",revistas colombianas sobre propiedad intelectual,,0,,0.00,
"intelectual,propiedad,riesgo",riesgos propiedad intelectual,,0,,0.00,
"intelectual,libro,propiedad,rio,villavicencio",rios en villavicencio libres de propiedad intelectual,,0,,0.00,
"diseño,intelectual,propiedad,robo",robar un diseño propiedad intelectual,,0,,0.00,
"colombia,intelectual,propiedad,robo",robo de propiedad intelectual colombia,,0,,0.00,
"china,intelectual,propiedad,robo",robo de propiedad intelectual en china,,0,,0.00,
"colombia,intelectual,propiedad,robo",robo de propiedad intelectual en colombia,,0,,0.00,
"intelectual,propiedad,robo,unidos",robo de propiedad intelectual estados unidos,,0,,0.00,
"intelectual,meme,propiedad,robo",robo de propiedad intelectual meme,,0,,0.00,
"china,intelectual,propiedad,robo",robo propiedad intelectual china,,0,,0.00,
"doh,intelectual,propiedad,ronda",ronda de doha propiedad intelectual,,0,,0.00,
"intelectual,propiedad,ronda,uruguay",ronda de uruguay propiedad intelectual,,0,,0.00,
"colombia,intelectual,propiedad,rque",rque es propiedad intelectual en colombia,,0,,0.00,
"economia,inmaterial,intelectual,propiedad,rubendmj,sector",rubendmj economia sector inmaterial propiedad intelectual,,0,,0.00,
"diccionario,industrial,intelectual,pdf,propiedad,ruiperez",ruipérez diccionario de propiedad intelectual e industrial pdf,,0,,0.00,
"intelectual,propiedad,reconocera,rusia",rusia no reconocera la propiedad intelectual,,0,,0.00,
"colombia,intelectual,propiedad,rutina,yoga",rutina yoga propiedad intelectual colombia,,0,,0.00,
"deporte,intelectual,propiedad,rutina",rutinas deporte y propiedad intelectual,,0,,0.00,
"entrenamiento,intelectual,propiedad,rutina",rutinas entrenamiento y propiedad intelectual,,0,,0.00,
"colombia,entrenamiento,intelectual,propiedad,rutina",rutinas entrenamiento y propiedad intelectual colombia,,0,,0.00,
"comercial,explotación,intelectual,propiedad,regimen,ufps",régimen de propiedad intelectual y de explotación comercial ufps,,0,,0.00,
"empresa,intelectual,propiedad,sacar",sacar propiedad intelectual de una empresa,,0,,0.00,
"abogado,intelectual,propiedad,salario",salario abogado propiedad intelectual,,0,,0.00,
"abogado,españa,intelectual,propiedad,salario",salario abogado propiedad intelectual españa,,0,,0.00,
"abogado,intelectual,peru,propiedad,salario",salario peru abogado propiedad intelectual,,0,,0.00,
"intelectual,peru,propiedad,salario",salario peru propiedad intelectual,,0,,0.00,
"derecho,innovación,intelectual,propiedad,publico,salud",salud pública innovación y derechos de propiedad intelectual,,0,,0.00,
"andres,intelectual,maestria,propiedad,san",san andres maestria propiedad intelectual,,0,,0.00,
"critica,intelectual,propiedad,san",sana critica y propiedad intelectual,,0,,0.00,
"crocs,evacol,infracciones,intelectual,propiedad,sancion",sancionan a evacol por infracción a propiedad intelectual de crocs,,0,,0.00,
"colombiano,intelectual,propiedad,robo,sancion",sanciones colombianas para robo de propiedad intelectual,,0,,0.00,
"colombia,intelectual,propiedad,sancion",sanciones contra la propiedad intelectual colombia,,0,,0.00,
"intelectual,propiedad,sancion",sanciones de la propiedad intelectual,,0,,0.00,
"intelectual,personas,propiedad,respeto,sancion",sanciones para personas que no respeten la propiedad intelectual,,0,,0.00,
"intelectual,propiedad,sancion",sanciones por propiedad intelectual,,0,,0.00,
"intelectual,propiedad,sancion,violacion",sanciones por violacion a la propiedad intelectual,,0,,0.00,
"colombia,intelectual,propiedad,sancion,violacion",sanciones por violacion a la propiedad intelectual en colombia,,0,,0.00,
"intelectual,propiedad,sancion,violacion",sanciones por violaciones a propiedad intelectual,,0,,0.00,
"intelectual,propiedad,sancion",sanciones propiedad intelectual,,0,,0.00,
"intelectual,propiedad,sancion,turquia",sanciones propiedad intelectual turquia,,0,,0.00,
"intelectual,multas,propiedad,sancion,violacion",sanciones y multas por violacion de propiedad intelectual,,0,,0.00,
"cifuentes,daño,intelectual,material,propiedad,santa",santos cifuentes los daños en materia de propiedad intelectual,,0,,0.00,
"clausula,intelectual,propiedad,sas,sociedad",sas con clausula de propiedad intelectual una sociedad,,0,,0.00,
"hechos,intelectual,plantas,propiedad,sdiapositivas,trabajso",sdiapositivas trabajso hechos sobre propiedad intelectual sobre las plantas,,0,,0.00,
"aplicaciones,asesoria,intelectual,propiedad,retencion",se aplica retencion por una asesoria en propiedad intelectual,,0,,0.00,
"abogado,buscar,intelectual,propiedad",se busca abogado de propiedad intelectual,,0,,0.00,
"aquellos,considera,creacion,intelectual,mente,propiedad,todo",se considera propiedad intelectual todas aquellas creaciones de la mente,,0,,0.00,
"acordes,citas,debe,intelectual,ley,propiedad",se debe citar acorde a la ley de propiedad intelectual,,0,,0.00,
"garantizar,intelectual,privada,propiedad",se garantiza la propiedad privada y propiedad intelectual,,0,,0.00,
"intelectual,justificación,propiedad,proteccion",se justifica la proteccion de la propiedad intelectual,,0,,0.00,
"enterder,intelectual,propiedad,puede,q,sistema",se puede enterden q los sistemas de propiedad intelectual,,0,,0.00,
"especial,intelectual,propiedad,proteger,puede,silvestre",se pueden proteger especies silvestres con propiedad intelectual,,0,,0.00,
"algunos,der,derecho,intelectual,propiedad,social,vulnerabilidad",se vulnero algún derecho de propiedad intelectual dered social,,0,,0.00,
"intelectual,mark,propiedad,vulnerabilidad,zuckerbeerg",se vulnero propiedad intelectual mark zuckerbeerg,,0,,0.00,
"comisiones,intelectual,intersectorial,propiedad,secreto,tecnica",secretaría técnica de la comisión intersectorial de propiedad intelectual,,0,,0.00,
"empresarial,intelectual,propiedad,secreto",secreto empresarial propiedad intelectual,,0,,0.00,
"comerciales,intelectual,propiedad,proteger,secreto",secretos comerciales protegidos por la propiedad intelectual,,0,,0.00,
"colombia,comerciales,empresariales,intelectual,know,propiedad,secreto",secretos empresariales comerciales y know how propiedad intelectual colombia,,0,,0.00,
"intelectual,propiedad,reglamento,segun,uniminuto",segun reglamento de propiedad intelectual uniminuto,,0,,0.00,
"intelectual,propiedad,regalias,seguridad,social",seguridad social en regalias de propiedad intelectual,,0,,0.00,
"intelectual,propiedad,seguridad",seguridad y propiedad intelectual,,0,,0.00,
"intelectual,internet,propiedad,seguridad",seguridad y propiedad intelectual en internet,,0,,0.00,
"intelectual,propiedad,seguridad",seguro de propiedad intelectual,,0,,0.00,
"intelectual,propiedad,seguridad",seguros para propiedad intelectual,,0,,0.00,
"colombia,ee,incumplimiento,intelectual,propiedad,segun,tlc,uu",según ee uu colombia incumplió el tlc en propiedad intelectual,,0,,0.00,
"intelectual,propiedad,reglamento,segun",según el reglamento de propiedad intelectual,,0,,0.00,
"autores,intelectual,ley,propiedad,segun",según la ley de propiedad intelectual autor es,,0,,0.00,
"audiovisuales,intelectual,materiales,propiedad,respeto,seleccion",seleccionar materiales audiovisuales respetando la propiedad intelectual,,0,,0.00,
"comunidad,intelectual,propiedad,semejanzas",semejanza propiedad intelectual y propiedad comun,,0,,0.00,
"certificado,intelectual,problematica,propiedad,semillas",semilla certificada problematica de propiedad intelectual,,0,,0.00,
"intelectual,propiedad,semillas,transgenicos",semillas transgenicos y la propiedad intelectual,,0,,0.00,
"intelectual,investigacion,propiedad,semillero",semilleros de investigacion propiedad intelectual,,0,,0.00,
"intelectual,permanente,propiedad,seminario",seminario permanente de propiedad intelectual,,0,,0.00,
"autores,derecho,guia,intelectual,propiedad,sena",sena guia derechos de autor y propiedad intelectual,,0,,0.00,
"intelectual,propiedad,sena",sena propiedad intelectual,,0,,0.00,
"intelectual,propiedad,sennova",sennova propiedad intelectual,,0,,0.00,
"fecha,intelectual,propiedad,senseball",senseball fecha de la propiedad intelectual,,0,,0.00,
"intelectual,propiedad,sentemcia",sentemcia sobre propiedad intelectual,,0,,0.00,
"051,c,intelectual,propiedad,sentencia",sentencia c 051 propiedad intelectual,,0,,0.00,
"intelectual,propiedad,sentencia",sentencia de propiedad intelectual,,0,,0.00,
"intelectual,propiedad,sentencia",sentencia sobre la propiedad intelectual,,0,,0.00,
"intelectual,propiedad,sentencia",sentencia sobre propiedad intelectual,,0,,0.00,
"intelectual,propiedad,sentencia",sentencia t sobre propiedad intelectual,,0,,0.00,
"colombia,intelectual,propiedad,sentencia",sentencias de propiedad intelectual en colombia,,0,,0.00,
"derecho,intelectual,propiedad,sentencia",sentencias derechos propiedad intelectual,,0,,0.00,
"colombia,intelectual,propiedad,sentencia",sentencias propiedad intelectual colombia,,0,,0.00,
"colombia,comercial,intelectual,propiedad,sentencia",sentencias sobre la propiedad intelectual comercial en colombia,,0,,0.00,
"colombia,intelectual,propiedad,sentencia",sentencias sobre propiedad intelectual en colombia,,0,,0.00,
"colombia,grado,intelectual,propiedad,sentencia,tesis",sentencias sobre propiedad intelectual en colombia tesis de grado,,0,,0.00,
"derecho,intelectual,propiedad,sentencia",sentencias t derechos propiedad intelectual,,0,,0.00,
"eduardo,gomez,intelectual,nueva,propiedad,serrano,tecnologia",serrano gomez eduardo la propiedad intelectual y las nuevas tecnologias,,0,,0.00,
"compartir,intelectual,propiedad,servicio",servicio compartido de propiedad intelectual,,0,,0.00,
"bolivia,intelectual,nacional,propiedad,servicio",servicio nacional de propiedad intelectual bolivia,,0,,0.00,
"cientifico,intelectual,parque,propiedad,servicio,tecnologicos",servicios de propiedad intelectual en parques cientificos y tecnologicos,,0,,0.00,
"autores,derecho,intelectual,juridica,propiedad,servicio",servicios juridico derecho de autor y propiedad intelectual,,0,,0.00,
"industrial,intelectual,juridica,propiedad,servicio",servicios juridicos propiedad intelectual e industrial,,0,,0.00,
"intelectual,propiedad,service",servicos de propiedad intelectual,,0,,0.00,
"derecho,intelectual,propiedad,sesion",sesion de derechos propiedad intelectual,,0,,0.00,
"derecho,intelectual,propiedad,refuerzo,si",si el estado refuerza los derechos de propiedad intelectual,,0,,0.00,
"intelectual,propiedad,registro,sic,sustancias",sic + propiedad intelectual en registro de sustancias,,0,,0.00,
"competencias,intelectual,material,propiedad,sic",sic competencia en materia de propiedad intelectual,,0,,0.00,
"conflicto,intelectual,propiedad,sic",sic conflictos de propiedad intelectual,,0,,0.00,
"inscripciones,intelectual,miercoles,propiedad,sic",sic inscripcion miércoles de propiedad intelectual,,0,,0.00,
"buscadort,intelectual,propiedad,sic",sic propiedad intelectual buscadort,,0,,0.00,
"competencias,intelectual,propiedad,sic",sic propiedad intelectual competencia,,0,,0.00,
"colombia,intelectual,propiedad,proteccion,sic",sic proteccion propiedad intelectual colombia,,0,,0.00,
"intelectual,propiedad,registro,sic",sic registro de propiedad intelectual,,0,,0.00,
"intelectual,propiedad,regular,sic",sic regula la propiedad intelectual,,0,,0.00,
"africa,intelectual,propiedad,side",sida en africa y propiedad intelectual,,0,,0.00,
"intelectual,propiedad,siglo",siglas para propiedad intelectual,,0,,0.00,
"intelectual,propiedad,significado",significado de la propiedad intelectual,,0,,0.00,
"intelectual,propiedad,significado",significado de propiedas intelectual,,0,,0.00,
"creatividad,intelectual,proceso,propiedad,significado,simbolo",significado simbólico proceso creativo y propiedad intelectual,,0,,0.00,
"distintos,intelectual,propiedad,signo",signos distintivos en la propiedad intelectual,,0,,0.00,
"distintos,intelectual,propiedad,signo",signos distintivos propiedad intelectual,,0,,0.00,
"colombia,distintos,intelectual,propiedad,signo",signos distintivos propiedad intelectual colombia,,0,,0.00,
"dimayor,intelectual,propiedad,simbolo",simbolo de dimayor propiedad intelectual,,0,,0.00,
"intelectual,propiedad,simbolo",simbolo de la propiedad intelectual,,0,,0.00,
"intelectual,propiedad,simbolo",simbolos de la propiedad intelectual,,0,,0.00,
"intelectual,propiedad,simbolo",simbolos de propiedad intelectual,,0,,0.00,
"intelectual,marca,niombre,propiedad,referencia,simbolo",simbolos niombres y marcas de referencia para propiedad intelectual,,0,,0.00,
"intelectual,marca,nombre,propiedad,referencia,simbolo",simbolos nombres y marcas de referencia para propiedad intelectual,,0,,0.00,
"intelectual,ordinario,propiedad,similitudes",similitudes propiedad ordinaria y propiedad intelectual,,0,,0.00,
"industrial,intelectual,propiedad,similitudesentre",similitudesentre propiedad intelectual y propiedad industrial,,0,,0.00,
"intelectual,propiedad,sinatra",sinatra tiene propiedad intelectual,,0,,0.00,
"intelectual,propiedad,registro,sin",sino hay registro de propiedad intelectual,,0,,0.00,
"intelectual,propiedad,sinonimo",sinonimo propiedad intelectual,,0,,0.00,
"intelectual,propiedad,sinonimos",sinonimos de propiedad intelectual,,0,,0.00,
"antonimos,intelectual,propiedad,sinonimos",sinonimos y antonimos de propiedad intelectual,,0,,0.00,
"2010,administrativo,colombia,intelectual,nacional,propiedad,sistema",sistema administrativo nacional de propiedad intelectual antes de 2010 colombia,,0,,0.00,
"administrativo,colombia,intelectual,nacional,propiedad,sistema",sistema administrativo nacional de propiedad intelectual colombia,,0,,0.00,
"autonoma,intelectual,propiedad,sistema",sistema autonomo de propiedad intelectual,,0,,0.00,
"colombiano,intelectual,propiedad,sistema",sistema colombiano de propiedad intelectual,,0,,0.00,
"informacion,intelectual,propiedad,sistema",sistema de informacion de propiedad intelectual,,0,,0.00,
"informacion,intelectual,propiedad,sic,sistema",sistema de informacion de propiedad intelectual sic,,0,,0.00,
"intelectual,madre,propiedad,sistema",sistema de madrid propiedad intelectual,,0,,0.00,
"intelectual,patente,propiedad,sistema",sistema de patentes y la propiedad intelectual,,0,,0.00,
"colombia,intelectual,propiedad,sistema",sistema de propiedad intelectual colombia,,0,,0.00,
"colombiano,intelectual,propiedad,sistema",sistema de propiedad intelectual colombiano,,0,,0.00,
"industrial,intelectual,propiedad,sistema",sistema de propiedad intelectual e industrial,,0,,0.00,
"colombia,fotos,intelectual,propiedad,sistema",sistema de propiedad intelectual en colombia fotos,,0,,0.00,
"colombia,industrial,intelectual,propiedad,sistema",sistema de propiedad intelectual en colombia industrial,,0,,0.00,
"colombia,intelectual,propiedad,sistema,variedades,vegetales",sistema de propiedad intelectual en colombia variedades vegetales,,0,,0.00,
"cuba,intelectual,propiedad,sistema",sistema de propiedad intelectual en cuba,,0,,0.00,
"intelectual,mexico,propiedad,sistema",sistema de propiedad intelectual en mexico,,0,,0.00,
"intelectual,paises,propiedad,sistema",sistema de propiedad intelectual en otros paises,,0,,0.00,
"existen,intelectual,internacional,propiedad,regular,sistema",sistema de propiedad intelectual existe una regulación internacional,,0,,0.00,
"fisica,intelectual,propiedad,sistema",sistema de propiedad intelectual fisica,,0,,0.00,
"intelectual,internacional,propiedad,sistema",sistema de propiedad intelectual internacional,,0,,0.00,
"colombia,intelectual,organigrama,propiedad,sistema",sistema de propiedad intelectual organigrama colombia,,0,,0.00,
"integral,intelectual,propiedad,sistema",sistema integrado de propiedad intelectual,,0,,0.00,
"integral,intelectual,propiedad,sistema",sistema integral de propiedad intelectual,,0,,0.00,
"intelectual,internacional,propiedad,sistema",sistema internacional de propiedad intelectual,,0,,0.00,
"intelectual,international,propiedad,sistema",sistema interno de propiedad intelectual,,0,,0.00,
"intelectual,legal,modalidade,propiedad,sistema,todo",sistema legal a la propiedad intelectual en todas sus modalidade,,0,,0.00,
"intelectual,mexicana,propiedad,sistema",sistema mexicano de propiedad intelectual,,0,,0.00,
"intelectual,nacional,propiedad,sistema",sistema nacional de propiedad intelectual,,0,,0.00,
"intelectual,patente,propiedad,sistema",sistemas de patentes y la propiedad intelectual,,0,,0.00,
"intelectual,patente,propiedad,sistema",sistemas de patentes y propiedad intelectual,,0,,0.00,
"intelectual,patente,propiedad,sistema,yahoo",sistemas de patentes y propiedad intelectual yahoo,,0,,0.00,
"edu,examen,intelectual,propiedad,site",site edu propiedad intelectual exam,,0,,0.00,
"acuerdo,co,edu,intelectual,propiedad,site,unicauca",site unicauca.edu.co acuerdo propiedad intelectual,,0,,0.00,
"co,edu,intelectual,propiedad,site,unicauca",site unicauca.edu.co propiedad intelectual,,0,,0.00,
"intelectual,ofrece,propiedad,proteccion,sitios,web",sitios web que ofrecen proteccion de la propiedad intelectual,,0,,0.00,
"alimentaria,intelectual,patente,productos,propiedad,soberania,transgenicos",soberania alimentaria y productos transgenicos patentes y propiedad intelectual,,0,,0.00,
"ambito,aplicaciones,intelectual,propiedad",sobre que ambitos se aplica la propiedad intelectual,,0,,0.00,
"campo,intelectual,propiedad,realizar",sobre que campos se realiza la propiedad intelectual,,0,,0.00,
"impacto,intelectual,propiedad",sobre qué tiene impacto la propiedad intelectual,,0,,0.00,
"intelectual,latinoamericana,patente,propiedad,sociedad,ut",sociedad latinoamericana de propiedad intelectual ut patentes,,0,,0.00,
"intelectual,latinoamericana,patente,propiedad,sociedad",sociedad latinoamericana de propiedad intelectual y patentes,,0,,0.00,
"intelectual,propiedad,red,sociedad",sociedad red y propiedad intelectual,,0,,0.00,
"industrial,intelectual,propiedad,socio",socio industrial y propiedad intelectual,,0,,0.00,
"intelectual,ley,propiedad,software",software ley de propiedad intelectual,,0,,0.00,
"intelectual,libro,propiedad,software",software libre y propiedad intelectual,,0,,0.00,
"industrial,intelectual,propiedad,software",software propiedad intelectual o industrial,,0,,0.00,
"intelectual,propiedad,software",softwares son propiedad intelectual,,0,,0.00,
"gestion,integral,intelectual,propiedad,sofware",sofware de gestion integral de propiedad intelectual,,0,,0.00,
"certificate,intelectual,propiedad,solicitud",solicitud de certificación de propiedad intelectual,,0,,0.00,
"controversia,intelectual,propiedad,solucion",solucion de controversias en propiedad intelectual,,0,,0.00,
"colombia,controversia,intelectual,propiedad,solucion",solucion de controversias en propiedad intelectual colombia,,0,,0.00,
"intelectual,propiedad,sometido",sometimiento propiedad intelectual,,0,,0.00,
"intelectual,logica,propiedad,soporte",soporte logico propiedad intelectual,,0,,0.00,
"casa,colombia,intelectual,propiedad,real,spin",spin off colombia casos reales propiedad intelectual,,0,,0.00,
"intelectual,propiedad,sportline",sportline y su propiedad intelectual,,0,,0.00,
"artistica,debe,intelectual,propiedad,proteger",su propiedad intelectual como artista debe estar protegida,,0,,0.00,
"intelectual,propiedad,proteccion,suiza",suiza proteccion de la propiedad intelectual,,0,,0.00,
"actividades,intelectual,propiedad,sujeto",sujeto activo de la propiedad intelectual,,0,,0.00,
"autores,colombia,derecho,intelectual,propiedad,sujeto",sujetos del derecho de autor de la propiedad intelectual colombia,,0,,0.00,
"comercial,industral,intelectual,propiedad,super",super industra y comercio propiedad intelectual,,0,,0.00,
"insdustrial,intelectual,linea,propiedad,superintedencia",superintedencia de insdustria propiedad intelectual en línea,,0,,0.00,
"comercial,derecho,industrial,intelectual,propiedad,superintendencia",superintendencia de industria y comercio derecho de propiedad intelectual,,0,,0.00,
"comercial,industrial,intelectual,propiedad,registro,superintendencia",superintendencia de industria y comercio registro de propiedad intelectual,,0,,0.00,
"intelectual,propiedad,superintendencia",superintendencia de propiedad intelectual,,0,,0.00,
"intelectual,propiedad,superintendencia",superintendencia propiedad intelectual,,0,,0.00,
"intelectual,propiedad,supranacional",supranacional propiedad intelectual,,0,,0.00,
"intelectual,propiedad,surgimiento",surgimiento de propiedad intelectual,,0,,0.00,
"intelectual,propiedad,susceptibles",susceptible de propiedad intelectual,,0,,0.00,
"acuerdo,intelectual,internacionales,propiedad,tabla",tabla de acuerdos internacionales de la propiedad intelectual,,0,,0.00,
"contenido,intelectual,propiedad,tabla",tabla de contenidos de propiedad intelectual,,0,,0.00,
"agente,intelectual,propiedad,talento",talent agent propiedad intelectual,,0,,0.00,
"2017,intelectual,propiedad,taller",taller de propiedad intelectual 2017,,0,,0.00,
"autores,derecho,intelectual,internet,propiedad,taller",taller de propiedad intelectual internet y derechos de autor,,0,,0.00,
"informatica,intelectual,propiedad,taller",taller informatica sobre propiedad intelectual,,0,,0.00,
"intelectual,practica,propiedad,taller",taller practico sobre propiedad intelectual,,0,,0.00,
"intelectual,propiedad,taller",taller propiedad intelectual,,0,,0.00,
"intelectual,propiedad,taller",taller sobre propiedad intelectual,,0,,0.00,
"abogado,intelectual,propiedad,tamayo",tamayo abogados propiedad intelectual,,0,,0.00,
"intelectual,propiedad,tamayo",tamayo propiedad intelectual,,0,,0.00,
"intelectual,propiedad,tamayo",tamayo y tamayo propiedad intelectual,,0,,0.00,
"especializacion,externa,intelectual,propiedad,tarifas",tarifas especializacion propiedad intelectual externado,,0,,0.00,
"intelectual,propiedad,tasa",tasa propiedad intelectual,,0,,0.00,
"colombia,intelectual,marca,propiedad,tasa",tasas de marca de la propiedad intelectual colombia,,0,,0.00,
"derecho,intelectual,pago,propiedad,tasa",tasas para el pago de derecho de propiedad intelectual,,0,,0.00,
"intelectual,propiedad,tatuajes",tatuajes y propiedad intelectual,,0,,0.00,
"intelectual,propiedad,tauromaquia",tauromaquia y propiedad intelectual,,0,,0.00,
"intelectual,propiedad,taxi",taxis propiedad intelectual,,0,,0.00,
"españa,intelectual,propiedad,taxi",taxis propiedad intelectual españa,,0,,0.00,
"derecho,intelectual,propiedad,taxista",taxistas derecho de propiedad intelectual,,0,,0.00,
"faenza,intelectual,propiedad,teatro",teatro faenza propieda intelectual,,0,,0.00,
"autores,derecho,intelectual,propiedad,tecnologia",tecnologia derecho de autor y propiedad intelectual,,0,,0.00,
"intelectual,propiedad,tecnologia",tecnologias de propiedad intelectual,,0,,0.00,
"intelectual,propiedad,tecnoparque",tecnoparque propiedad intelectual,,0,,0.00,
"colombia,externa,intelectual,postgres,propiedad,telefono",telefono postgrados propiedad intelectual externado de colombia,,0,,0.00,
"intelectual,propiedad,telefono",telefono propiedad intelectual,,0,,0.00,
"derecho,grado,intelectual,propiedad,temas,trabajo",tema trabajo de grado derecho propiedad intelectual,,0,,0.00,
"ensayo,intelectual,propiedad,temas",temas de ensayos de propiedad intelectual,,0,,0.00,
"industrial,intelectual,propiedad,temas",temas de propiedad intelectual e industrial,,0,,0.00,
"intelectual,propiedad,temas",temas sobre propiedad intelectual,,0,,0.00,
"intelectual,mundial,propiedad,tendencias",tendencias mundiales de la propiedad intelectual,,0,,0.00,
"intelectual,mundial,pdf,propiedad,tendencias",tendencias mundiales de la propiedad intelectual pdf,,0,,0.00,
"empresa,intelectual,propiedad,tener",tener propiedad intelectual de una empresa,,0,,0.00,
"cuenta,decir,intelectual,poder,propiedad",teniendo en cuenta la propiedad intelectual podemos decir que,,0,,0.00,
"intelectual,ordinario,propiedad,tension",tensiones entre la propiedad intelectual y la propiedad ordinaria,,0,,0.00,
"intelectual,ordinario,pdf,propiedad,tension",tensiones entre la propiedad intelectual y la propiedad ordinaria pdf,,0,,0.00,
"intelectual,propiedad,teoria",teoria de la propiedad intelectual,,0,,0.00,
"copyright,intelectual,propiedad,teoria",teoria del copyright en propiedad intelectual,,0,,0.00,
"intelectual,nombre,propiedad,teoria",teoria propiedad intelectual de nombre,,0,,0.00,
"cesion,colombia,intelectual,propiedad,terminal",termino de la cesión en la propiedad intelectual colombia,,0,,0.00,
"colombia,intelectual,propiedad,terminal,vigente",termino de vigentes de la propiedad intelectual en colombia sobre,,0,,0.00,
"convenio,intelectual,propiedad,referencia,terminal",terminos de referencia de propiedad intelectual para un convenio,,0,,0.00,
"intelectual,propiedad,referencia,terminal",terminos de referencia propiedad intelectual,,0,,0.00,
"condiciones,intelectual,propiedad,terminal",terminos y condiciones propiedad intelectual,,0,,0.00,
"grado,intelectual,propiedad,tesis",tesis de grado sobre propiedad intelectual,,0,,0.00,
"competencias,derecho,intelectual,propiedad,tesis",tesis de propiedad intelectual y derecho de competencia,,0,,0.00,
"autores,derecho,intelectual,modelo,propiedad,tesis",tesis modelo de derechos de autor y propiedad intelectual,,0,,0.00,
"autores,derecho,intelectual,propiedad,test",test de derechos de autor y propiedad intelectual,,0,,0.00,
"bien,civil,derecho,industrial,intelectual,propiedad,test",test sobre propiedad industrial e intelectual derecho civil bienes,,0,,0.00,
"intelectual,propiedad,test",test sobre propiedad intelectual,,0,,0.00,
"final,intelectual,propiedad,texto",texto al final de propiedad intelectual,,0,,0.00,
"correo,final,intelectual,propiedad,texto",texto al final de propiedad intelectual en correo,,0,,0.00,
"intelectual,propiedad,texto",texto de propiedad intelectual,,0,,0.00,
"ejemplos,intelectual,propiedad,proteccion,texto",texto ejemplo proteccion propiedad intelectual,,0,,0.00,
"autores,derecho,informe,intelectual,propiedad,texto",texto informativo sobre la propiedad intelectual y derechos de autor,,0,,0.00,
"intelectual,legal,propiedad,texto",texto legal propiedad intelectual,,0,,0.00,
"diseño,intelectual,propiedad,propueta,texto",texto propiedad intelectual para propuetas de diseño,,0,,0.00,
"grado,intelectual,propiedad,texto,trabajo",texto propiedad intelectual trabajo de grado,,0,,0.00,
"final,intelectual,propiedad,texto,va",texto que va al final como propiedad intelectual,,0,,0.00,
"boeing,intelectual,ley,propiedad,refund,texto",texto refundido de la ley de propiedad intelectual boe,,0,,0.00,
"intelectual,propiedad,refund,texto",texto refundido propiedad intelectual,,0,,0.00,
"intelectual,propiedad,texto",textos sobre propiedad intelectual,,0,,0.00,
"intelectual,propiedad,tiempo",tiempo de propiedad intelectual,,0,,0.00,
"derecho,intelectual,propiedad,tipos",tipo de derecho de propiedad intelectual,,0,,0.00,
"derecho,intelectual,libro,propiedad,tipos",tipo de derecho de propiedad intelectual libros,,0,,0.00,
"derecho,intelectual,libro,marca,propiedad,tipos",tipo de derecho de propiedad intelectual libros marca,,0,,0.00,
"intelectual,marca,propiedad,tipos",tipo de marca propiedad intelectual,,0,,0.00,
"individual,intelectual,obra,propiedad,tipos",tipo de obra individual propiedad intelectual,,0,,0.00,
"intelectual,iphone,marca,propiedad,tipos",tipo de propiedad intelectual que tiene la marca iphone,,0,,0.00,
"intelectual,propiedad,tipos,tradicional",tipo de propiedad intelectual tradicional,,0,,0.00,
"ambito,bkanco,delito,intelectual,juridica,pebal,propiedad,tipos",tipo pebal en bkanco ambito.jurídico.delitos.contra la.propiedad intelectual,,0,,0.00,
"intelectual,propiedad,tipografia",tipografia propiedad intelectual,,0,,0.00,
"ejemplos,intelectual,propiedad,tipología",tipología de la propiedad intelectual ejemplo,,0,,0.00,
"colombia,contrato,intelectual,propiedad,tipos",tipos contrato de propiedad intelectual colombia,,0,,0.00,
"contrato,intelectual,propiedad,tipos",tipos contratos de propiedad intelectual,,0,,0.00,
"autores,intelectual,propiedad,tipos",tipos de autoría propiedad intelectual,,0,,0.00,
"bien,conforman,intelectual,propiedad,tipos",tipos de bienes que conforman la propiedad intelectual,,0,,0.00,
"contrato,intelectual,propiedad,tipos",tipos de contratos de propiedad intelectual,,0,,0.00,
"derecho,intelectual,propiedad,tipos",tipos de derecho de la propiedad intelectual,,0,,0.00,
"cultivo,derecho,intelectual,propiedad,tipos,transgenicos",tipos de derechos de propiedad intelectual cultivos transgenicos,,0,,0.00,
"intelectual,licencia,propiedad,tipos",tipos de licencia propiedad intelectual,,0,,0.00,
"colombia,intelectual,obra,propiedad,tipos",tipos de obra en propiedad intelectual colombian,,0,,0.00,
"autores,colombia,derecho,intelectual,marca,patente,propiedad,tipos",tipos de propiedad intelectual derecho de autor marcas patentes colombia,,0,,0.00,
"autores,derecho,intelectual,propiedad,tipos",tipos de propiedad intelectual derechos de autor,,0,,0.00,
"ecuador,intelectual,propiedad,tipos",tipos de propiedad intelectual ecuador,,0,,0.00,
"costo,intelectual,propiedad,rico,tipos",tipos de propiedad intelectual en costa rica,,0,,0.00,
"informatica,intelectual,propiedad,tipos",tipos de propiedad intelectual en informatica,,0,,0.00,
"ingles,intelectual,propiedad,tipos",tipos de propiedad intelectual en ingles,,0,,0.00,
"intelectual,mexico,propiedad,tipos",tipos de propiedad intelectual en mexico,,0,,0.00,
"existen,intelectual,propiedad,tipos",tipos de propiedad intelectual existen,,0,,0.00,
"existen,intelectual,ompi,propiedad,tipos",tipos de propiedad intelectual existen ompi,,0,,0.00,
"intelectual,patente,propiedad,tipos",tipos de propiedad intelectual patentes,,0,,0.00,
"intelectual,pdf,propiedad,tipos",tipos de propiedad intelectual pdf,,0,,0.00,
"intelectual,peru,propiedad,tipos",tipos de propiedad intelectual peru,,0,,0.00,
"intelectual,ompi,propiedad,segun,tipos",tipos de propiedad intelectual segun la ompi,,0,,0.00,
"intelectual,libro,propiedad,software,tipos",tipos de propiedad intelectual y software libre que es,,0,,0.00,
"intelectual,propiedad,proteccion,tipos",tipos de proteccion de la propiedad intelectual,,0,,0.00,
"existen,intelectual,propiedad,proteccion,tipos",tipos de proteccion de propiedad intelectual que existen,,0,,0.00,
"intelectual,propiedad,proteccion,tipos",tipos de proteccion propiedad intelectual,,0,,0.00,
"intelectual,modelo,propiedad,proteccion,tipos,utilidad",tipos de protección de propiedad intelectual modelo de utilidad,,0,,0.00,
"existen,intelectual,propiedad,proteccion,tipos",tipos de protección de propiedad intelectual que existen,,0,,0.00,
"intelectual,propiedad,robo,tipos",tipos de robo de propiedad intelectual,,0,,0.00,
"clases,intelectual,propiedad,tipos",tipos o clases de propiedad intelectual,,0,,0.00,
"intelectual,marca,propiedad,tipos",tipos propiedad intelectual marcas,,0,,0.00,
"intelectual,propiedad,tipos,tradiconal",tipos tradicones de propiedad intelectual,,0,,0.00,
"intelectual,modelo,propiedad,tipos,valoacion",tipos y modelos de valoacion de propiedad intelectual,,0,,0.00,
"intelectual,modelo,propiedad,tipos,valor",tipos y modelos de valoración de propiedad intelectual,,0,,0.00,
"intelectual,propiedad,titulo",titular de propiedad intelectual,,0,,0.00,
"derecho,intelectual,propiedad,titulo",titular del derecho de propiedad intelectual,,0,,0.00,
"colombia,intelectual,propiedad,titulares",titulares de la propiedad intelectual en colombia,,0,,0.00,
"derecho,intelectual,propiedad,titulares",titularidad del derecho de propiedad intelectual,,0,,0.00,
"derecho,intelectual,patrimonio,propiedad,titulares",titularidad patrimonial derechos de propiedad intelectual,,0,,0.00,
"derecho,intelectual,patrimonio,propiedad,titulares",titularidad patrimonial y derechos de propiedad intelectual,,0,,0.00,
"derecho,intelectual,moda,propiedad,titulo",titulo y modo derechos de propiedad intelectual,,0,,0.00,
"intelectual,moda,propiedad,titulo",titulo y modo en la propiedad intelectual,,0,,0.00,
"intelectual,moda,propiedad,titulo",titulo y modo en propiedad intelectual,,0,,0.00,
"intelectual,propiedad,titulo",titulos de propiedad intelectual,,0,,0.00,
"can,colombia,intelectual,propiedad,tlc",tlc colombia canada propiedad intelectual,,0,,0.00,
"capitulo,colombia,intelectual,propiedad,tlc",tlc colombia capitulo propiedad intelectual,,0,,0.00,
"colombia,efta,intelectual,propiedad,tlc",tlc colombia efta propiedad intelectual,,0,,0.00,
"capitulo,colombia,intelectual,propiedad,tlc,unidos",tlc colombia estados unidos capitulo propiedad intelectual,,0,,0.00,
"colombia,intelectual,propiedad,tlc,unidos",tlc colombia estados unidos en propiedad intelectual,,0,,0.00,
"colombia,intelectual,propiedad,tlc,unidos",tlc colombia estados unidos propiedad intelectual,,0,,0.00,
"capitulo,colombia,intelectual,mexico,propiedad,tlc",tlc colombia mexico capitulo propiedad intelectual,,0,,0.00,
"colombia,intelectual,propiedad,tlc,usa",tlc colombia usa propiedad intelectual,,0,,0.00,
"0,2,intelectual,propiedad,tlcan",tlcan 2.0 propiedad intelectual,,0,,0.00,
"intelectual,pdf,propiedad,tlcan",tlcan propiedad intelectual pdf,,0,,0.00,
"intelectual,propiedad,resumen,tlcan",tlcan propiedad intelectual resumen,,0,,0.00,
"abogado,intelectual,propiedad,tobon",tobon abogados propiedad intelectual,,0,,0.00,
"abogado,intelectual,propiedad,tobe",tobos abogados propiedad intelectual,,0,,0.00,
"acerca,intelectual,propiedad",todo acerca de la propiedad intelectual,,0,,0.00,
"derivada,intelectual,propiedad",todo lo derivados de propiedad intelectual,,0,,0.00,
"colombia,intelectual,propiedad",todo sobre la propiedad intelectual en colombia,,0,,0.00,
"colombia,intelectual,propiedad",todo sobre propiedad intelectual en colombia,,0,,0.00,
"intelectual,propiedad",todo sobre que es la propiedad intelectual,,0,,0.00,
"eiffel,intelectual,propiedad,torres",torre eiffel propiedad intelectual,,0,,0.00,
"intelectual,normatividad,propiedad,tpp",tpp normativa de propiedad intelectual,,0,,0.00,
"abogado,df,intelectual,propiedad,trabajo",trabajo abogado propiedad intelectual df,,0,,0.00,
"grado,intelectual,propiedad,tesis,trabajo",trabajo de grado o tesis propiedad intelectual,,0,,0.00,
"ensayo,intelectual,propiedad,trabajo,udea",trabajo de la udes un ensayo sobre propiedad intelectual,,0,,0.00,
"bogota,colombia,intelectual,propiedad,trabajo",trabajo en propiedad intelectual bogota colombia,,0,,0.00,
"intelectual,maestria,propiedad,trabajo",trabajo maestria propiedad intelectual,,0,,0.00,
"d,f,intelectual,propiedad,trabajo",trabajo propiedad intelectual d.f,,0,,0.00,
"intelectual,propiedad,trabajo",trabajo sobre la propiedad intelectual,,0,,0.00,
"intelectual,propiedad,trabajo",trabajo sobre propiedad intelectual,,0,,0.00,
"abogado,cali,intelectual,propiedad,trabajo",trabajos cali abogados propiedad intelectual,,0,,0.00,
"intelectual,propiedad,registro,trabajo",trabajos de registro de propiedad intelectual,,0,,0.00,
"intelectual,propiedad,trabajo",trabajos sobre propiedad intelectual,,0,,0.00,
"dress,intelectual,propiedad,trade",trade dress propiedad intelectual,,0,,0.00,
"intelectual,propiedad,trademark",trademark propiedad intelectual,,0,,0.00,
"colombia,intelectual,propiedad,trademark",trademark propiedad intelectual en colombia,,0,,0.00,
"comunidad,intelectual,propiedad,tragedia",tragedia de los comunes propiedad intelectual,,0,,0.00,
"intelectual,propiedad,tramite",tramites de propiedad intelectual,,0,,0.00,
"comprar,intelectual,legal,propiedad,tramite,transferencia",tramites legales para comprar transferencia propiedad intelectual,,0,,0.00,
"intelectual,propiedad,tramite",tramites para la propiedad intelectual,,0,,0.00,
"intelectual,propiedad,tramite",tramites propiedad intelectual,,0,,0.00,
"intelectual,propiedad,registro,tramite",tramites propiedad intelectual registro,,0,,0.00,
"intelectual,propiedad,registro,sanitario,tramite",tramites propiedad intelectual registro sanitario,,0,,0.00,
"intelectual,propiedad,transferencia",transferencia de propiedad intelectual al estado,,0,,0.00,
"intelectual,propiedad,tecnologia,transferencia",transferencia de tecnologia y propiedad intelectual,,0,,0.00,
"digital,intelectual,propiedad,transformacion",transformacion digital y propiedad intelectual,,0,,0.00,
"derecho,intelectual,propiedad,transmisión",transmisión de derechos de propiedad intelectual,,0,,0.00,
"intelectual,propiedad,trascendencia",trascendencia de la propiedad intelectual,,0,,0.00,
"intelectual,propiedad,trasnsgresiones",trasnsgresiones a la propiedad intelectual,,0,,0.00,
"colombia,incumplimiento,intelectual,propiedad,tlc,trata,usa",tratado colombia usa incumplió el tlc en propiedad intelectual,,0,,0.00,
"budapest,intelectual,propiedad,trata",tratado de budapest propiedad intelectual,,0,,0.00,
"cooperacion,intelectual,propiedad,trata",tratado de cooperacion en propiedad intelectual,,0,,0.00,
"intelectual,mundial,organizacion,propiedad,trata",tratado de la organizacion mundial de la propiedad intelectual,,0,,0.00,
"autores,derecho,intelectual,propiedad,trata",tratado de la propiedad intelectual sobre los derechos de autor,,0,,0.00,
"capitulo,comercial,farmaceutica,intelectual,libro,propiedad,trata",tratado de libre comercio propiedad intelectual farmaceuticas capitulo,,0,,0.00,
"comercial,intelectual,libro,peru,propiedad,trata",tratado de libre comercio propiedad intelectual peru,,0,,0.00,
"intelectual,lisboa,propiedad,trata",tratado de lisboa propiedad intelectual,,0,,0.00,
"intelectual,paris,propiedad,proteccion,trata",tratado de paris proteccion la propiedad intelectual,,0,,0.00,
"colombia,intelectual,propiedad,trata",tratado de propiedad intelectual colombia,,0,,0.00,
"intelectual,internacional,propiedad,trata",tratado internacional propiedad intelectual,,0,,0.00,
"intelectual,latinoamerica,propiedad,trata",tratado propiedad intelectual latinoamerica,,0,,0.00,
"circuito,integral,intelectual,propiedad,respecto,trata",tratado sobre la propiedad intelectual respecto de los circuitos integrados,,0,,0.00,
"colombia,intelectual,material,propiedad,trata",tratados de colombia en materia de propiedad intelectual,,0,,0.00,
"intelectual,ompi,propiedad,trata",tratados de propiedad intelectual ompi,,0,,0.00,
"colombia,intelectual,propiedad,ratificados,trata",tratados de propiedad intelectual ratificados por colombia,,0,,0.00,
"colombia,intelectual,propiedad,ratificados,trata",tratados de propiedad intelectual ratificados por colombis,,0,,0.00,
"intelectual,propiedad,trata",tratados en propiedad intelectual,,0,,0.00,
"colombia,intelectual,propiedad,trata",tratados en propiedad intelectual de colombia,,0,,0.00,
"colombia,intelectual,internacionales,material,propiedad,trata",tratados internacionales en materia de propiedad intelectual en colombia,,0,,0.00,
"intelectual,internacionales,material,mexico,propiedad,trata",tratados internacionales en materia de propiedad intelectual mexico,,0,,0.00,
"intelectual,internacionales,propiedad,trata",tratados internacionales en propiedad intelectual,,0,,0.00,
"colombia,intelectual,internacionales,propiedad,suscrito,trata",tratados internacionales en propiedad intelectual suscritos por colombia,,0,,0.00,
"intelectual,internacionales,propiedad,trata",tratados internacionales propiedad intelectual,,0,,0.00,
"colombia,intelectual,internacionales,propiedad,trata",tratados internacionales propiedad intelectual colombia,,0,,0.00,
"intelectual,internacionales,propiedad,trata",tratados internacionales sobre la propiedad intelectual,,0,,0.00,
"colombia,intelectual,internacionales,propiedad,trata",tratados internacionales sobre propiedad intelectual colombia,,0,,0.00,
"derecho,intelectual,observaciones,propiedad,trata",tratados observancia de los derechos de propiedad intelectual,,0,,0.00,
"intelectual,propiedad,trata",tratados sobre propiedad intelectual,,0,,0.00,
"colombia,intelectual,propiedad,trata",tratados sobre propiedad intelectual en colombia,,0,,0.00,
"intelectual,material,propiedad,trata,vigente",tratados vigentes en materia de propiedad intelectual,,0,,0.00,
"alianza,intelectual,pacifico,propiedad,tratamiento",tratamiento de la propiedad intelectual en alianza del pacifico,,0,,0.00,
"alianza,intelectual,pacifico,propiedad,tratamiento",tratamiento de la propiedad intelectual en la alianza pacifico,,0,,0.00,
"forma,intelectual,propiedad,tres",tres formas de propiedad intelectual,,0,,0.00,
"intelectual,propiedad,triage",triage propiedad intelectual,,0,,0.00,
"andina,intelectual,justicia,propiedad,tribunal",tribunal andino de justicia propiedad intelectual,,0,,0.00,
"andina,intelectual,nombre,propiedad,sentencia,tribunal",tribunal andino propiedad intelectual sentencia nombre,,0,,0.00,
"china,intelectual,propiedad,tribunal",tribunal de propiedad intelectual de china,,0,,0.00,
"hacer,indecopi,intelectual,propiedad,tribunal",tribunal de propiedad intelectual indecopi que hace,,0,,0.00,
"intelectual,internacional,propiedad,tribunal",tribunal internacional de propiedad intelectual,,0,,0.00,
"derecho,intelectual,internacional,propiedad,tributo",tributación internacional de los derechos de propiedad intelectual,,0,,0.00,
"intelectual,propiedad,proteccion,tramite",trámite de protección de la propiedad intelectual,,0,,0.00,
"colombia,intelectual,propiedad,tramite",trámite para la propiedad intelectual en colombia,,0,,0.00,
"intelectual,propiedad,turismo",turismo y propiedad intelectual,,0,,0.00,
"intelectual,propiedad,twitter",twitter propiedad intelectual,,0,,0.00,
"colombia,derecho,intelectual,propiedad,terminal,transferencia",término de transferencia de los derechos de propiedad intelectual colombia,,0,,0.00,
"condiciones,intelectual,propiedad,terminal",términos y condiciones propiedad intelectual,,0,,0.00,
"estatuto,intelectual,propiedad,uam",uam estatuto de propiedad intelectual,,0,,0.00,
"intelectual,propiedad,uam",uam propiedad intelectual,,0,,0.00,
"contrato,intelectual,propiedad,trabajo,ubicación",ubicación de la propiedad intelectual del contrato de trabajo,,0,,0.00,
"estatuto,intelectual,propiedad,udea",udea estatuto de propiedad intelectual,,0,,0.00,
"intelectual,propiedad,ue",ue es la propiedad intelectual,,0,,0.00,
"intelectual,profesionales,propiedad,uis",uis profesionales en propiedad intelectual,,0,,0.00,
"colombia,intelectual,propiedad,uk",uk colombia propiedad intelectual,,0,,0.00,
"api,intelectual,propiedad,ula",ula de propiedad intelectual api,,0,,0.00,
"acuerdo,colombia,firma,intelectual,propiedad,ultima",ultimo acuerdo firmado por colombia en la propiedad intelectual,,0,,0.00,
"intelectual,propiedad,umng",umng propiedad intelectual,,0,,0.00,
"casa,intelectual,propiedad,violacion",un caso de violacion a la propiedad intelectual,,0,,0.00,
"alteraciones,buscar,cd,intelectual,normas,propiedad",un cd que busca alterar las normas de propiedad intelectual,,0,,0.00,
"ejemplos,intelectual,propiedad",un ejemplo de la propiedad intelectual,,0,,0.00,
"ejemplos,intelectual,propiedad,proteccion",un ejemplo de protección de propiedad intelectual,,0,,0.00,
"ejemplos,indique,intelectual,propiedad,proteccion",un ejemplo protección de propiedad intelectual indique,,0,,0.00,
"informe,intelectual,propiedad",un informe sobre propiedad intelectual,,0,,0.00,
"coceptual,intelectual,mapa,propiedad",un mapa coceptual sobre lo que es la propiedada intelectual,,0,,0.00,
"conceptual,intelectual,mapa,propiedad",un mapa conceptual sobre lo que es la propiedad intelectual,,0,,0.00,
"contrato,intelectual,propiedad,reglamento",un reglamento de propiedad intelectual es un contrato,,0,,0.00,
"autorizado,intelectual,propiedad,uso",un uso no autorizado de mi propiedad intelectual,,0,,0.00,
"aplicacion,intelectual,propiedad,tipos",una aplicacion que tipo de propiedad intelectual tiene,,0,,0.00,
"empresa,intelectual,propiedad,software",una empresa de software y la propiedad intelectual,,0,,0.00,
"intelectual,objetivos,pagina,propiedad,web",una pagina web es objeto de propiedad intelectual,,0,,0.00,
"intelectual,propiedad,receta,tipos",una receta que tipo de propiedad intelectual es,,0,,0.00,
"derecho,humano,intelectual,propiedad,reflexion",una reflexion de los derechos humanos y la propiedad intelectual,,0,,0.00,
"intelectual,propiedad,unesco",unesco propiedad intelectual,,0,,0.00,
"intelectual,propiedad,unesco",unesco y propiedad intelectual,,0,,0.00,
"intelectual,org,propiedad,unesco,unesdoc",unesdoc.unesco.org propiedad intelectual,,0,,0.00,
"diplomado,intelectual,propiedad,uniandes",uniandes propiedad intelectual diplomado,,0,,0.00,
"delito,intelectual,propiedad,unidos",unidad de delitos contra la propiedad intelectual,,0,,0.00,
"delito,intelectual,nacional,propiedad,unidos",unidad nacional de delitos contra la propiedad intelectual,,0,,0.00,
"bogota,intelectual,nacional,propiedad,unidos",unidad nacional propiedad intelectual bogota,,0,,0.00,
"1,actividades,identificar,intelectual,paso,propiedad,unidos",unidad paso 1 identificar la propiedad intelectual como un activo,,0,,0.00,
"intelectual,lativo,legista,propiedad,unificacion",unificacion legist lativa en propiedad intelectual,,0,,0.00,
"concurso,intelectual,propiedad,unisabana",unisabana concurso propiedad intelectual,,0,,0.00,
"costo,estatuto,intelectual,propiedad,rico,univerdidad",univerdad de costa rica estatutos de propiedad intelectual,,0,,0.00,
"autonoma,intelectual,madre,propiedad,universidad",universidad autonoma de madrid propiedad intelectual,,0,,0.00,
"antioquia,especializaciones,intelectual,propiedad,universidad",universidad de antioquia especialización propiedad intelectual,,0,,0.00,
"antioquia,intelectual,maestria,propiedad,universidad",universidad de antioquia maestria propiedad intelectual,,0,,0.00,
"antioquia,intelectual,propiedad,universidad",universidad de antioquia propiedad intelectual,,0,,0.00,
"antioquia,diplomado,intelectual,propiedad,universidad",universidad de antioquia propiedad intelectual diplomado,,0,,0.00,
"aire,bueno,intelectual,propiedad,universidad",universidad de buenos aires propiedad intelectual,,0,,0.00,
"chile,intelectual,propiedad,universidad",universidad de chile propiedad intelectual,,0,,0.00,
"costo,estatuto,intelectual,propiedad,rico,universidad",universidad de costa rica estatuto de propiedad intelectual,,0,,0.00,
"intelectual,medellin,propiedad,universidad",universidad de medellin propiedad intelectual,,0,,0.00,
"diplomado,intelectual,medellin,propiedad,universidad",universidad de medellin propiedad intelectual diplomado,,0,,0.00,
"andres,intelectual,maestria,propiedad,san,universidad",universidad de san andres maestria en propiedad intelectual,,0,,0.00,
"estatuto,intelectual,norte,propiedad,universidad",universidad del norte estatuto de propiedad intelectual,,0,,0.00,
"intelectual,politica,propiedad,rosario,universidad",universidad del rosario politica de propiedad intelectual,,0,,0.00,
"intelectual,propiedad,rosario,universidad",universidad del rosario propiedad intelectual,,0,,0.00,
"colombia,externa,intelectual,propiedad,universidad",universidad externado de colombia propiedad intelectual,,0,,0.00,
"externa,intelectual,maestria,propiedad,universidad",universidad externado maestria propiedad intelectual,,0,,0.00,
"externa,intelectual,propiedad,universidad",universidad externado propiedad intelectual,,0,,0.00,
"concurso,ganador,intelectual,propiedad,universidad",universidad ganadora concurso propiedad intelectual,,0,,0.00,
"autonoma,estatuto,intelectual,mexico,nacional,propiedad,universidad",universidad nacional autónoma de méxico estatuto de propiedad intelectual,,0,,0.00,
"autores,colombia,derecho,intelectual,nacional,propiedad,universidad",universidad nacional de colombia propiedad intelectual y derechos del autor,,0,,0.00,
"estatuto,intelectual,nacional,plata,propiedad,universidad",universidad nacional de la plata estatuto de propiedad intelectual,,0,,0.00,
"intelectual,nacional,politica,propiedad,universidad",universidad nacional politica de propiedad intelectual,,0,,0.00,
"cifras,intelectual,nacional,propiedad,revelaciones,universidad",universidad nacional reveló cifras sobre propiedad intelectual,,0,,0.00,
"especiales,intelectual,panamericana,propiedad,universidad",universidad panamericana especialidad en propiedad intelectual,,0,,0.00,
"bolivariano,estatuto,intelectual,pontificia,propiedad,universidad",universidad pontificia bolivariana estatuto propiedad intelectual,,0,,0.00,
"intelectual,propiedad,universidad",universidad propiedad intelectual,,0,,0.00,
"intelectual,propiedad,top,universidad",universidad propiedad intelectual-top universidad,,0,,0.00,
"intelectual,propiedad,top,universidad",universidad propiedad intelectual-top universidades,,0,,0.00,
"andres,intelectual,propiedad,san,universidad",universidad san andres propiedad intelectual,,0,,0.00,
"intelectual,martin,master,porro,propiedad,san,universidad",universidad san martin de porres master en propiedad intelectual,,0,,0.00,
"arboleda,especializacion,intelectual,propiedad,sergio,universidad",universidad sergio arboleda especializacion propiedad intelectual,,0,,0.00,
"diplomado,intelectual,propiedad,universidad,upb",universidad upb propiedad intelectual diplomado,,0,,0.00,
"colombiano,implementos,intelectual,propiedad,universidad",universidades colombianas que han implementado la propiedad intelectual,,0,,0.00,
"estatuto,intelectual,propiedad,universidad",universidades con estatutos de propiedad intelectual,,0,,0.00,
"intelectual,propiedad,universidad",universidades propiedad intelectual,,0,,0.00,
"aire,bueno,intelectual,propiedad,universidad",university of buenos aires propiedad intelectual,,0,,0.00,
"intelectual,mec,propiedad,usmca",usmca t-mec propiedad intelectual,,0,,0.00,
"intelectual,propiedad,tlcan,usmca",usmca tlcan propiedad intelectual,,0,,0.00,
"imagenes,intelectual,propiedad,uso",uso de imagenes propiedad intelectual,,0,,0.00,
"intelectual,licencia,propiedad,uso",uso de licencia de propiedad intelectual,,0,,0.00,
"intelectual,licencia,propiedad,uso",uso de licencias de propiedad intelectual,,0,,0.00,
"intelectual,natural,nombre,personas,propiedad,uso",uso de nombre de persona natural en propiedad intelectual,,0,,0.00,
"indigenas,intelectual,palabras,propiedad,uso",uso de palabras indigenas propiedad intelectual,,0,,0.00,
"intelectual,overwatch,propiedad,uso",uso de propiedad intelectual overwatch,,0,,0.00,
"intelectual,natural,nombre,personas,propiedad,uso",uso de un nombre de persona natural propiedad intelectual,,0,,0.00,
"industrial,intelectual,natural,nombre,personas,propiedad,uso",uso de un nombre de persona natural propiedad intelectual industrial,,0,,0.00,
"bogota,intelectual,konrad,lorenzo,propiedad,sistema,uso",uso del sistema de propiedad intelectual en bogotá konrad lorenz,,0,,0.00,
"intelectual,propiedad,uso",usos de la propiedad intelectual,,0,,0.00,
"intelectual,licencia,propiedad,uso",usos de licencias de propiedad intelectual,,0,,0.00,
"derecho,intelectual,pene,propiedad,usurpacion",usurpacion de derechos de propiedad intelectual pena,,0,,0.00,
"colombiano,compañia,intelectual,patente,propiedad,ut",ut patentes compañia colombiana de propiedad intelectual,,0,,0.00,
"intelectual,manual,propiedad,utadeo",utadeo manual propiedad intelectual,,0,,0.00,
"for,intelectual,propiedad,uniandes,v",v foro de propiedad intelectual uniandes,,0,,0.00,
"intangibles,intelectual,proceso,propiedad,valor",valor de los intangibles en procesos de la propiedad intelectual,,0,,0.00,
"intangibles,intelectual,propiedad,valor",valor intangible de la propiedad intelectual,,0,,0.00,
"intelectual,propiedad,registro,valor",valor registro propiedad intelectual,,0,,0.00,
"intelectual,propiedad,tangibles,valor",valor tangible de la propiedad intelectual,,0,,0.00,
"intelectual,propiedad,valoracion",valoracion de la propiedad intelectual,,0,,0.00,
"intelectual,propiedad,prueba,valoracion",valoracion de la prueba en propiedad intelectual,,0,,0.00,
"intelectual,propiedad,valoracion",valoracion de propiedad intelectual,,0,,0.00,
"derecho,intelectual,propiedad,valoracion",valoracion derechos de propiedad intelectual,,0,,0.00,
"intelectual,propiedad,valoracion",valoracion propiedad intelectual,,0,,0.00,
"actividades,intelectual,propiedad,valor",valoración de activos de propiedad intelectual,,0,,0.00,
"intelectual,propiedad,valor",valoración propiedad intelectual,,0,,0.00,
"actividades,intelectual,propiedad,valuacion",valuacion de activos y propiedad intelectual,,0,,0.00,
"actividades,intangibles,intelectual,propiedad,valuacion",valuación de activos intangibles de propiedad intelectual,,0,,0.00,
"intelectual,propiedad,uis,vanessa",vanessa propiedad intelectual uis,,0,,0.00,
"intelectual,plantas,propiedad,variedades",variedades de planta propiedad intelectual,,0,,0.00,
"ejemplos,intelectual,plantas,propiedad,variedades",variedades de planta propiedad intelectual ejemplo,,0,,0.00,
"intelectual,plantas,propiedad,variedades",variedades de plantas propiedad intelectual,,0,,0.00,
"genetica,intelectual,modificaciones,propiedad,variedades,vegetales",variedades vegetales modificaciones geneticas propiedad intelectual,,0,,0.00,
"intelectual,propiedad,variedadews,vegetales",variedadews vegetales propiedad intelectual,,0,,0.00,
"intelectual,png,propiedad,vector",vectores png propiedad intelectual,,0,,0.00,
"actividades,derecho,intelectual,propiedad,venta",venta de derechos de activos de propiedad intelectual,,0,,0.00,
"intelectual,propiedad,ventajas",ventajas de propiedad intelectual,,0,,0.00,
"intelectual,propiedad,proteger,ventajas",ventajas de proteger la propiedad intelectual,,0,,0.00,
"beneficios,intelectual,propiedad,ventajas",ventajas y beneficios de la propiedad intelectua,,0,,0.00,
"derecho,desventajas,intelectual,propiedad,ventajas",ventajas y desventajas de los derechos de propiedad intelectual,,0,,0.00,
"desventajas,intelectual,propiedad,ventajas",ventajas y desventajas propiedad intelectual,,0,,0.00,
"documentos,intelectual,propiedad,verificar",verificar documentos de propiedad intelectual,,0,,0.00,
"camara,comercial,intelectual,medellin,propiedad,vicepresidente",vicepresidente propiedad intelectual camara comercio medellín,,0,,0.00,
"ejemplos,intelectual,propiedad,videos",video ejemplo sobre propiedad intelectual,,0,,0.00,
"civil,construccion,intelectual,libro,obra,programacion,propiedad,videos",video programacion construccion obras civiles obra libre propiedad intelectual,,0,,0.00,
"intelectual,libro,obra,programacion,propiedad,videos",video programacion obra libre propiedad intelectual,,0,,0.00,
"intelectual,propiedad,videos",video sobre propiedad intelectual,,0,,0.00,
"intelectual,propiedad,videojuegos",videojuegos propiedad intelectual,,0,,0.00,
"intelectual,propiedad,videojuegos",videojuegos y propiedad intelectual,,0,,0.00,
"intelectual,musica,propiedad,videos",videos con musica sin propiedad intelectual,,0,,0.00,
"intelectual,moto,musica,propiedad,videos",videos de motos con musica sin propiedad intelectual,,0,,0.00,
"intelectual,propiedad,videos",videos de propiedad intelectual,,0,,0.00,
"intelectual,propiedad,videos",videos sin propiedad intelectual,,0,,0.00,
"intelectual,propiedad,videos",videos sobre propiedad intelectual,,0,,0.00,
"intelectual,propiedad,viegencia",viegencia de la propiedad intelectual,,0,,0.00,
"intelectual,propiedad,vigencia",vigencia de la propiedad intelectual,,0,,0.00,
"colombia,intelectual,propiedad,vigencia",vigencia de la propiedad intelectual en colombia,,0,,0.00,
"civil,codigo,colombiano,intelectual,propiedad,segun,vigencia",vigencia de la propiedad intelectual segun el codigo civil colombiano,,0,,0.00,
"intelectual,propiedad,tecnologicos,vigilancia",vigilancia tecnológica y propiedad intelectual,,0,,0.00,
"autores,derecho,intelectual,propiedad,viola",viola los derechos de autor y de propiedad intelectual,,0,,0.00,
"autores,derecho,intelectual,propiedad,sena,viola",viola los derechos de autor y de propiedad intelectual sena,,0,,0.00,
"intelectual,propiedad,regimen,violacion",violacion al regimen de propiedad intelectual,,0,,0.00,
"ala,intelectual,propiedad,violacion",violacion ala propiedad intelectual,,0,,0.00,
"derecho,intelectual,propiedad,violacion",violacion de derechos de propiedad intelectual,,0,,0.00,
"intelectual,propiedad,violacion",violaciones de propiedad intelectual,,0,,0.00,
"intelectual,piratas,plagio,propiedad,software,violacion",violación a la propiedad intelectual piratería de software plagio,,0,,0.00,
"intelectual,propiedad,violacion",violación propiedad intelectual,,0,,0.00,
"intelectual,propiedad,viola",violar la propiedad intelectual,,0,,0.00,
"intelectual,propiedad,viola",violar la propiedad intelectual es,,0,,0.00,
"intelectual,propiedad,violencia",violencia a la propiedad intelectual,,0,,0.00,
"intelectual,pirateria,propiedad,violencia",violencia a la propiedad intelectual pirateria,,0,,0.00,
"intelectual,madre,propiedad,virtudes",virtud de madrid propiedad intelectual,,0,,0.00,
"derecho,india,intelectual,propiedad,vulnerabilidad",vulnerabilidad a los derechos de propiedad intelectual en india,,0,,0.00,
"intelectual,propiedad,wallerstein",wallerstein propiedad intelectual,,0,,0.00,
"intelectual,propiedad,wattpad",wattpad propiedad intelectual,,0,,0.00,
"intelectual,propiedad,wejemplos",wejemplos de propieda intelectual,,0,,0.00,
"2009,boana,ejercicios,intelectual,j,principios,propiedad,winegar",winegar-boans j 2009 propiedad intelectual principios y ejercicios,,0,,0.00,
"2009,ejercicios,goan,intelectual,j,principios,propiedad,winegar",winegar-goans j 2009 propiedad intelectual principios y ejercicios,,0,,0.00,
"intelectual,propiedad,wipe",wipo que es la propiedad intelectual,,0,,0.00,
"intelectual,propiedad,wto",wto propiedad intelectual,,0,,0.00,
"co,gov,intelectual,propiedad,sic,www",www sic gov co propiedad intelectual,,0,,0.00,
"intelectual,mundial,organizaciones,propiedad,www",www.organización mundial de la propiedad intelectual,,0,,0.00,
"intelectual,propiedad,www",www.propiedad intelectual,,0,,0.00,
"gov,intelectual,propiedad,rigistro,sic,www",www.sic gov rigistrar propiedad intelectual,,0,,0.00,
"cinu,intelectual,org,propiedad,wwww",wwww.cinu.org propiedad intelectual,,0,,0.00,
"anual,congreso,intelectual,propiedad,xiv",xiv congreso anual de propiedad intelectual,,0,,0.00,
"deberia,intelectual,mantenimiento,propiedad",y propiedad intelectual deberia mantener,,0,,0.00,
"andina,comunidad,intelectual,propiedad,youtobe",youtobe comunidad andina propiedad intelectual,,0,,0.00,
"andina,comunidad,intelectual,propiedad,youtube",youtube comunidad andina propiedad intelectual,,0,,0.00,
"intelectual,propiedad,videos,youtube",youtube videos de propiedad intelectual,,0,,0.00,
"2003,conocimiento,intelectual,propiedad,vernacula,zerda",zerda a 2003 propiedad intelectual sobre el conocimiento vernáculo,,0,,0.00,
"2003,bogota,conocimiento,intelectual,propiedad,vernacula,zerda",zerda a 2003 propiedad intelectual sobre el conocimiento vernáculo bogotá,,0,,0.00,
"colombia,intelectual,propiedad,zumba",zumba propiedad intelectual colombia,,0,,0.00,
"aplicaciones,etica,intelectual,legislativo,propiedad",ética y legislación aplicada a la propiedad intelectual,,0,,0.00,
"indicadores,intelectual,propiedad,respeto",índice de respeto a la propiedad intelectual que es,,0,,0.00,
"index,indicadores,intelectual,intellectual,mexico,property,propiedad",índice intellectual property index propiedad intelectual de mexico,,0,,0.00,
"index,indicadores,intelectual,intellectual,mexico,property,propiedad",índice intellectual property index propiedad intelectual en mexico,,0,,0.00,
"2017,index,indicadores,intelectual,intellectual,mexico,property,propiedad",índice intellectual property index propiedad intelectual en mexico 2017,,0,,0.00,
