Groups,Keyword,Intent,Volume,Keyword Difficulty,CPC (USD),SERP Features
saas,saas,Informational,2900,43,0.77,"AI Overview, Video, People also ask, Related searches"
saas,saa,Informational,1300,31,0.43,"Image, Image pack, Video, People also ask, Related searches"
saas,saas que es,Informational,590,55,0.23,"Sitelinks, AI Overview, Video, Video carousel, People also ask, Related searches"
"meaning,saas",saas meaning,Informational,210,67,0.00,"Sitelinks, Image pack, Video, Short videos, People also ask, Knowledge panel, Related searches"
saas,saaa,Navigational,140,42,0.00,"Sitelinks, Image, Video, People also ask, Related searches"
saas,saá,Informational,140,42,0.00,"Sitelinks, Image, Video, People also ask, Knowledge panel, Related searches"
"plataforma,saas",plataforma saas,Informational,110,34,0.70,"Sitelinks, AI Overview, Video, Video carousel, People also ask, Related searches"
saas,saas what is it,Informational,110,64,0.00,"Featured snippet, Sitelinks, Video, Short videos, Related searches"
saas,what is saas,Informational,110,70,0.00,"AI Overview, Instant answer, Video, Video carousel, People also ask, Related searches"
"modelo,saas",modelo saas,Informational,90,32,0.00,"Sitelinks, AI Overview, Video, People also ask, Knowledge panel, Related searches"
"saas,servicio,software",software como servicio saas,Informational,70,39,1.63,"Sitelinks, AI Overview, Video, Video carousel, People also ask, Knowledge panel, Related searches"
"b2b,saas",b2b saas,Informational,40,14,1.30,"AI Overview, Video, Video carousel, People also ask, Related searches"
"empresa,saas",empresas saa,Informational,40,25,0.00,"Featured snippet, Image pack, Video, People also ask, Related searches"
"013,50821,saas",50821 saa 013,Informational,30,18,0.00,"Image, Image pack"
"015,51920,saas",51920 saa 015,Informational,30,,0.00,"Image, Image pack"
"cemento,pacasmayo,saas",cementos pacasmayo saa,Navigational,30,,0.00,"Sitelinks, Video, Video carousel, People also ask, Related searches"
"diferencia,paa,saas",diferencia entre saas y paas,Informational,30,25,0.00,"Sitelinks, AI Overview, Image pack, Video, People also ask, Related searches"
"ejemplos,saas",ejemplos de saas,Informational,30,15,0.00,"AI Overview, Image, Image pack, Video, People also ask, Related searches"
"gilberto,navy,saas",gilberto saa navia,Informational,30,16,0.00,"Image, Image pack, People also ask"
"healthcare,saas",healthcare saas,Navigational,30,30,0.00,"AI Overview, Video, Video carousel, People also ask"
"eduardo,jorge,madriñan,saas",jorge eduardo saa madriñan,,30,,0.00,
"modelo,saas,service,software",modelo saas software as a service,,30,,0.00,
"saas,software",que es software saas,,30,,0.00,
saas,que saas,,30,,0.00,
"empresa,saas",que son empresas saas,,30,,0.00,
"argentina,dia,ocho,presidente,saas",saa presidente argentino durante ocho dias,,30,,0.00,
saas,saao,,30,,0.00,
"business,modelo,saas",saas business model,,30,,0.00,
"caracteristicas,saas",saas características,,30,,0.00,
"colombia,saas",saas colombia,,30,,1.01,
"ejemplos,saas",saas ejemplos,,30,,0.00,
"environment,saas",saas environment,,30,,0.00,
"license,saas",saas license,,30,,0.00,
"marketing,saas",saas marketing,,30,,0.00,
"platform,saas",saas platform,Informational,30,,1.20,"Sitelinks, AI Overview, Video, Video carousel, Short videos, People also ask, Related searches"
"productos,saas",saas product,,30,,0.67,
"productos,saas",saas productos,,30,,0.00,
"saas,significa",saas que significa,,30,,0.00,
"saas,software",saas software,Informational,30,36,0.65,"Sitelinks, AI Overview, Video, Video carousel, Knowledge panel, Related searches"
"saas,sale,software",saas software sales,,30,,0.00,
"kit,saas,start",saas starter kit,,30,,0.00,
"saas,startup",saas startups,,30,,0.00,
"saas,salesforce",salesforce saas,,30,,0.00,
"saas,service,software",software as a service saas,Informational,30,43,0.62,"AI Overview, Video, Knowledge panel, Related searches"
"cfo,saas",the saas cfo,,30,,0.00,
"saas,tipos",tipos de saas,,30,,0.00,
"meaning,saas",what does saas mean,,30,,0.00,
"application,saas",what is saas application,,30,,0.00,
"saas,sale",what is saas sales,,30,,0.00,
"saas,www",www saa,,30,,0.00,
"saas,yoli",yoly saa,,30,,0.00,
"adolfo,rodriguez,saas",adolfo rodriguez saa,,20,,0.00,
"agro,industrial,paramonga,saas",agro industrial paramonga saa,,20,,0.00,
"alicorp,saas",alicorp saa,,20,,0.00,
"aplicaciones,saas",aplicaciones saas,,20,,0.00,
"aplicaciones,saas,tipos",aplicaciones tipo saas,,20,,0.00,
"azure,saas",azure saas,,20,,0.00,
"b2b,marketing,saas",b2b saas marketing,,20,,0.00,
"b2b,saas",b2b saas que es,,20,,0.00,
"b2c,saas",b2c saas,,20,,0.00,
"buscar,productos,saas",buscar productos saas,,20,,0.00,
"calle,center,saas",call center saas,,20,,0.00,
"carlos,saas",carlos saa,,20,,0.00,
"cartavio,saas",cartavio saa,,20,,0.00,
"casa,grande,saas",casa grande saa,,20,,0.00,
"chatbot,saas",chatbot saas,,20,,0.00,
"cloud,saas",cloud and saas,,20,,0.00,
"cloud,saas,service,software",cloud software as a service saas,,20,,0.00,
"colt,saas",colt saa,,20,,0.00,
"crear,saas",como crear un saas,,20,,0.00,
"contrato,saas",contrato saas,,20,,0.00,
"creditex,saas",creditex saa,,20,,0.00,
"daa,saas",daas saas,,20,,0.00,
"daniel,saas",daniel saa,,20,,0.00,
"define,saas",define saas,,20,,0.00,
"diferencia,paa,saas",diferencia entre paas y saas,,20,,0.04,
"dr,saas",dr saa,,20,,0.00,
"edi,saas",edi saas,,20,,0.00,
"saas,servicio,software",el software como servicio saas,,20,,0.00,
"empresa,saas",empresa saas,,20,,0.00,
"ernesto,saas,velasco",ernesto saa velasco,,20,,0.00,
"erp,saas",erp saas,,20,,1.45,
"familia,saas",familia saa,,20,,0.00,
"grow,saas",grow saas,,20,,0.00,
"harold,saas",harold saa,,20,,0.00,
"hrm,saas",hrm saas,,20,,0.00,
"infraestructura,saas",infraestructura saas,,20,,0.00,
"jenkins,saas",jenkins saas,,20,,0.00,
"juliana,saas",juliana saa,,20,,0.00,
"junior,saas",junior saa,,20,,0.00,
"bahu,bhi,kabhi,kyunki,saas,thy",kyunki saas bhi kabhi bahu thi,,20,,0.00,
"laravel,saas",laravel saas,,20,,0.00,
"leidy,saas",leidy saa,,20,,0.00,
"licencia,saas",licencia saas,,20,,0.00,
"lms,saas",lms saas,,20,,0.00,
"management,saas",managed saas,,20,,0.00,
"marianella,saas,sierra",marianella sierra saa,,20,,0.00,
"martech,saas",martech saas,,20,,0.00,
"mercado,saas",mercado saas,,20,,0.00,
"metrica,saas",metricas saas,,20,,0.00,
"ideas,micro,saas",micro saas ideas,,20,,0.26,
"modal,saas",modalidad saas,,20,,0.00,
"definicion,modal,saas",modalidad saas definicion,,20,,0.00,
"modelo,saas",model saas,,20,,0.00,
"contrato,modelo,saas",modelo contrato saas,,20,,0.00,
"modelo,negocio,saas",modelo de negocio saas,,20,,0.00,
"moodle,saas",moodle saas,,20,,0.00,
"multi,saas,tenant",multi tenant saas,,20,,0.00,
"negocio,saas",negocios saas,,20,,0.00,
"odoo,saas",odoo saas,,20,,0.00,
"open,saas,source",open source saas,,20,,0.00,
"oracle,saas",oracle saas,,20,,0.00,
"paa,saas,vs",paas vs saas,,20,,0.04,
"exalmar,pesquera,saas",pesquera exalmar saa,,20,,0.00,
"plataforma,saas",plataforma saas que es,,20,,0.00,
"programa,saas",programa saas,,20,,0.00,
"proteinas,saas",proteina saa,,20,,0.00,
"proveedores,saas",proveedores de saas,,20,,0.00,
"proyecto,saas",proyectos saas,,20,,0.00,
"qlik,saas,sense",qlik sense saas,,20,,0.00,
saas,que es la saas,,20,,0.00,
"paa,saas",que es paas y saas,,20,,0.00,
saas,que es saa,,20,,0.00,
"saas,service,software",que es saas software as a service,,20,,0.00,
"saas,servicio",que es servicio saas,,20,,0.00,
"saas,service,software",que es software as a service saas,,20,,0.00,
"saas,servicio,software",que es software como servicio saas,,20,,0.00,
"aplicacion,saas",que es una aplicacion saas,,20,,0.00,
"empresa,saas",que es una empresa saas,,20,,0.00,
"plataforma,saas",que es una plataforma saas,,20,,0.00,
saas,que es una saa,,20,,0.00,
saas,que es una saas,,20,,0.11,
"company,saas",que es una saas company,,20,,0.00,
"saas,significa",que significa saa,,20,,0.00,
"informatica,saas,significa",que significa saas en informatica,,20,,0.00,
"empresa,saas",que son las empresas saas,,20,,0.00,
saas,que son las saas,,20,,0.00,
"rio,saas",rio saa,,20,,0.00,
"rodriguez,saas",rodriguez saa,,20,,0.00,
"c02,saas",saa c02,,20,,0.00,
"check,saas",saa check in,,20,,0.00,
"empresa,saas",saa empresa,,20,,0.00,
"equinos,saas",saa equinos,,20,,0.00,
"fashion,saas",saa fashion,,20,,0.00,
"check,flight,saas",saa flight check in,,20,,0.00,
"flight,saas",saa flights,,20,,0.00,
"fly,saas",saa fly,,20,,0.00,
"libro,saas",saa libre,,20,,0.00,
"medicina,saas",saa medicina,,20,,0.00,
"meet,saas",saa meetings,,20,,0.00,
saas,saa que es,,20,,0.00,
"saas,significado",saa significado,,20,,0.00,
saas,saaad,,20,,0.00,
saas,saaas,,20,,0.00,
saas,saae,,20,,0.00,
saas,saaid,,20,,0.00,
"app,saas",saas app,,20,,0.15,
"application,saas",saas application,,20,,0.15,
"architecture,saas",saas architecture,,20,,0.00,
"argentina,saas",saas argentina,,20,,0.00,
"b2b,company,saas",saas b2b companies,,20,,0.00,
"bill,engine,saas",saas billing engine,,20,,0.00,
"business,saas",saas business,,20,,0.00,
"capital,saas",saas capital,,20,,0.00,
"churn,saas",saas churn,,20,,0.00,
"cloud,saas",saas cloud,,20,,0.00,
"cms,saas",saas cms,,20,,0.00,
"company,saas",saas company,,20,,1.12,
"company,meaning,saas",saas company meaning,,20,,0.00,
"custom,saas",saas customer,,20,,0.00,
"custom,saas,support",saas customer support,,20,,0.00,
"daa,saas",saas daas,,20,,0.00,
"dashboard,saas",saas dashboard,,20,,0.00,
"definition,saas",saas definition,,20,,0.00,
"development,saas",saas development,,20,,0.00,
"ecommerce,saas",saas ecommerce,,20,,0.00,
"ecommerce,platform,saas",saas ecommerce platform,,20,,0.00,
"español,saas",saas español,,20,,0.00,
"company,example,saas",saas example companies,,20,,0.00,
"example,saas",saas examples,,20,,0.00,
"cloud,computador,example,saas",saas examples in cloud computing,,20,,0.00,
"explained,saas",saas explained,,20,,0.00,
"fee,saas",saas fee,,20,,0.78,
"framework,saas",saas framework,,20,,0.00,
"growth,saas",saas growth,,20,,0.00,
"ideas,saas",saas ideas,,20,,0.00,
"implementos,saas",saas implementation,,20,,0.00,
"industrial,saas",saas industry,,20,,0.00,
"integral,saas,software",saas integration software,,20,,0.00,
"ko,saas,sahara,shrine",saas ko sah shrine,,20,,0.00,
"lab,saas",saas labs,,20,,0.00,
"land,pago,saas",saas landing page,,20,,0.43,
"login,saas",saas login,,20,,0.00,
"marketing,saas",saas market,,20,,0.00,
"marketplace,saas",saas marketplace,,20,,0.00,
"microservices,saas",saas microservices,,20,,0.00,
"microsoft,saas",saas microsoft,,20,,0.00,
"modelo,saas",saas model,,20,,0.00,
"modelo,negocio,saas",saas modelo de negocio,,20,,0.00,
"onboarding,saas",saas onboarding,,20,,14.80,
"paa,saas",saas paas,,20,,0.00,
"payment,saas",saas payments,,20,,0.00,
"provider,saas",saas providers,,20,,0.00,
"saas,sale",saas sales,,20,,0.00,
"process,saas,sale",saas sales process,,20,,0.00,
"saas,security",saas security,,20,,0.00,
"saas,seo",saas seo,,20,,0.00,
"saas,significado",saas significado,,20,,0.00,
"meaning,saas,software",saas software meaning,,20,,0.00,
"saas,stand",saas stands for,,20,,0.00,
"saas,support",saas support,,20,,0.00,
"saas,technology",saas technology,,20,,0.00,
"saas,tool",saas tools,,20,,0.00,
"multiple,saas,valuation",saas valuation multiples,,20,,0.00,
"saas,vc",saas vc,,20,,0.00,
"desventajas,saas,ventajas",saas ventajas y desventajas,,20,,0.00,
"capital,saas,ventura",saas venture capital,,20,,0.00,
"saas,videos",saas video,,20,,0.00,
"premisas,saas,vs",saas vs on premise,,20,,0.00,
"saas,web",saas web,,20,,0.00,
"saas,wikipedia",saas wikipedia,,20,,0.00,
"paa,saas",saas y paas,,20,,0.00,
"funnel,saas,sale",sales funnel for saas,,20,,0.00,
"saas,sap",sap saas,,20,,0.00,
"saas,seguridad",seguridad saas,,20,,0.00,
"saas,service",service saas,,20,,0.00,
"saas,servicio",servicio saas,,20,,0.17,
"saas,servicio",servicio saas que es,,20,,0.00,
"saas,siglo",siglas saas,,20,,0.00,
"saas,sistema",sistema saa,,20,,0.00,
"saas,sistema",sistema saas,,20,,0.72,
"saas,snowflake",snowflake saas,,20,,0.00,
"saas,software",software saas,,20,,0.72,
"saas,solucion",soluciones saas,,20,,0.93,
"ra,saas",t ra saa,,20,,0.00,
"saas,tecnologia",tecnologia saas,,20,,0.00,
"colt,saas,umarex",umarex colt saa,,20,,0.00,
"saas,victor",victor saas,,20,,0.00,
"cia,mineral,saas,volcan",volcan cia minera saa,,20,,0.00,
"saas,wafer",waf saas,,20,,0.00,
"saas,stand",what does saas stand for,,20,,0.00,
saas,what is saa,,20,,0.00,
"company,saas",what is saas company,,20,,0.00,
"saas,william",william saa,,20,,0.00,
"saas,wordpress",wordpress saas,,20,,0.00,
"0800,saas",0800 saas,,10,,0.00,
"refiere,saas,siglo",a qué se refieren las siglas saas,,10,,0.00,
"aa,paa,saas",aas paas saas,,10,,0.00,
"acv,saas",acv saas,,10,,0.00,
"adriana,saas",adriana saa,,10,,0.00,
"advantage,saas",advantages of saas,,10,,0.00,
"alberto,saas",alberto saa,,10,,0.00,
"amazon,saas",amazon saas,,10,,0.00,
"arquitectura,saas",arquitectura saas,,10,,0.00,
"arr,saas",arr saas,,10,,0.00,
"asp,saas",asp saas,,10,,0.00,
"atif,saas",atif saaed,,10,,0.00,
"austral,group,saas",austral group saa,,10,,0.00,
"automation,saas",automation saas,,10,,0.00,
"average,churn,saas",average saas churn,,10,,0.00,
"azure,function,paa,saas",azure functions paas or saas,,10,,0.00,
"azure,lista,saas,service",azure saas services list,,10,,0.00,
"b2b,company,saas",b2b saas companies,,10,,0.00,
"b2b,go,marketing,saas,strategy",b2b saas go to market strategy,,10,,0.00,
"b2b,marketing,saas,strategy",b2b saas marketing strategies,,10,,0.00,
"b2b,saas,seo",b2b saas seo,,10,,0.00,
"bamboo,saas",bamboo saa,,10,,0.00,
"benefits,saas",benefits of saas,,10,,0.00,
"best,saas",best saas,,10,,0.00,
"best,book,saas",best saas book,,10,,0.00,
"best,company,saas",best saas companies,,10,,0.00,
"best,pago,pricing,saas",best saas pricing pages,,10,,0.00,
"best,productos,saas",best saas products,,10,,0.00,
"best,saas,startup",best saas startups,,10,,0.00,
"best,saas,theme,wordpress",best saas wordpress themes,,10,,0.00,
"big,datos,saas",big data saas,,10,,0.00,
"biggest,company,saas",biggest saas companies,,10,,0.00,
"blockchain,saas",blockchain saas,,10,,0.00,
"blueprint,organos,saas,sale",blueprints for a saas sales organization,,10,,0.00,
"bpm,saas",bpm saas,,10,,0.00,
"caracteristicas,saas",caracteristicas de saas,,10,,0.00,
"alfredo,carlos,posso,saas",carlos alfredo saa posso,,10,,0.00,
"alvarez,carlos,saas",carlos alvarez saa,,10,,0.00,
"cfo,saas",cfo saas,,10,,0.00,
"chat,saas",chat saas,,10,,0.00,
"claudia,saas",claudia saa,,10,,0.00,
"cloud,computador,saas,vs",cloud computing vs saas,,10,,0.00,
"cloud,example,saas",cloud saas examples,,10,,0.00,
"funcion,saas",como funciona saas,,10,,0.00,
"saas,vender",como vender saas,,10,,0.00,
"buenaventura,compañia,minas,saas",compañia de minas buenaventura saa,,10,,0.00,
"concepto,saas",concepto de saas,,10,,0.00,
"center,contacto,saas",contact center saas,,10,,0.00,
"contract,saas",contract saas,,10,,0.00,
"contrato,saas",contrato de saas,,10,,0.00,
"contrato,licencia,saas",contrato licencia saas,,10,,0.00,
"contrato,ejemplos,saas",contrato saas ejemplo,,10,,0.00,
"contrato,modelo,saas",contrato saas modelo,,10,,0.00,
"contrato,saas,software",contrato software saas,,10,,0.00,
"conversion,saas",conversion saas,,10,,0.00,
"csm,saas",csm saas,,10,,0.00,
"custom,experience,saas",customer experience saas,,10,,0.00,
"custom,lifetime,saas,value",customer lifetime value saas,,10,,0.00,
"deejishichyun,saas",deejishichyun saa,,10,,0.00,
"desventajas,saas",desventajas de saas,,10,,0.00,
"diego,saas",diego saa,,10,,0.00,
"cloud,computador,difference,saas",difference between saas and cloud computing,,10,,0.00,
"digital,saas,signage",digital signage saas,,10,,0.00,
"cirujano,dr,plastico,saas",dr saa cirujano plastico,,10,,0.00,
"dra,saas",dra saa,,10,,0.00,
"dynatrace,saas",dynatrace saas,,10,,0.00,
"eduardo,saas",eduardo saa,,10,,0.00,
"ejemplos,saas,servicio",ejemplo de servicios saas,,10,,0.00,
"aplicaciones,ejemplos,saas",ejemplos de aplicaciones saas,,10,,0.00,
saas,el saa,,10,,0.00,
"elasticidad,saas",elastic saas,,10,,0.00,
"empresa,saas",empresas saas,,10,,0.64,
"enterprise,saas",enterprise saas,,10,,0.00,
"enterprise,pricing,saas",enterprise saas pricing,,10,,0.00,
"escala,saas",escala saas,,10,,0.00,
"esquema,saas",esquema saas,,10,,0.00,
"experience,saas",experience in saas,,10,,0.00,
"company,fastest,grow,saas",fastest growing saas companies,,10,,0.00,
"fernando,saas",fernando saa,,10,,0.00,
"ferreycorp,saas",ferreycorp saa,,10,,0.00,
"ferreyra,saas",ferreyros saa,,10,,0.00,
"company,financial,saas",financial saas companies,,10,,0.00,
"fly,saas",fly saa,,10,,0.00,
"freemium,saas",freemium saas,,10,,0.00,
"futuro,saas",future of saas,,10,,0.00,
"gmail,saas",gmail saas,,10,,0.00,
"cloud,google,saas",google cloud saas,,10,,0.00,
"google,saas",google saas,,10,,0.00,
"hcm,saas",hcm saas,,10,,0.00,
"herramientas,saas",herramientas saas,,10,,0.00,
"ht,saas",ht saae,,10,,0.00,
"i18n,saas",i18n saas,,10,,0.00,
"ibm,maximo,saas",ibm maximo saas,,10,,0.00,
"ibm,saas",ibm saas,,10,,0.00,
"influencer,saas",influencer saas,,10,,0.00,
"inventory,management,saas",inventory management saas,,10,,0.00,
"invoice,saas",invoice saas,,10,,0.00,
"iot,saas",iot saas,,10,,0.00,
"company,iot,saas",iot saas companies,,10,,0.00,
"isa,saas",isa saa,,10,,0.00,
"fotografia,isa,saas",isa saa fotografia,,10,,0.00,
"java,saas",java saas,,10,,0.00,
"javier,saas",javier saa,,10,,0.00,
"jennifer,saas",jennifer saa,,10,,0.00,
"jiren,saas",jira saas,,10,,0.00,
"jorge,saas",jorge saa,,10,,0.00,
"juegos,saas",juegos de saa,,10,,0.00,
"key,metrica,saas",key saas metrics,,10,,0.00,
"digital,kobe,saas,war",koba digital ware saas,,10,,0.00,
"boilerplate,laravel,saas",laravel saas boilerplate,,10,,0.00,
"legal,saas",legal saas,,10,,0.00,
"licencia,saas,software",licencia de software saas,,10,,0.00,
"logistica,saas",logistics saas,,10,,0.00,
saas,los saa,,10,,0.00,
"loyalty,platform,saas",loyalty platform saas,,10,,0.00,
"loyalty,programa,saas",loyalty program saas,,10,,0.00,
"magento,saas",magento saas,,10,,0.00,
"management,project,saas",managing saas projects,,10,,0.00,
"company,marketing,research,saas",market research saas companies,,10,,0.00,
"automation,marketing,saas",marketing automation saas,,10,,0.00,
"digital,marketing,saas",marketing digital saas,,10,,0.00,
"metodologia,saas",metodologia saas,,10,,0.00,
"azure,microsoft,saas",microsoft azure saas,,10,,0.00,
"365,microsoft,office,saas",microsoft office 365 saas,,10,,0.00,
"mobile,saas",mobile saas,,10,,0.00,
"moda,saas",mode saas,,10,,0.00,
"contrato,modelo,saas",modelo de contrato saas,,10,,0.00,
"ejemplos,modelo,negocio,saas",modelo de negocio saas ejemplos,,10,,0.00,
"caracteristicas,modelo,saas",modelo saas caracteristicas,,10,,0.00,
"moda,saas",modo saas,,10,,0.00,
"month,recuros,revenue,saas",monthly recurring revenue saas,,10,,0.00,
"company,saas,success",most successful saas companies,,10,,0.00,
"mrr,saas",mrr saas,,10,,0.00,
"netsuite,saas",netsuite saas,,10,,0.00,
"nps,saas",nps saas,,10,,0.00,
"ocr,saas",ocr saas,,10,,0.00,
"365,office,saas",office 365 saas,,10,,0.00,
"open,saas",open saas,,10,,0.00,
"cloud,oracle,saas",oracle cloud saas,,10,,0.00,
"management,order,saas",order management saas,,10,,0.00,
"pim,saas",pim saas,,10,,0.00,
"pms,saas",pms saas,,10,,0.00,
"pos,saas",pos saas,,10,,0.00,
"postgresql,saas",postgresql saas,,10,,0.00,
"prestashop,saas",prestashop saas,,10,,0.00,
"private,saas",private saas,,10,,0.00,
"procurador,saas",procurement saas,,10,,0.00,
"marketing,productos,saas",product marketing saas,,10,,0.00,
"management,project,saas",project management saas,,10,,0.00,
"project,saas",project saas,,10,,0.00,
"management,property,saas",property management saas,,10,,0.00,
"company,publico,saas",public saas companies,,10,,0.00,
saas,que es el saa,,10,,0.00,
saas,que es la saa,,10,,0.00,
"informatica,saas",que es saas en informatica,,10,,0.00,
"negocio,saas",que es un negocio saas,,10,,0.00,
"empresa,saas,significa",que significa saa en una empresa,,10,,0.00,
"saas,significa",que significa saas,,10,,0.00,
"referral,saas",referral saas,,10,,0.00,
"pampilla,refineria,saas",refineria la pampilla saa,,10,,0.00,
"robert,saas",roberto saa,,10,,0.00,
"rodrigo,saas",rodrigo saa,,10,,0.00,
"rails,rubio,saas",ruby on rails saas,,10,,0.00,
"600,a340,saas",saa a340 600,,10,,0.00,
"airlines,saas",saa airlines,,10,,0.00,
"boutique,saas",saa boutique,,10,,0.00,
"colombia,saas",saa colombia,,10,,0.00,
"custom,saas,service",saa customer service,,10,,0.00,
"drei,ein,saas,zwei",saa eins zwei drei,,10,,0.00,
"saas,salud",saa en salud,,10,,0.00,
"enteros,gungeon,saas",saa enter the gungeon,,10,,0.00,
"eu,saas",saa eu,,10,,0.00,
"eurobonus,mastercard,saas",saa eurobonus mastercard,,10,,0.00,
"book,flight,saas",saa flight bookings,,10,,0.00,
"font,saas",saa font,,10,,0.00,
"letra,libro,saas",saa libre letra,,10,,0.00,
"meaning,saas",saa meaning,,10,,0.00,
"membership,saas",saa membership,,10,,0.00,
"mil,saas",saa miles,,10,,0.00,
"check,online,saas",saa online check in,,10,,0.00,
"recovery,saas",saa recovery,,10,,0.00,
"saas,syria",saa syria,,10,,0.00,
"maa,naa,saas,taa",saa taa naa maa,,10,,0.00,
"saas,voyage",saa voyager,,10,,0.00,
"saas,web",saa web,,10,,0.00,
saas,saa+,,10,,0.00,
saas,saaaas,,10,,0.00,
saas,saas a,,10,,0.00,
"agreement,saas",saas agreement,,10,,0.00,
"analytics,saas",saas analytics,,10,,0.00,
"paa,saas",saas and paas,,10,,0.00,
"andorra,saas",saas andorra,,10,,0.00,
"antivirus,saas",saas antivirus,,10,,0.00,
"app,development,saas",saas app development,,10,,0.00,
"application,company,development,saas",saas application development company,,10,,0.00,
"application,saas,security",saas application security,,10,,0.00,
"app,saas",saas apps,,10,,0.15,
"architecture,diagrama,saas",saas architecture diagram,,10,,0.00,
"asp,saas",saas asp,,10,,0.00,
"automation,saas",saas automation,,10,,0.00,
"backup,saas",saas backup,,10,,0.00,
"bahu,saas",saas bahu,,10,,0.00,
"aura,bahu,saas,saazish,youtube",saas bahu aur saazish youtube,,10,,0.00,
"bank,saas",saas banking,,10,,0.00,
"benchmark,saas",saas benchmarks,,10,,0.00,
"benefits,disadvantages,saas",saas benefits and disadvantages,,10,,0.00,
"bi,saas",saas bi,,10,,0.00,
"bill,saas",saas billing,,10,,0.00,
"bill,saas,software",saas billing software,,10,,0.00,
"bill,saas,system",saas billing systems,,10,,0.00,
"book,saas",saas book,,10,,0.00,
"book,saas",saas books,,10,,0.00,
"brand,saas",saas brands,,10,,0.00,
"business,saas,sale",saas business for sale,,10,,0.00,
"business,intelligence,saas",saas business intelligence,,10,,0.00,
"buy,personas,saas",saas buyer personas,,10,,0.00,
"caracteristicas,saas",saas caracteristicas,,10,,0.00,
"certificate,saas",saas certification,,10,,0.00,
"cfo,saas",saas cfo,,10,,0.00,
"cfos,saas",saas cfos,,10,,0.00,
"china,saas",saas china,,10,,0.00,
"cloud,example,saas",saas cloud examples,,10,,0.00,
"code,saas",saas code,,10,,0.00,
"company,multiple,saas,valuation",saas company valuation multiples,,10,,0.00,
"company,saas,valuation",saas company valuations,,10,,0.00,
"compliance,saas",saas compliance,,10,,0.00,
"consulta,saas",saas consulting,,10,,0.00,
"course,saas",saas course,,10,,0.00,
"custom,journey,saas",saas customer journey,,10,,0.00,
"custom,saas,success",saas customer success,,10,,0.00,
"cyber,saas,security",saas cyber security,,10,,0.00,
"analytics,datos,saas",saas data analytics,,10,,0.00,
"datos,management,saas",saas data management,,10,,0.00,
saas,saas de,,10,,0.00,
"definicion,saas",saas definicion,,10,,0.00,
"company,development,saas",saas development company,,10,,0.00,
"development,saas,service",saas development services,,10,,0.00,
"development,saas,tool",saas development tools,,10,,0.00,
"diagrama,saas",saas diagram,,10,,0.00,
"digital,marketing,saas",saas digital marketing,,10,,0.00,
"digital,marketing,saas,strategy",saas digital marketing strategy,,10,,0.00,
"dlp,saas",saas dlp,,10,,0.00,
"educativa,saas",saas education,,10,,0.00,
"ehr,saas",saas ehr,,10,,0.00,
"email,saas",saas email,,10,,0.00,
"email,marketing,saas",saas email marketing,,10,,0.00,
"enable,saas",saas enablement,,10,,0.00,
"erp,saas,vendor",saas erp vendors,,10,,0.00,
"eventos,saas",saas events,,10,,0.00,
"experience,saas",saas experience,,10,,0.00,
"explained,saas,videos",saas explainer videos,,10,,0.00,
"factory,saas",saas factory,,10,,0.00,
"facturacion,saas",saas facturacion,,10,,0.00,
"fee,saas,ski",saas fee skiing,,10,,0.00,
"fee,pool,saas,swimming",saas fee swimming pool,,10,,0.00,
"financiera,saas",saas finance,,10,,0.00,
"financial,modelo,saas",saas financial model,,10,,0.00,
"firewall,saas",saas firewall,,10,,0.00,
"forum,saas",saas forum,,10,,0.00,
"go,marketing,saas,strategy",saas go to market strategy,,10,,0.00,
"cloud,google,platform,saas",saas google cloud platform,,10,,0.00,
"growth,hack,saas",saas growth hacks,,10,,0.00,
"guidelines,saas",saas guidelines,,10,,0.00,
"healthcare,saas,software",saas healthcare software,,10,,0.00,
"desk,help,saas",saas help desk,,10,,0.00,
"desk,help,saas,software",saas help desk software,,10,,0.00,
"hosting,saas",saas hosting,,10,,0.00,
"hosting,provider,saas",saas hosting providers,,10,,0.00,
"illustrator,saas",saas illustration,,10,,0.00,
"cloud,computador,saas",saas in cloud computing,,10,,0.00,
"cloud,computador,ppt,saas",saas in cloud computing ppt,,10,,0.00,
"inbound,marketing,saas",saas inbound marketing,,10,,0.00,
"index,saas",saas index,,10,,0.00,
"informatica,saas",saas informatica,,10,,0.00,
"infrastructure,saas",saas infrastructure,,10,,0.00,
"inside,saas,sale",saas inside sales,,10,,0.00,
"integral,saas",saas integration,,10,,0.00,
"integral,platform,saas",saas integration platforms,,10,,0.00,
"investor,saas",saas investors,,10,,0.00,
"invoice,saas,software",saas invoicing software,,10,,0.00,
"iot,platform,saas",saas iot platform,,10,,0.00,
saas,saas it,,10,,0.00,
"ki,saas",saas ki,,10,,0.00,
"kpi,saas",saas kpi,,10,,0.00,
"kpis,saas",saas kpis,,10,,0.00,
"laa,saas",saas laas,,10,,0.00,
"lawyer,saas",saas lawyer,,10,,0.00,
"lead,saas",saas leads,,10,,0.00,
"legal,saas",saas legal,,10,,0.00,
"management,saas",saas management,,10,,0.00,
"management,platform,saas",saas management platform,,10,,0.00,
"company,marketing,saas",saas marketing companies,,10,,0.00,
"funnel,marketing,saas",saas marketing funnel,,10,,0.00,
"marketing,saas,seo",saas marketing seo,,10,,0.00,
"marketing,saas,service",saas marketing services,,10,,0.00,
"marketing,saas,strategy",saas marketing strategy,,10,,0.00,
"english,meaning,saas",saas meaning in english,,10,,0.00,
"meme,saas",saas meme,,10,,0.00,
"metrica,saas",saas metrics,,10,,0.16,
"cheat,metrica,saas,sheet",saas metrics cheat sheet,,10,,0.00,
"mexico,saas",saas mexico,,10,,0.00,
"monitor,saas",saas monitoring,,10,,0.00,
"netflix,saas",saas netflix,,10,,0.00,
"network,saas",saas network,,10,,0.00,
"newsletter,saas",saas newsletter,,10,,0.00,
"offers,saas",saas offering,,10,,0.00,
"premisas,saas",saas on premise,,10,,0.00,
"onboarding,saas,software",saas onboarding software,,10,,0.00,
"operaciones,saas",saas operations,,10,,0.00,
"organos,saas",saas organization,,10,,0.00,
"payroll,saas",saas payroll,,10,,0.00,
"pdf,saas",saas pdf,,10,,0.00,
"php,saas",saas php,,10,,0.00,
"development,platform,saas",saas platform development,,10,,0.00,
"example,platform,saas",saas platform examples,,10,,0.00,
"png,saas",saas png,,10,,0.00,
"point,saas,sale",saas point of sale,,10,,0.00,
"portal,saas",saas portal,,10,,0.00,
"ppt,saas",saas ppt,,10,,0.00,
"pricing,saas",saas pricing,,10,,0.00,
"modelo,pricing,saas",saas pricing models,,10,,0.00,
"management,productos,saas",saas product manager,,10,,0.00,
"marketing,productos,saas",saas product marketing,,10,,0.00,
"programacion,saas",saas programacion,,10,,0.00,
"programa,saas",saas programming,,10,,0.00,
"project,saas",saas project,,10,,0.00,
"cloud,computador,provider,saas",saas providers in cloud computing,,10,,0.00,
"saas,sirve",saas que es y para que sirve,,10,,0.00,
"react,saas",saas react,,10,,0.00,
"revenue,saas",saas revenue,,10,,0.00,
"modelo,revenue,saas",saas revenue model,,10,,0.00,
"recognition,revenue,saas",saas revenue recognition,,10,,0.00,
"risk,saas",saas risks,,10,,0.00,
"roi,saas",saas roi,,10,,0.00,
saas,saas saas,,10,,0.00,
"compensar,saas,sale",saas sales compensation,,10,,0.00,
"cycle,saas,sale",saas sales cycle,,10,,0.00,
"funnel,saas,sale",saas sales funnel,,10,,0.00,
"methodology,saas,sale",saas sales methodology,,10,,0.00,
"saas,sale,training",saas sales training,,10,,0.00,
"saas,scotland",saas scotland,,10,,0.00,
"saas,sdr",saas sdr,,10,,0.00,
"consulta,saas,seo",saas seo consultant,,10,,0.00,
"firma,saas,seo",saas seo firms,,10,,0.00,
"saas,seo,service",saas seo services,,10,,0.00,
"provider,saas,service",saas service providers,,10,,0.00,
"saas,service",saas services,,10,,0.00,
"meaning,saas,service",saas services meaning,,10,,0.00,
"saas,sla",saas sla,,10,,0.00,
"example,saas,software",saas software examples,,10,,0.00,
"integral,saas,software",saas software integration,,10,,0.00,
"saas,software,test",saas software testing,,10,,0.00,
"saas,space",saas space,,10,,0.00,
"management,saas,spend",saas spend management,,10,,0.00,
"saas,sprawl",saas sprawl,,10,,0.00,
"saas,stock",saas stocks,,10,,0.00,
"saas,subscription",saas subscription,,10,,0.00,
"management,saas,subscription",saas subscription management,,10,,0.00,
"saas,system",saas system,,10,,0.00,
"saas,tableau",saas tableau,,10,,0.00,
"saas,stack,technology",saas technology stack,,10,,0.00,
"saas,tecnologia",saas tecnologia,,10,,0.00,
"conditional,saas,term",saas terms and conditions,,10,,0.00,
"saas,test",saas testing,,10,,0.00,
"saas,themeforest",saas themeforest,,10,,0.00,
"saas,trends",saas trends,,10,,0.00,
"kit,saas,uis",saas ui kit,,10,,0.00,
"management,saas,user",saas user management,,10,,0.00,
"saas,valuation",saas valuation,,10,,0.00,
"saas,vendor",saas vendor,,10,,0.00,
"saas,ventajas",saas ventajas,,10,,0.00,
"saas,vs",saas vs,,10,,0.00,
"cliente,saas,server,vs",saas vs client server,,10,,0.00,
"cloud,saas,vs",saas vs cloud,,10,,0.00,
"application,saas,web",saas web application,,10,,0.00,
"saas,wiki",saas wiki,,10,,0.00,
"saas,theme,wordpress",saas wordpress theme,,10,,0.00,
"saas,saif,shah",saif saaeed shaheen,,10,,0.00,
"saas,sas",sas saas,,10,,0.00,
"company,consulta,saas,seo",seo consulting for saas companies,,10,,0.00,
"saas,sergio",sergio saas,,10,,0.00,
"company,saas,small",small saas companies,,10,,0.00,
"saas,sms",sms for saas,,10,,0.00,
"saas,sms",sms saas,,10,,0.00,
"cerrado,mineral,saas,sociedad,verde",sociedad minera cerro verde saa,,10,,0.00,
"brocal,mineral,saas,sociedad",sociedad minera el brocal saa,,10,,0.00,
"saas,sociedad",sociedad saa,,10,,0.00,
"ejemplos,saas,service,software",software as a service saas ejemplos,,10,,0.00,
"example,saas,service,software",software as a service saas examples,,10,,0.00,
"caracteristicas,saas,servicio,software",software como servicio saas caracteristicas,,10,,0.00,
"ejemplos,saas,servicio,software",software como servicio saas ejemplos,,10,,0.00,
"desventajas,saas,servicio,software,ventajas",software como servicio saas ventajas y desventajas,,10,,0.00,
"saas,software",software saas que es,,10,,0.00,
"africa,airways,saas,south",south african airways saa,,10,,0.00,
"cloudflare,saas,ssl",ssl for saas cloudflare,,10,,0.00,
"saas,sso",sso saas,,10,,0.00,
"ra,saas,star,war",star wars t ra saa,,10,,0.00,
"saas,start",start up saas,,10,,0.00,
"saas,suitecrm",suitecrm saas,,10,,0.00,
"saas,super",super saas,,10,,0.00,
"saas,swift",swift saa,,10,,0.00,
"ra,saas,star,war",t ra saa star wars,,10,,0.00,
"saas,teradata",teradata saas,,10,,0.00,
"capra,fee,saas",the capra saas fee,,10,,0.00,
"saas,tms",tms saas,,10,,0.00,
"app,saas,top",top saas apps,,10,,0.00,
"saas,type",types of saas,,10,,0.00,
"saas,ventajas",ventajas de saas,,10,,0.00,
"saas,ventajas",ventajas del saas,,10,,0.00,
"saas,ventajas",ventajas saas,,10,,0.00,
"desventajas,saas,ventajas",ventajas y desventajas de saas,,10,,0.00,
"saas,water",wat is saas,,10,,0.00,
"paa,saas",what is saas and paas,,10,,0.00,
"cloud,computador,saas",what is saas in cloud computing,,10,,0.00,
"saas,service,software",what is software as a service saas,,10,,0.00,
"saas,wix",wix saas,,10,,0.00,
"saas,wms",wms saas,,10,,0.00,
"saas,theme,wordpress",wordpress saas themes,,10,,0.00,
"saas,workflow",workflow saas,,10,,0.00,
"saas,zoho",zoho saas,,10,,0.00,
"04715,saas",04715-saa,,0,,0.00,
"000zz,04715,saas",04715-saa-000zz,,0,,0.00,
"10,29,31,como,global,hpe,https,itg,jsp,knta,logon,ppm,saas,sftk,web",10 31 29 https ppm-sftk.saas.hpe.com itg web knta global logon.jsp,,0,,0.00,
"08,10,1016,102,2014,j,saas",10.1016 j.saa.2014.08.102,,0,,0.00,
"10,11144,2,javeriana,saas,sc23",10.11144 javeriana.sc23-2.saaa,,0,,0.00,
"15,elementos,pemex,saas",15 elementos del saa pemex,,0,,0.00,
"16267766,james,saas",16267766 james saa,,0,,0.00,
"2019,eventos,saas",2019 saas events,,0,,0.00,
"21,osta,saas,vuotias",21 vuotias saa ostaa,,0,,0.00,
"22,saas",22 saa,,0,,0.00,
"3pl,saas,software",3pl software saas,,0,,0.00,
"3pt,saas",3pt saas,,0,,0.00,
"4068979,saas,sim",4068979 sima saa,,0,,0.00,
"420220,saas,servicio,software",420220 software como servicio saas,,0,,0.00,
"004,43153,saas",43153 saa 004,,0,,0.00,
"46920,p04,saas",46920-saa-p04,,0,,0.00,
"013,46930,saas",46930 saa 013,,0,,0.00,
"500,saas,startup,top",500 startup top saas,,0,,0.00,
"500,saap,saas,startup,top",500 startup top saas saap,,0,,0.00,
"50821,saas",50821-saa,,0,,0.00,
"50826,e01,saas",50826 saa e01,,0,,0.00,
"50840,saas",50840 saa,,0,,0.00,
"003,74896,saas",74896 saa 003,,0,,0.00,
"003,75701,saas",75701 saa 003,,0,,0.00,
"saas,shop",_shop.saa,,0,,0.00,
"instagram,saas,shop",_shop.saa instagram,,0,,0.00,
"lievano,publico,relacion,saas",a lievano relaciones publicas saas,,0,,0.00,
"contestar,historico,miguel,pertenecia,saas,servant",a que contesto historico pertenecio miguel de servantes saa,,0,,0.00,
"ambiental,diagnostico,politica,rai,saas,sga",a rai diagnostico ambiental sga saa política,,0,,0.00,
"company,growth,high,marketing,plan,saas",a saas marketing plan for high growth companies,,0,,0.00,
"accion,alerta,saas,sistema",a sistema alerta acción saa,,0,,0.00,
"saas,tiempo",a tiempo saas,,0,,0.00,
"a6,saas",a6 saa,,0,,0.00,
"aah,eeh,saas",aah-saa-eeh,,0,,0.00,
"aaltipal,saas",aaltipal saas,,0,,0.00,
"aarittakeno,kakiasume,saas,sagashimono,sagashini,wo,yuku,yum",aarittakeno yume wo kakiasume sagashimono sagashini yuku no saa,,0,,0.00,
"ab,home,saas,sale,tomic",ab tomic home sale saa,,0,,0.00,
"abacol,asistir,cali,saas",abacol asist saas cali,,0,,0.00,
"abarca,saas",abarca todo saas,,0,,0.00,
"abogado,colombia,contrato,saas",abogado contrato saas colombia,,0,,0.00,
"abonnement,logiciel,saas",abonnements logiciels saas,,0,,0.00,
"aboyonada,capitone,liz,saas",aboyonado y capitoneado saa liz,,0,,0.00,
"abraham,saas",abraham y saa,,0,,0.00,
"abram,hermanos,saas",abram y saa hermanos,,0,,0.00,
"academia,arte,saas",academias de artes saa,,0,,0.00,
"accion,saas",accion saa,,0,,0.00,
"accion,saas,seguridad",accion segura saa,,0,,0.00,
"accion,conflicto,querer,saas",accionista conflictivo no lo queremos en la saa,,0,,0.00,
"acercargo,saas",acercargo saa,,0,,0.00,
"aci,saas",aci saa,,0,,0.00,
"acquisition,saas,site,trafico",acquisition trafic site saas,,0,,0.00,
"acta,asamblea,general,saas,sociedad",acta de asamblea general sociedad saas,,0,,0.00,
"action,driver,saas",action-driven saas,,0,,0.00,
"actividades,directorio,saas",active directory saas,,0,,0.00,
"actividades,feed,saas",activity feed saas,,0,,0.00,
"actividades,saas",activos saa,,0,,0.00,
"actividades,saas",activos saas,,0,,0.00,
"actris,japomesa,kira,porno,saas",actris porno japomesa saa kira,,0,,0.00,
"actriz,japonesa,kira,porno,saas",actriz porno japonesa saa kira,,0,,0.00,
"acv,benchmark,saas",acv saas benchmark,,0,,0.00,
"adelante,adn,saas",adn adelante saas,,0,,0.00,
"2019,adolfo,rodriguez,saas",adolfo rodriguez saa 2019,,0,,0.00,
"adolfo,biografia,rodriguez,saas",adolfo rodriguez saa biografia,,0,,0.00,
"adolfo,edad,rodriguez,saas",adolfo rodriguez saa edad,,0,,0.00,
"adolfo,esposa,rodriguez,saas",adolfo rodriguez saa esposa,,0,,0.00,
"adolfo,facebook,rodriguez,saas",adolfo rodriguez saa facebook,,0,,0.00,
"adolfo,hijo,rodriguez,saas",adolfo rodriguez saa hijos,,0,,0.00,
"accion,adolfo,jovenes,rodriguez,saas",adolfo rodriguez saa jovenes en accion,,0,,0.00,
"adolfo,macri,rodriguez,saas",adolfo rodriguez saa macri,,0,,0.00,
"adolfo,argentina,presidente,rodriguez,saas",adolfo rodriguez saa presidente de argentina,,0,,0.00,
"adolfo,rodriguez,saas,twitter",adolfo rodriguez saa twitter,,0,,0.00,
"adolfo,rodriguez,saas,wikipedia",adolfo rodriguez saa wikipedia,,0,,0.00,
"adolfo,argentina,nacional,rodriguez,saas",adolfo rodríguez saa y la nación de argentina,,0,,0.00,
"adolfo,conmocion,politica,rodriguez,saas",adolfo rodríguez saá conmoción politic,,0,,0.00,
"adolfo,conmoiosn,politica,rodriguez,saas",adolfo rodríguez saá conmoiosn politic,,0,,0.00,
"adolfo,edad,rodriguez,saas",adolfo rodríguez saá edad,,0,,0.00,
"adolfo,francisco,rodriguez,saas",adolfo rodríguez saá francisco rodríguez saá,,0,,0.00,
"adolfo,gisela,rodriguez,saas,vartal",adolfo rodríguez saá gisela vartalitis,,0,,0.00,
"adolfo,presidente,rodriguez,saas",adolfo rodríguez saá por que fue presidente,,0,,0.00,
"adriana,fitness,saas",adriana saa fitness,,0,,0.00,
"adriana,instagram,saas",adriana saa instagram,,0,,0.00,
"adtech,saas",adtech saas,,0,,0.00,
"adtech,company,saas",adtech saas companies,,0,,0.00,
"advertising,company,saas",advertising for saas companies,,0,,0.00,
"africa,harold,saas",africa harold saa,,0,,0.00,
"agh,saas",agh saa,,0,,0.00,
"agility,documentos,saas",agile saas documentation,,0,,0.00,
"agritech,development,saas",agritech saas developers,,0,,0.00,
"agro,saas,valencia",agro valencia saas,,0,,0.00,
"agroindustrial,historia,laredo,saas",agroindustrial laredo saa historia,,0,,0.00,
"ah,eeh,saas",ah-saa-eeh,,0,,0.00,
"aha,saas",aha saas,,0,,0.00,
"ahora,saas",ahora saa,,0,,0.00,
"alba,barragan,ines,saas",alba ines barragan saa,,0,,0.00,
"alberto,alexander,saas",alberto alexander saa,,0,,0.00,
"alberto,alexander,faceboock,saas",alberto alexander saa faceboock,,0,,0.00,
"alberto,alexander,instagram,saas",alberto alexander saa instagram,,0,,0.00,
"alberto,aroca,saas",alberto aroca saa,,0,,0.00,
"alberto,hijo,jose,rodriguez,saas",alberto jose rodriguez saa hijo,,0,,0.00,
"alberto,jose,rodriguez,saas",alberto josé rodríguez saá,,0,,0.00,
"alberto,rodriguez,saas",alberto rodriguez saa,,0,,0.00,
"2019,alberto,rodriguez,saas",alberto rodriguez saa 2019,,0,,0.00,
"alberto,contacto,rodriguez,saas",alberto rodriguez saa contacto,,0,,0.00,
"alberto,edad,rodriguez,saas",alberto rodriguez saa edad,,0,,0.00,
"alberto,hijo,rodriguez,saas",alberto rodriguez saa hijos,,0,,0.00,
"alberto,hoy,rodriguez,saas",alberto rodriguez saa hoy,,0,,0.00,
"alberto,novia,rodriguez,saas",alberto rodriguez saa novia,,0,,0.00,
"alberto,ranquel,rodriguez,saas",alberto rodríguez saa y los ranqueles,,0,,0.00,
"alberto,banco,bogota,saas",alberto saa banco bogota,,0,,0.00,
"alberto,banco,bogota,saas",alberto saa banco de bogota,,0,,0.00,
"alberto,ocampo,saas",alberto saa ocampo,,0,,0.00,
"alberto,odontologico,saas",alberto saa odontologo,,0,,0.00,
"alegre,saas",alegra saas,,0,,0.00,
"alejadro,saas",alejadro saas,,0,,0.00,
"alejandro,borero,petalos,rosa,saas",alejandra borero saa ni con el petalo de una rosa,,0,,0.00,
"alejandro,borrero,saas",alejandra borrero saa,,0,,0.00,
"alex,saas",alex saas,,0,,0.00,
"alexis,arango,saas",alexis arango saa,,0,,0.00,
"alexis,saas",alexis saa,,0,,0.00,
"alicia,atraves,espejo,libro,saas",alicia atraves del espejo libro saa,,0,,0.00,
"alicorp,saas,sas",alicorp saa o sas,,0,,0.00,
"alimenc,saas",alimenca s.a.s saa,,0,,0.00,
"alimentacion,niños,saas",alimentacion saa para niños,,0,,0.00,
"alimentasion,saas",alimentasion saa,,0,,0.00,
"alimentos,saas",alimentos saa,,0,,0.00,
"33,78,98,alivium,av,saas",alivium saa av 33 78-98,,0,,0.00,
"33,78,98,alivium,av,llegar,saas",alivium saa av 33 78-98 como llegar,,0,,0.00,
"alla,robert,saas,trapiche",alla en el trapiche roberto saa,,0,,0.00,
"almacen,saas",almacen saa,,0,,0.00,
"almacenes,modelo,saas,servicio",almacenamiento como servicio saas modelo,,0,,0.00,
"almacenes,saas",almacenes saa,,0,,0.00,
"alquiler,cola,saas",alquilamos col saas,,0,,0.00,
"alquiler,chalet,fee,saas",alquiler de chalet en saas fee,,0,,0.00,
"alimentos,alteracion,cruz,mariana,saas",alteracion de los alimentos mariana saa cruz,,0,,0.00,
"altura,cuenca,medio,saas",altura media cuenca en saa,,0,,0.00,
"aluminio,saas",aluminios saa,,0,,0.00,
"alvaro,jose,saas",alvaro jose saa,,0,,0.00,
"alvaro,jose,saas,torres",alvaro jose torres saa,,0,,0.00,
"alvaro,rafael,saas,sas,varon",alvaro rafael saa varona sas,,0,,0.00,
"alvaro,saas,varon",alvaro saa varona,,0,,0.00,
"america,saas",ameral saa,,0,,0.00,
"american,saas,shool,way",american shool way saas,,0,,0.00,
"amigdalas,saas",amigdala saa,,0,,0.00,
"ammico,saas",ammica saas,,0,,0.00,
"900407572,amp,inversiones,saas,servicio",amp inversiones y servicios saas 900407572,,0,,0.00,
"acquisition,améliorer,cliente,internet,saas,site",améliorer acquisition client site internet saas,,0,,0.00,
"acquisition,améliorer,cliente,saas,site",améliorer acquisition client site saas,,0,,0.00,
"améliorer,conversion,saas",améliorer conversions saas,,0,,0.00,
"améliorer,onboarding,saas",améliorer onboarding saas,,0,,0.00,
"améliorer,pago,pricing,saas",améliorer page pricing saas,,0,,0.00,
"améliorer,pago,prix,saas",améliorer page prix saas,,0,,0.00,
"améliorer,pago,saas,tarifas",améliorer page tarif saas,,0,,0.00,
"améliorer,saas",améliorer saas,,0,,0.00,
"ana,joaquin,saas",ana joaquina saa,,0,,0.00,
"ana,jacob,saas",ana saa jacobs,,0,,0.00,
"ana,jacob,miss,saas,ucrania",ana saa jacobs miss ucrania,,0,,0.00,
"anclaje,costo,saas",anclajes de la costa saas,,0,,0.00,
"andrea,saas,torres",andrea torres saa,,0,,0.00,
"angel,saas,vedra",angel saa vedra,,0,,0.00,
"angel,grande,maria,saas",angela maria saa granda,,0,,0.00,
"angel,grande,instagram,maria,saas",angela maria saa granda instagram,,0,,0.00,
"angel,saas",angela saa,,0,,0.00,
"angel,grande,instagram,saas",angela saa granda instagram,,0,,0.00,
"angel,instagram,saas",angela saa instagram,,0,,0.00,
"angel,saas,twitter",angela saa twitter,,0,,0.00,
"angel,group,saas",angels group saas,,0,,0.00,
"anna,francesco,instagram,saas",anna francesca saa instagram,,0,,0.00,
"anna,jacob,saas",anna saa jacobs,,0,,0.00,
"anna,instagram,jacob,saas",anna saa jacobs instagram,,0,,0.00,
"anna,jacob,miss,saas,ucrania",anna saa jacobs miss ucrania,,0,,0.00,
"annf,instagram,saas",annf.saa instagram,,0,,0.00,
"annual,discount,saas",annual discount saas,,0,,0.00,
"annual,discount,example,saas",annual discount saas examples,,0,,0.00,
"annual,discount,payment,saas,upfront",annual upfront payment discount saas,,0,,0.00,
"annuity,policia,saas",annuity policy saas,,0,,0.00,
"annie,francesco,instagram,saas",anny francesca saa instagram,,0,,0.00,
"annie,franchesca,instagram,saas",anny franchesca saa instagram,,0,,0.00,
"annyf,instagram,saas",annyf.saa instagram,,0,,0.00,
"an,oracle,saas",ans oracle saas,,0,,0.00,
"anti,malware,saas",anti malware saas,,0,,0.00,
"antispam,saas",antispam saas,,0,,0.00,
"antonio,lope,saas",antonio lopes de saa,,0,,0.00,
"antonio,lopez,saas",antonio lopez de saa,,0,,0.00,
"análisis,matricial,saas,sap,walter",análisis matricial con sap de walter saa,,0,,0.00,
"apache,saas",apache saas,,0,,0.00,
"andres,apartamentos,saas",apartamentos saaan andres,,0,,0.00,
"apartments,saas,ufps",apartar saa ufps,,0,,0.00,
"apartments,book,saas,software",apartment booking software saas,,0,,0.00,
"apex,one,saas",apex one saas,,0,,0.00,
"apexon,saas",apexone saas,,0,,0.00,
"api,documentos,saas",api documentation saas,,0,,0.00,
"aplciacio,saas",aplciacio.es saas,,0,,0.00,
"aplciacion,saas",aplciaciones saas,,0,,0.00,
"88,aplicacion,isa,saas",aplicacion isa 88 en saas,,0,,0.00,
"aplicaciones,proceso,reclutamiento,saas",aplicaciones de saas para proceso de reclutamiento,,0,,0.00,
"aplicaciones,definicion,saas",aplicaciones saas definicion,,0,,0.00,
"aplicaciones,documentos,saas",aplicaciones saas documentos,,0,,0.00,
"aplicaciones,empresa,saas",aplicaciones saas empresas,,0,,0.00,
"aplicaciones,pymes,saas",aplicaciones saas para pymes,,0,,0.00,
"aplicaciones,saas,web",aplicaciones web saas,,0,,0.00,
"aplicaciones,kanban,proyecto,saas",aplicar kanban en proyectos saas,,0,,0.00,
"aportes,especial,saas",aportes en especie para saa,,0,,0.00,
"apostol,hurtado,saas,wiston",apostol wiston hurtado saa,,0,,0.00,
"application,saas,trackid",applicant tracking saas,,0,,0.00,
"application,saas",application saas,,0,,0.00,
"application,frais,gestion,not,saas",application saas gestion notes de frais,,0,,0.00,
"appointment,saas",appointment saas,,0,,0.00,
"agility,aprender,saas",aprender agile saas,,0,,0.00,
"archivo,eclesiastes,saas",archivo eclesiástico saa,,0,,0.00,
"archivo,g7,gta,moda,saas",archivo para mod g7 gta saa,,0,,0.00,
"archivo,saas",archivos saa,,0,,0.00,
"archivo,microsoft,saas",archivos saa microsoft,,0,,0.00,
"archivo,microsoft,saas,word",archivos saa microsoft word,,0,,0.00,
"arif,saas",arif saaed,,0,,0.00,
"armando,emilio,herrera,saas",armando emilio herrera saa,,0,,0.00,
"armando,herran,saas",armando herrer saa,,0,,0.00,
"armando,herrera,saas",armando herrera saa,,0,,0.00,
"arpa,definition,saas",arpa definition saas,,0,,0.00,
"arquitectura,cliente,mismo,saas,servidor",arquitectura cliente servidor es lo mismo que saas,,0,,0.00,
"arquitectura,cliente,saas,servidor,vs",arquitectura cliente servidor vs saas,,0,,0.00,
"arquitectura,clod,saas",arquitectura clod para saas,,0,,0.00,
"arquitectura,saas",arquitectura del saas,,0,,0.00,
"arquitectura,definicion,saas",arquitectura del saas definicion,,0,,0.00,
"arquitectura,java,saas",arquitectura java para saas,,0,,0.00,
"arquitectura,php,saas",arquitectura php para saas,,0,,0.00,
"arquitectura,saas,software",arquitectura software saas,,0,,0.00,
"arr,definition,saas",arr saas definition,,0,,0.00,
"arreglar,saas",arreglo de saa,,0,,0.00,
"arrendamiento,saas,smb",arrendamientos smb saas,,0,,0.00,
"arriendo,paa,saas,sofware",arriendos de sofware saas y paas,,0,,0.00,
"1,artillería,autopropulsado,joy,saas",artillería autopropulsada joya saa-1,,0,,0.00,
"arturl,castillo,saas",arturlo castillo saa,,0,,0.00,
"articulo,blog,conocimiento,programa,saas,ver",artículo del blog del conocimiento ver artículo un programa saas,,0,,0.00,
"asana,saas",asana saas,,0,,0.00,
"asesoria,saas,serbicio",asesorias y serbicios saa,,0,,0.00,
"asics,saas",asic saa,,0,,0.00,
"asistir,saas,salud",asistir salud saa,,0,,0.00,
"asp,saas,vs",asp vs saas,,0,,0.00,
"armenia,asprodonto,saas",asprodonto saa armenia,,0,,0.00,
"ass,gay,saas",ass gay saa,,0,,0.00,
"asset,management,saas",asset management saas,,0,,0.00,
"atalivar,saas,soto",atalivar soto saa,,0,,0.00,
"atividades,saas",atividades saas,,0,,0.00,
"at,saas",ats saas,,0,,0.00,
"auditiva,saas,seo",audit seo saas,,0,,0.00,
"augusto,saas",augusto saa,,0,,0.00,
"austral,correo,electronica,group,saas",austral group saa correo electronico,,0,,0.00,
"auteco,saas",auteco saa,,0,,0.00,
"anywhere,automation,saas",automation anywhere saas,,0,,0.00,
"automation,cherwell,process,saas",automation process saas cherwell,,0,,0.00,
"average,quotes,saas,sale",average saas sales quota,,0,,0.00,
"average,cycle,saas,sale",average sales cycle for saas,,0,,0.00,
"avicola,saas,sinergia,valle",avicola del valle sinergia saas,,0,,0.00,
"ax,saas",ax saas,,0,,0.00,
"ay,corazon,dime,jummy,saas",ay corazon dime tu donde estas jummy saa,,0,,0.00,
"ad,azure,saas",azure ad saas,,0,,0.00,
"azure,postgresql,saas",azure postgresql saas,,0,,0.00,
"application,azure,saas",azure saas applications,,0,,0.00,
"azure,example,saas",azure saas examples,,0,,0.00,
"b,point,saas",b point saas,,0,,0.00,
"b,saas",b to b saas,,0,,0.00,
"b2b,company,inbound,marketing,saas",b2b inbound marketing for saas companies,,0,,0.00,
"b2b,become,info,saas,service",b2b info services becoming saas,,0,,0.00,
"b2b,campaign,marketing,saas",b2b marketing campaign saas,,0,,0.00,
"b2b,campaign,growth,marketing,saas",b2b marketing campaign saas growth,,0,,0.00,
"b2b,company,marketing,positiva,saas",b2b marketing position for saas companies,,0,,0.00,
"b2b,marketing,saas,strategy",b2b marketing strategies saas,,0,,0.00,
"analytics,b2b,saas",b2b saas analytics,,0,,0.00,
"b2b,casa,saas,studio",b2b saas case study,,0,,0.00,
"b2b,cmo,saas",b2b saas cmo,,0,,0.00,
"b2b,digital,marketing,saas",b2b saas digital marketing,,0,,0.00,
"b2b,growth,saas",b2b saas growth,,0,,0.00,
"b2b,ideas,saas",b2b saas ideas,,0,,0.00,
"b2b,inbound,marketing,saas",b2b saas inbound marketing,,0,,0.00,
"b2b,kpis,saas",b2b saas kpis,,0,,0.00,
"b2b,land,pago,saas",b2b saas landing pages,,0,,0.00,
"b2b,generator,lead,saas",b2b saas lead generation,,0,,0.00,
"b2b,marketing,saas,size",b2b saas market size,,0,,0.00,
"b2b,marketing,plan,saas",b2b saas marketing plan,,0,,0.00,
"b2b,marketing,saas,team",b2b saas marketing team,,0,,0.00,
"b2b,marketing,renewal,saas,strategy",b2b saas renewal strategy marketing strategy,,0,,0.00,
"b2b,renewal,retention,saas,strategy",b2b saas renewal strategy saas retention strategies,,0,,0.00,
"b2b,funnel,saas,sale",b2b saas sales funnel,,0,,0.00,
"b2b,process,saas,sale",b2b saas sales process,,0,,0.00,
"b2b,saas,sale,strategy",b2b saas sales strategy,,0,,0.00,
"b2b,saas,software",b2b saas software,,0,,0.00,
"b2b,saas,vc",b2b saas vc,,0,,0.00,
"b2b,capital,saas,ventura",b2b saas venture capital,,0,,0.00,
"b2b,saas,servicio,software",b2b software como servicio saas,,0,,0.00,
"b2c,marketing,saas",b2c saas marketing,,0,,0.00,
"baa,saas",baas saas,,0,,0.00,
"aplicaciones,backup,saas",backup aplicaciones saas,,0,,0.00,
"application,backup,datos,saas",backup saas application data,,0,,0.00,
"backup,database,saas,schedule",backup saas databases scheduler,,0,,0.00,
"bacmat,saas",bacmat saa,,0,,0.00,
"baez,saas",baez saa,,0,,0.00,
"bag,saas",bager saas,,0,,0.00,
"baile,nalgas,saas,twerk",bailar el twerking saa nalgas,,0,,0.00,
"bajo,cemento,empresa,lima,produccion,saas",baja produccion de cemento empresa lima saa,,0,,0.00,
"bajo,blandos,cemento,empresa,lima,produccion,saas,sistema",baja produccion de cemento empresa lima saa sistemas blandos,,0,,0.00,
"balance,saas",balance de una saa,,0,,0.00,
"balance,saas,usa",balance de usa saa,,0,,0.00,
"balance,saas,scorecard",balanced scorecard saas,,0,,0.00,
"2010,ballesteros,perez,rodriguez,saas",ballesteros rodríguez & de saá pérez 2010,,0,,0.00,
"bam,saas",bam saas,,0,,0.00,
"bancolombia,clave,saas,segunda",bancolombia como se saa la segunda clave,,0,,0.00,
"bandera,blanco,junior,saas",bandera blanca junior saa,,0,,0.00,
"bandera,blanco,descargar,junior,saas",bandera blanca junior saa descargar,,0,,0.00,
"bandera,blanco,saas,sale",bandera blanca sala saa,,0,,0.00,
"bandera,blanco,junior,saas,salsa",bandera blanca salsa junior saa,,0,,0.00,
"appointment,bank,saas",bank appointment saas,,0,,0.00,
"appointment,bank,saas",bank by appointment saas,,0,,0.00,
"basecamp,saas",basecamp saas,,0,,0.00,
"arquitectura,bass,saas",basse arquitectura saa,,0,,0.00,
"baxalta,colombia,saas",baxalta colombia saas,,0,,0.00,
"bazak,saas",bazak saa,,0,,0.00,
"amino,bcaa,matrix,milk,saas",bcaa's matrix & saas milk aminos,,0,,0.00,
"bcaa,matrix,saas,tomar",bcaas matrix y saas como tomar,,0,,0.00,
"amino,bcaa,matrix,milk,saas",bcaas matrix y saas milk aminos,,0,,0.00,
"beatriz,cia,saas",beatriz saa y cia,,0,,0.00,
"beauty,land,pago,saas",beautiful landing page saas,,0,,0.00,
"beauty,land,pago,reddit,saas",beautiful landing page saas reddit,,0,,0.00,
"beer,company,saas",beer company saa,,0,,0.00,
"beijing,instagram,saas",beijing saa instagram,,0,,0.00,
"beneficios,constitución,saas",beneficios de constituir una saa,,0,,0.00,
"beneficios,palmeto,saas",beneficios de saa palmeto,,0,,0.00,
"beneficios,saas",beneficios del saas,,0,,0.00,
"beret,saas",beret saa,,0,,0.00,
"antivirus,best,saas",best antivirus for a saas,,0,,0.00,
"attribute,b2b,best,marketing,saas",best b2b marketing attribution saas,,0,,0.00,
"b2b,best,campaign,marketing,saas",best b2b saas marketing campaigns,,0,,0.00,
"best,bi,platform,productos,saas",best bi platform for saas products,,0,,0.00,
"best,bi,platform,provider,saas",best bi platform for saas providers,,0,,0.00,
"best,cms,saas",best cms for saas,,0,,0.00,
"application,best,framework,saas",best framework for saas applications,,0,,0.00,
"best,full,monitor,saas,stack",best full stack monitoring saas,,0,,0.00,
"b2b,best,go,marketing,saas,strategy",best go to market strategies for b2b saas,,0,,0.00,
"best,framework,php,saas",best php framework for saas,,0,,0.00,
"best,management,project,saas",best project management saas,,0,,0.00,
"best,blog,saas",best saas blogs,,0,,0.00,
"best,childcare,saas,software",best saas childcare software,,0,,0.00,
"best,conference,saas",best saas conferences,,0,,0.00,
"best,course,saas",best saas course,,0,,0.00,
"best,dashboard,saas",best saas dashboards,,0,,0.00,
"best,enable,marketplace,saas",best saas enabled marketplaces,,0,,0.00,
"best,explained,saas,videos",best saas explainer videos,,0,,0.00,
"best,business,saas,small",best saas for small business,,0,,0.00,
"best,saas,test",best saas for testing,,0,,0.00,
"best,management,saas,software",best saas management software,,0,,0.00,
"best,marketing,saas",best saas marketing,,0,,0.00,
"best,campaign,marketing,saas",best saas marketing campaigns,,0,,0.00,
"best,company,marketing,saas",best saas marketing companies,,0,,0.00,
"best,partner,programa,saas",best saas partner programs,,0,,0.00,
"best,platform,saas",best saas platforms,,0,,0.00,
"best,modelo,pricing,saas",best saas pricing models,,0,,0.00,
"best,management,project,saas,software",best saas project management software,,0,,0.00,
"best,programa,referral,saas",best saas referral programs,,0,,0.00,
"2018,best,saas,software",best saas software 2018,,0,,0.00,
"best,methodology,saas,sale",best sales methodology for saas,,0,,0.00,
"best,saas,seo",best seo saas,,0,,0.00,
"best,company,saas,seo",best seo saas companies,,0,,0.00,
"best,saas,seo,way",best way to do seo for saas,,0,,0.00,
"best,saas,theme,wordpress",best wordpress themes for saas,,0,,0.00,
"bibliografia,saas",bibliografia saa,,0,,0.00,
"bienvenida,saas",bienvenida mi saa,,0,,0.00,
"bifamiliar,pos,saas",bifamiliar posada y saa,,0,,0.00,
"bifamiliar,cali,pos,saas",bifamiliar posada y saa cali,,0,,0.00,
"bill,cpa,saas",bill saas cpa,,0,,0.00,
"bill,saas",bills saa,,0,,0.00,
"bios,reactor,saas",bio-reactor saa,,0,,0.00,
"biociclo,saas",biociclo saa,,0,,0.00,
"biocientifica,saas",biocientífica saa,,0,,0.00,
"biografia,gregorio,rengifo,saas",biografia de gregorio del saa y rengifo,,0,,0.00,
"biografia,jorge,saas",biografia de jorge saa,,0,,0.00,
"biografia,cervantes,miguel,saas,vedra",biografia de miguel de cervantes saa vedra,,0,,0.00,
"asimoy,biografia,saas",biografia de saas asimoy,,0,,0.00,
"biografia,jorge,saas",biografia jorge saa,,0,,0.00,
"biografia,cervantes,frases,miguel,saas",biografia miguel de cervantes saa y una frase,,0,,0.00,
"bionergy,q,saas",bionergy q es saa,,0,,0.00,
"biorreactor,saas",biorreactor saa,,0,,0.00,
"biotecnica,saas,zf",biotecno zf saas,,0,,0.00,
"biotecnologia,reproductiva,saas",biotecnologia reproductiva saa,,0,,0.00,
"blair,char,esposa,saas",bla la esposa de charli saaa,,0,,0.00,
"blackboard,moodle,saas",blackboard moodle saas,,0,,0.00,
"blackboard,saas,ultra",blackboard saas ultra,,0,,0.00,
"blackboard,saas,trial,ultra",blackboard saas ultra trial,,0,,0.00,
"blackfriday,saas",blackfriday for saas,,0,,0.00,
"blddite,gym,saas",blddite saá gym,,0,,0.00,
"bleach,hello,saas",bleach hell saa,,0,,0.00,
"blitzdocs,saas",blitzdocs saas,,0,,0.00,
"blog,conocimiento,programa,saas",blog del conocimiento un programa saas,,0,,0.00,
"2d,autocad,bloque,saas",bloques autocad 2d saa,,0,,0.00,
"blueprint,organos,pdf,saas,sale",blueprints for a saas sales organization pdf,,0,,0.00,
"bolero,charles,romantica,saas",boleros romanticos de charle saa,,0,,0.00,
"bolivar,laguna,saas",bolivar y la laguna saa,,0,,0.00,
"bolsa,lima,saas,valor",bolsa de valores de lima saa,,0,,0.00,
"bolsai,saas",bolsai saa,,0,,0.00,
"bn,bomba,gastos,saas,v110,vacio",bomba de vacio gast saa-v110-bn,,0,,0.00,
"bonn,pago,pratique,pricing,saas",bonnes pratiques page pricing saas,,0,,0.00,
"bookkeeping,saas",bookkeeper saas,,0,,0.00,
"booksmedicos,colum,saas",booksmedicos columa saa,,0,,0.00,
"bahu,bora,saas",bored of saas-bahu,,0,,0.00,
"botella,peter,saas",botellas pet saa,,0,,0.00,
"botiquin,saas",botiquin saas,,0,,0.00,
"boutique,pereira,saas",boutique saa pereira,,0,,0.00,
"boutique,fee,saas",boutique saas fee,,0,,0.00,
"bpo,saas,vs",bpo vs saas,,0,,0.00,
"branch,git,productos,saas,strategy",branch strategy saas product git,,0,,0.00,
"brayan,deporte,palmirana,saas",braya saa deportista palmirano,,0,,0.00,
"brayan,deporte,lucha,palmira,saas,valle",brayan saa deportista de lucha en palmira valle,,0,,0.00,
"brayan,gana,juegos,medalla,nacionales,oro,saas",brayan saa gano medalla oro en los juegos nacionales,,0,,0.00,
"brisas,saas",brisa saá,,0,,0.00,
"brochure,disandalo,distribuidora,saas",brochure de distribuidora disandalo saa,,0,,0.00,
"bryan,deporte,palmirana,saas",bryan saa deportista palmirano,,0,,0.00,
"bufalo,saas",bufalo saa,,0,,0.00,
"buffer,saas",buffer saas,,0,,0.00,
"build,company,saas",building a saas company,,0,,0.00,
"build,companyu,saas",building a saas companyu,,0,,0.00,
"build,city,new,productos,saas,york",building a saas product new york city,,0,,0.00,
"build,saas,sale,team",building a saas sales team,,0,,0.00,
"bus,datos,saas",bus de datos saa,,0,,0.00,
"buscador,productos,saas",buscador de productos saas,,0,,0.00,
"buscar,direccion,estacion,mass,saas",buscar direccion estacion masser saas,,0,,0.00,
"313656969,buscar,c,edwin,saas",busco a edwin saa c 313656969,,0,,0.00,
"buscar,candelaria,edwin,saas",busco a edwin saa candelaria,,0,,0.00,
"94949381,buscar,cedula,edwin,saas",busco a edwin saaa cedula 94949381,,0,,0.00,
"business,continuo,saas",business continuity saas,,0,,0.00,
"business,development,saas",business development in saas,,0,,0.00,
"business,em,empresa,intelligence,saas",business intelligence em empresas de saas,,0,,0.00,
"business,management,process,saas",business process management saas,,0,,0.00,
"buy,journey,saas",buyer journey saas,,0,,0.00,
"ca,ppm,saas",ca ppm saas,,0,,0.00,
"1,ade,caballero,capitulo,saas,zodiaco",caballeros del zodiaco capitulo 1.saa.de.ades,,0,,0.00,
"caballero,hadas,saas,zodiaco",caballeros del zodiaco saa de hades,,0,,0.00,
"cable,power,saas",cable de power saa,,0,,0.00,
"cable,saas,sur",cableados del sur saas,,0,,0.00,
"cablemas,saas",cablemas saa,,0,,0.00,
"caca,payback,periodo,saas",cac payback period saas,,0,,0.00,
"caca,saas",cac saas,,0,,0.00,
"cadena,famacia,merida,saas,venezuela",cadena famacia saas merida venezuela,,0,,0.00,
"caja,novia,regalo,saas",cajas de regalos para novia saas,,0,,0.00,
"calcular,saas,tco",calculadora saas tco,,0,,0.00,
"calima,saas",calima saa,,0,,0.00,
"bananeras,calima,saas,zona",calima saa zona bananera,,0,,0.00,
"action,calle,casa,saas,studio",call to action saas case studies,,0,,0.00,
"camara,comercial,empresa,patrimonio,saas",camar de comercio patrimonio empresas saa,,0,,0.00,
"camara,comercial,empresa,patrimonio,saas",camara de comercio patrimonio empresas saa,,0,,0.00,
"camara,comercial,natural,personas,saas",camara de comercio persona natural saa,,0,,0.00,
"andres,camilo,saas",camilo andres saa,,0,,0.00,
"camilo,cob,saas",camilo cobos saa,,0,,0.00,
"camilo,cob,como,gmail,saas",camilo.cobos.saa gmail.com,,0,,0.00,
"can,cap,ex,fee,saas",can i cap ex saas fees,,0,,0.00,
"cancha,futbol,saas",cancha de futbol saa,,0,,0.00,
"cancion,jimi,letra,mama,saas",cancion a mama jimy saa letra,,0,,0.00,
"beautifol,cancion,joob,saas",cancion de joob saas-beautifol,,0,,0.00,
"beautifol,cancion,joob,letra,saas",cancion de joob saas-beautifol letra,,0,,0.00,
"cancion,saas",cancion saa a,,0,,0.00,
"candy,cushing,saas",candy cush saa,,0,,0.00,
"capacidad,plan,saas",capacity planning saas,,0,,0.00,
"cap,saas,soporte,tecnica",capas de soporte tecnico en saas,,0,,0.00,
"capital,saas,social",capital social de la saa,,0,,0.00,
"capital,costo,development,saas",capitalizing saas development costs,,0,,0.00,
"captura,cristian,palmira,quiñones,saas",capturado en palmira cristian quiñones saa,,0,,0.00,
"1,24,capitulo,saas",capítulos 1-24 del saa,,0,,0.00,
"adolfo,caracteristicas,gobierno,rodriguez,saas",caracteristicas de gobierno de adolfo rodriguez saa,,0,,0.00,
"caracteristicas,saas",caracteristicas de saa,,0,,0.00,
"caracteristicas,saas",caracteristicas de un saas,,0,,0.00,
"caracteristicas,saas",caracteristicas del saas,,0,,0.00,
"caracteristicas,conformacion,saas",caracteristicas para la conformacion de una saa,,0,,0.00,
"caramañola,facil,saas",caramañola saa facil,,0,,0.00,
"cardiologia,saas,sigloxxi",cardiologia sigloxxi saa,,0,,0.00,
"caricatura,ensayo,saas",caricatura de saa de ensayo,,0,,0.00,
"alberto,carlos,saas",carlos alberto saa,,0,,0.00,
"alberto,carlos,madriñan,saas",carlos alberto saa madriñan,,0,,0.00,
"alberto,cali,carlos,odontologico,saas",carlos alberto saa odontologos cali,,0,,0.00,
"andres,carlos,saas",carlos andres saa,,0,,0.00,
"bernal,carlos,chavez,eduardo,saas",carlos eduardo bernal chavez saa,,0,,0.00,
"carlos,futbol,saas",carlos saa futbolista,,0,,0.00,
"carlos,jaguares,saas,transfermarkt",carlos saa jaguares transfermarkt,,0,,0.00,
"carlos,jugadores,saas",carlos saa jugador,,0,,0.00,
"carlos,fc,saas,uniautonoma",carlos saa uniautonoma fc,,0,,0.00,
"carlos,ingenieria,saas,vago",carlos saa vag ingenieria,,0,,0.00,
"alvarez,carlos,diario,manuel,papel,perdida,saas",carlos álvarez saá manuela sus diarios perdidos y otros papeles,,0,,0.00,
"carolina,lopez,saas",carolina lopez saa,,0,,0.00,
"carry,saas",carrie saas,,0,,0.00,
"cali,carvajal,direccion,saas",carvajal saa cali direccion,,0,,0.00,
"casa,ninja,quimera,saas",casa de quimeras ninja saa,,0,,0.00,
"casa,fun,potrero,rodriguez,saas",casa rodriguez saa potrero de los funes,,0,,0.00,
"barrio,casa,saas",casas barrio saa,,0,,0.00,
"casa,frances,mauricio,saas",casas franco saa mauricio,,0,,0.00,
"cali,casa,cauca,frances,mauricio,saas,valle",casas franco saa mauricio cali valle del cauca,,0,,0.00,
"casb,saas",casb saas,,0,,0.00,
"casa,practica,saas",casos practicos de una saa,,0,,0.00,
"castellano,jose,miller,saas",castellanos millan jose saaid,,0,,0.00,
"catalina,saas,trujillo",catalina saa trujillo,,0,,0.00,
"argentina,caudillo,saas",caudillo argentino saa,,0,,0.00,
"cemento,lima,saas",cementos lima saa,,0,,0.00,
"cemento,empresa,pacasmayo,pe,saas,surco,ubicación",cementos pacasmayo saa ubicación de la empresa surco pe,,0,,0.00,
"cendiatra,frances,saas,zona",cendiatra saa zona franca,,0,,0.00,
"cenk,saas",cenko saa,,0,,0.00,
"appel,centro,d,saas",centre d appels saas,,0,,0.00,
"centro,contacto,saas",centre de contact saas,,0,,0.00,
"centro,contacto,saas",centre de contacts saas,,0,,0.00,
"bogota,centro,comercial,saas,super",centro comercial super saa en bogota,,0,,0.00,
"bogota,centro,comercial,saas,super",centro comercial super saas en bogota,,0,,0.00,
"avanzado,centro,diagnostico,saas,tunja",centro de diagnostico avanzado saas tunja,,0,,0.00,
"centro,fusa,redencion,saas,vida",centro de vida saa fusa redencion,,0,,0.00,
"cepa,saas",cep saa,,0,,0.00,
"2019,certi,red,saas,tarifas",certi redes saa tarifas 2019,,0,,0.00,
"certificado,empresa,funcion,licencia,martanta,saas",certificado de licencia de funcionamiento para empresas saa martant,,0,,0.00,
"alimentos,certificado,colombia,donde,manejo,saas",certificado de manejo de alimentos colombia dónde se saa,,0,,0.00,
"change,odoo,saas,user",change odoo saas users,,0,,0.00,
"channel,management,marketing,saas",channel marketing manager saas,,0,,0.00,
"chari,saas",chari saa,,0,,0.00,
"cancion,charles,saas",charle saa canciones,,0,,0.00,
"char,duo,saas",charli saa en duo,,0,,0.00,
"charlie,saas,wikipedia",charlie saa wikipedia,,0,,0.00,
"charlie,saas",charlie saaa,,0,,0.00,
"charlie,saas",charlie saas,,0,,0.00,
"charliee,mix,saas",charliee saa mix,,0,,0.00,
"char,saas",charlis saas,,0,,0.00,
"amigos,char,saas",charly saa amigo de que,,0,,0.00,
"casncion,char,saas",charly saa casnciones,,0,,0.00,
"char,radio,rochrla,saas",charly saa radio rochrla,,0,,0.00,
"check,cloudguard,point,saas",check point cloudguard saas,,0,,0.00,
"checkpoint,cloudguard,saas",checkpoint cloudguard saas,,0,,0.00,
"business,chemical,saas",chemical business saa,,0,,0.00,
"cherwell,hosting,saas,support,upgrade",cherwell hosted saas upgrade support,,0,,0.00,
"analytics,cherwell,license,saas",cherwell saas license analytics,,0,,0.00,
"cherwell,premisas,saas,vs",cherwell saas vs on premise,,0,,0.00,
"cherwell,csm,saas,support,system,upgrade",cherwell support csm saas systems upgrade,,0,,0.00,
"chia,cuadro,saas",chi cuadrado en saas,,0,,0.00,
"17,chiappe,saas",chiappa saa 17,,0,,0.00,
"chile,colorear,robert,saas,silva",chile en colores de roberto saa silva,,0,,0.00,
"chotis,saas",choti saa,,0,,0.00,
"ci,saas",ci saas,,0,,0.00,
"cidor,saas",cidor saa,,0,,0.00,
"cierre,gil,saas,via",cierre de via saa gil,,0,,0.00,
"cirotex,saas",cirotex saas,,0,,0.00,
"cali,cirujano,doctor,plastico,saas",cirujano plastico cali doctor saa,,0,,0.00,
"680,700,author,cisco,collaboration,csa,examen,saas",cisco collaboration saas authorization csaas exam 700 680,,0,,0.00,
"civil,geek,gilberto,navy,pdf,saas",civil geek gilberto saa navia pdf,,0,,0.00,
"civilgeeks,gilberto,navy,pdf,saas",civilgeek gilberto saa navia pdf,,0,,0.00,
"clajdia,marcela,saas,twitter",clajdia.marcela saa twitter,,0,,0.00,
"claudia,marcela,saas",claudia marcela saa,,0,,0.00,
"claudia,gonzalez,marcela,saas",claudia marcela saa gonzalez,,0,,0.00,
"claudia,marcela,saas,telefono",claudia marcela saa telefono,,0,,0.00,
"claudia,marcela,saas,twitter",claudia marcela saa twitter,,0,,0.00,
"claudia,instagram,saas",claudia saa instagram,,0,,0.00,
"andrea,clave,gato,moto,saas",clave moto saa andreas gat,,0,,0.00,
"cherwell,cliente,ldap,saas,side",client side ldap saas cherwell,,0,,0.00,
"application,cloud,provider,saas",cloud application saas providers,,0,,0.00,
"cloud,computador,ejemplos,saas",cloud computing saas ejemplos,,0,,0.00,
"cloud,computador,price,saas,service",cloud computing services price saas,,0,,0.00,
"cloud,computador,saas,service",cloud computing services saas,,0,,0.00,
"cloud,erp,saas,vs",cloud erp vs saas,,0,,0.00,
"cloud,migration,saas",cloud migration saas,,0,,0.00,
"application,cloud,saas",cloud saas applications,,0,,0.00,
"cloud,company,saas",cloud saas companies,,0,,0.00,
"cloud,etf,saas",cloud saas etf,,0,,0.00,
"cloud,global,rollout,saas",cloud saas global rollout,,0,,0.00,
"cloud,implementos,saas",cloud saas implementation,,0,,0.00,
"cloud,oracle,saas",cloud saas oracle,,0,,0.00,
"cloud,saas",cloud saas que es,,0,,0.00,
"big,cloud,datos,saas",cloud saas y big data,,0,,0.00,
"cloud,management,saas",cloud-managed saas,,0,,0.00,
"cloudguard,saas",cloudguard saas,,0,,0.00,
"checkpoint,cloudguard,saas",cloudguard saas checkpoint,,0,,0.00,
"cloudguard,datasheet,saas",cloudguard saas datasheet,,0,,0.00,
"cloudguard,login,saas",cloudguard saas login,,0,,0.00,
"app,clover,marketing,saas",clover app market saas,,0,,0.00,
"campestre,club,saas",club campestre la saa,,0,,0.00,
"cmms,saas",cmms saas,,0,,0.00,
"cmo,saas",cmo for saas,,0,,0.00,
"2017,cmr,saas",cmr saas 2017,,0,,0.00,
"cmrr,saas",cmrr saas,,0,,0.00,
"cms,modelo,saas",cms saas model,,0,,0.00,
"coalereo,saas",coalereo saa,,0,,0.00,
"cocina,saas",cocina saa,,0,,0.00,
"code,karu,saas,tsuda,tsugeraha",coda tsugeraha tsude karu saa,,0,,0.00,
"animales,cojines,decoracion,saas",cojines de animales para decoracion de saa,,0,,0.00,
"calle,cold,dead,saas",cold calling dead saas,,0,,0.00,
"cold,email,saas",cold email saas,,0,,0.00,
"collar,saas",coll de saa,,0,,0.00,
"collaboration,saas",collaboration saas,,0,,0.00,
"author,collaboration,saas",collaboration saas authorization,,0,,0.00,
"colombina,saas",colombina saa,,0,,0.00,
"cervantes,colpegasus,saas",colpegasus cervantes saa,,0,,0.00,
"colt,generator,saas",colt saa generations,,0,,0.00,
"colt,handgun,saas",colt saa handgun,,0,,0.00,
"colt,handgun,plan,saas",colt saa handgun planos,,0,,0.00,
"como,fraces,llama,palabras,saas",com se llama cuando saa de una palabra fraces,,0,,0.00,
"como,net,pago,saas,valor",com se saa el valor neto a pagar,,0,,0.00,
"algolia,android,como,query,saas,search",com.algolia.search.saas.query android,,0,,0.00,
"city,combinar,dragon,saas,tropical",combinación dragon city como se saa el dragon tropical,,0,,0.00,
"andes,comercial,financiera,saas,situacion",comercial los andes saa estado de situación financiera,,0,,0.00,
"comercializacion,saas",comercializacion saas,,0,,0.00,
"comercializadora,saas,videojuegos",comercialización de videojuegos saas,,0,,0.00,
"comercializadora,saas,servicio,videojuegos",comercialización de videojuegos servicios saas,,0,,0.00,
"comercializadora,oscarr,saas",comercializadora oscarros saa,,0,,0.00,
"comercializadora,medellin,saas,wsp",comercializadora wsp saa medellin,,0,,0.00,
"comertex,saas",comertex saas,,0,,0.00,
"cogela,como,saas",comida cogelada saa,,0,,0.00,
"1,como,paises,saas,tipicos",comida tipica de paisa saaa 1,,0,,0.00,
"como,rima,saas",comidas que rimen con saa,,0,,0.00,
"casnoa,comil,saas",comilo saa casnoa,,0,,0.00,
"commission,compensar,saas,salespeople",commission compensation for saas salespeople,,0,,0.00,
"common,metrica,saas",common saas metrics,,0,,0.00,
"2013,27001,aplicaciones,normas,saas",como aplica norma 27001 2013 en saas,,0,,0.00,
"2013,27001,aplicaciones,normas,saas",como aplica un saas norma 27001 2013,,0,,0.00,
"ahorro,arreglar,espacio,pequeño,saas",como arreglar una saa pequeña ahorrando espacio,,0,,0.00,
"ba,ball,dragon,saas",como ba la saa de dragon ball,,0,,0.00,
"cnforman,empresa,saas,sociedad",como cnformar la sociedad de una empresa saa,,0,,0.00,
"conforman,empresa,saas,sociedad",como conformar la sociedad de una empresa saa,,0,,0.00,
"constirución,empresa,saas",como constiruir una empresa saa,,0,,0.00,
"constitución,saas",como constituir una saas,,0,,0.00,
"crear,saas",como crear una saa,,0,,0.00,
"define,saas,variables",como definir una variable saas,,0,,0.00,
"css,define,saas,variables",como definir una variable saas css,,0,,0.00,
"define,saas,varibles",como definir una varible saas,,0,,0.00,
"andrea,descargar,saas",como descargar saa andreas,,0,,0.00,
"licencia,saas",como es una licencias saas,,0,,0.00,
"gana,saas",como ganarle a saas,,0,,0.00,
"gta,hacerque,moto,saas,vuelos",como hacerque las motos vuelen en gta saa,,0,,0.00,
"hago,saas",como hago para saa,,0,,0.00,
"adndrea,instaalar,saas,teguea",como instaalaar teguea saaan adndrea,,0,,0.00,
"minotauroro,paso,saas,todo",como pasar por todas las saas de minotauroro,,0,,0.00,
"archivo,calle,cara,message,saas,whatsapp",como saa car archivos messages calls de whatsapp,,0,,0.00,
"0,32,3200,saas",como saa el 0.32 a 3200,,0,,0.00,
"saas,simbolo,tetas",como saa el simbolo de teta,,0,,0.00,
"distancia,saas",como saa la distancia,,0,,0.00,
"block,epson,hoja,impresora,saas",como saa una hoja de block en una impresora epson,,0,,0.00,
"enbun,pantallazo,saas,samsung",como saae in pantallazo enbun samsung,,0,,0.00,
"pack,saas",como saae pack,,0,,0.00,
"comunidad,minimo,multiple,saas",como saaer el minimo comun multiplo,,0,,0.00,
"este,regimen,ruta,saas,si,simplificado",como saaer si mi rut est en regimen simplificado,,0,,0.00,
"constitución,empresa,saas",como se constituye una empresa saa,,0,,0.00,
"constitución,saas",como se constituye una saas,,0,,0.00,
"constitución,debe,saas",como se debe constituir una saas,,0,,0.00,
"hacer,mazamorra,saas",como se hace la mazamorra de saa,,0,,0.00,
"llevn,na,novia,saas,sebastian",como se llevn de novios un sebastian na saa,,0,,0.00,
"css,relacion,saas",como se relacionan saas con css,,0,,0.00,
"csss,relacion,saas",como se relacionas saas con csss,,0,,0.00,
"certificado,compensar,saas",como se saa certificado en compensar,,0,,0.00,
"2x1000,saas",como se saa el 2x1000,,0,,0.00,
"area,saas",como se saa el area,,0,,0.00,
"area,saas,triangulo",como se saa el area de un triángulo,,0,,0.00,
"certificado,saas,suelo,uso",como se saa el certificado de uso del suelo,,0,,0.00,
"cif,saas",como se saa el cif,,0,,0.00,
"costo,directo,saas",como se saa el costo directo,,0,,0.00,
"deu,eje,ekg,n,saas",como se saa el eje deu n ekg,,0,,0.00,
"interes,saas",como se saa el interes,,0,,0.00,
"finura,modulo,saas",como se saa el modulo de finura,,0,,0.00,
"cuadro,perimetro,saas",como se saa el perimetro de un cuadrado,,0,,0.00,
"elm,men,pi,saas",como se saa el pi con elm menos,,0,,0.00,
"80,porcentaje,saas,uso",como se saa el porcentaje de uso del 80,,0,,0.00,
"edad,promedio,saas",como se saa la edad promedio,,0,,0.00,
"clases,marca,saas",como se saa la marca de clase,,0,,0.00,
"mediamentos,reglas,saas,tres",como se saa la regla de tres en mediamentos,,0,,0.00,
"card,credito,datos,gift,saas",como se saa una gift card data credito,,0,,0.00,
"saas,service,software",como software as a service saas,,0,,0.00,
"ibm,saas,service,software",como software as a service saas ibm,,0,,0.00,
"arroba,coputador,saas",como uno saa la arroba en el coputador,,0,,0.00,
"card,saas,tv,utiliza",como utilizar la saa tv card,,0,,0.00,
"comose,comunidad,elminimo,mltiple,saas",comose saa elminimo comun mltiplo,,0,,0.00,
"comparativo,elasticsearch,saas,server,vs,vurtual",comparation between saas elasticsearch vs vurtual server,,0,,0.00,
"comparativo,ecommerce,saas,solucion",comparativo de soluciones ecommerce saas,,0,,0.00,
"aplicaciones,comparativo,saas,software,versus",comparativo saas versus aplicaciones software,,0,,0.00,
"comparativo,premisas,saas,software,versus",comparativo saas versus software on-premise,,0,,0.00,
"comparativo,premisas,saas,software,vs",comparativo saas vs software on-premise,,0,,0.00,
"comparison,delivery,saas",comparison of saas with other delivery,,0,,0.00,
"compatex,saas",compatex saas,,0,,0.00,
"agricola,compañia,ltda,saas",compañia agricola saaes ltda,,0,,0.00,
"altanus,compañia,saas",compañia altanus saa,,0,,0.00,
"compañia,extrategico,financial,saas",compañia de financiamiento extrategico saa,,0,,0.00,
"compañia,milpa,mineral,ruc,saas",compañia minera milpo saa ruc,,0,,0.00,
"agricola,compañía,limites,saas",compañía agrícola saas limitada,,0,,0.00,
"componentes,entrada,saas",componentes de entrada y saa,,0,,0.00,
"comprar,fe,saas",compras la fe saa,,0,,0.00,
"comptabilité,saas",comptabilité saas,,0,,0.00,
"ach,harold,saas",con mucho ache harold saa,,0,,0.00,
"saas,suerte",con suert saa,,0,,0.00,
"harold,saas,ucho,xche",con ucho xche harold saa,,0,,0.00,
"concepto,saas,velasco",concepto de estado saa velasco,,0,,0.00,
"concepto,dian,exencion,iva,saas",concepto de la dian para exencion de iva de saas,,0,,0.00,
"concepto,dian,saas,servicio",concepto dian servicios saas,,0,,0.00,
"040,concepto,saas,tecnica",concepto tecnico saa-040,,0,,0.00,
"bancaria,conciliacion,saas",conciliacion bancaria saas,,0,,0.00,
"conclusion,saas",conclusion de saas,,0,,0.00,
"conclusion,saas",conclusion del saas,,0,,0.00,
"condiciones,saas,servicio",condiciones de servicios saas,,0,,0.00,
"amor,conflicto,j,saas",conflicto de amor j saa,,0,,0.00,
"consitucion,cosiedades,saas",consitucion de cosiedades saa,,0,,0.00,
"consorcio,normalizacion,saas",consorcio de normalizacion saas,,0,,0.00,
"2017,consorcio,modernizacion,red,saas",consorcio modernizacion de redes 2017 saas,,0,,0.00,
"2017,consorcio,modernizacion,red,saas",consorcio modernizacion de redes saas 2017,,0,,0.00,
"consorcio,normalizacion,saas",consorcio normalizacion saas,,0,,0.00,
"constitucion,saas",constitucion de la saa,,0,,0.00,
"constitucion,saas",constitucion de una saas,,0,,0.00,
"construccion,daniel,diaz,saas,tajamar",construcciones daniel diaz saa tajamar,,0,,0.00,
"construction,saas",construction saas,,0,,0.00,
"constructora,m,saas,sincelejo",constructor en sincelejo m saa,,0,,0.00,
"capital,constructora,medellin,saas",constructora capital medellin saa,,0,,0.00,
"constructora,manosalva,saas",constructora manosalva saas,,0,,0.00,
"constructora,node,saas",constructora nodos saa,,0,,0.00,
"constructora,saas,vijes",constructora vij saa,,0,,0.00,
"constructora,saas,wij",constructora wij saa,,0,,0.00,
"consulta,gmovil,programacion,saas",consultar programacion gmovil saa,,0,,0.00,
"consultorio,saas",consultoria saas,,0,,0.00,
"contabilidad,saas",contabilidad de una saa,,0,,0.00,
"contabilidade,saas",contabilidade saas,,0,,0.00,
"aida,center,contacto,saas,visual",contact center visual aid saas,,0,,0.00,
"contacto,marianella,saas,sierra",contacto de marianella sierra saa,,0,,0.00,
"contraenchapado,hermanos,saas,sanabria",contraenchapes hermanos sanabria saas,,0,,0.00,
"contral,saas",contrall saa,,0,,0.00,
"contratacion,saas,servicio,tipos",contratacion de servicios tipo saas,,0,,0.00,
"contrato,licencia,moda,saas,software",contrato de licenciamiento de software en modo saas,,0,,0.00,
"contrato,prestacion,saas,servicio",contrato de prestación de servicios saas,,0,,0.00,
"contrato,modal,saas",contrato modalidad saas,,0,,0.00,
"contrato,saas",contrato para saas,,0,,0.00,
"colombia,contrato,saas",contrato saas colombia,,0,,0.00,
"contrato,pdf,saas",contrato saas pdf,,0,,0.00,
"contrato,saas",contrato saas que es,,0,,0.00,
"contrato,saas,servicio",contratos de servicios saas,,0,,0.00,
"contructora,corozal,m,saas",contructor en corozal m saa,,0,,0.00,
"contructora,m,saas,sincelejo",contructor en sincelejo m saa,,0,,0.00,
"conversion,saas,visiteurs",conversion visiteur saas,,0,,0.00,
"convertir,saas,srt",convert srt saa,,0,,0.00,
"coosalud,marta,saas",coosalud saa marta,,0,,0.00,
"copywriting,saas",copywriter saas,,0,,0.00,
"copywriting,saas",copywriting for saas,,0,,0.00,
"coral,saas",corales saa,,0,,0.00,
"cornerstone,saas",cornerstone saas,,0,,0.00,
"correo,saas",correa de saa,,0,,0.00,
"carlos,cordoba,corregir,saas,vereda",corregimientos y veredas de saa carlos cordoba,,0,,0.00,
"correo,distribuidora,saas,servisur",correo de distribuidora servisur saas,,0,,0.00,
"antonio,correo,felix,saas",correo felix-antonio saa,,0,,0.00,
"correo,marinella,saas,sierra",correo marinella sierra saa,,0,,0.00,
"correo,saas",correo saaa,,0,,0.00,
"cosina,saas",cosinas con saa,,0,,0.00,
"cosmos,saas,textl",cosmo textl saa,,0,,0.00,
"acquisition,cliente,company,costo,saas",cost of acquisition of client saas company,,0,,0.00,
"costo,good,saas,soldado",cost of goods sold saas,,0,,0.00,
"costo,plataforma,saas",costo plataformas saas,,0,,0.00,
"costo,saas",costo saas,,0,,0.00,
"costo,fijo,saas,variables",costos fijos y variables de una saas,,0,,0.00,
"costo,saas",costos saas,,0,,0.00,
"cota,handgun,saas",cot saa handgun,,0,,0.00,
"cout,developpement,saas",cout developpement saas,,0,,0.00,
"cpq,saas",cpq saas,,0,,0.00,
"cr,saas",cr saa,,0,,0.00,
"crank,onaga,saas,sturgeon",crank sturgeon-onager saas,,0,,0.00,
"crear,saas",cre saas,,0,,0.00,
"creacion,duvan,saas",creaciones duvar saa,,0,,0.00,
"aplicacion,crear,saas,web",crear aplicacion web saas,,0,,0.00,
"core,crear,php,saas",crear una saas core php,,0,,0.00,
"application,create,saas",create a saas application,,0,,0.00,
"b2b,create,marketing,plan,saas",creating a b2b saas marketing plan,,0,,0.00,
"business,create,saas",creating a saas business,,0,,0.00,
"crecer,saas",crecer saa,,0,,0.00,
"aplicaciones,crecimiento,saas,versus",crecimiento saas versus aplicaciones,,0,,0.00,
"aplicaciones,crecimiento,saas,software,versus",crecimiento saas versus aplicaciones software,,0,,0.00,
"aplicaciones,crecimiento,saas,vs",crecimiento saas vs aplicaciones,,0,,0.00,
"credito,pension,saas",creditos a pensionados saa,,0,,0.00,
"crema,peinados,saas",cremas para peinar saa,,0,,0.00,
"crepusculo,saas",crepusculo saa,,0,,0.00,
"cres,saas",creser saa,,0,,0.00,
"cristina,saas,valencia",cristina saa valencia,,0,,0.00,
"cristovision,saas",cristovision saa,,0,,0.00,
"croissance,saas",croissance saas,,0,,0.00,
"cronograma,pharma,saas",cronograma only pharma saa,,0,,0.00,
"cronometro,saas",cronometro de saas,,0,,0.00,
"crypto,exchange,saas",crypto exchange saas,,0,,0.00,
"creation,internet,saas,site",création de site internet saas,,0,,0.00,
"creation,saas,site,web",création de site web saas,,0,,0.00,
"creation,saas,site,vitrinas",création site vitrine saas,,0,,0.00,
"comitte,csm,saas",csm saas comittees,,0,,0.00,
"csm,saas,support,system,upgrade",csm saas systems upgrade support,,0,,0.00,
"csntante,jimi,saas",csntante jimy saa,,0,,0.00,
"040,ct,saas",ct-saa-040,,0,,0.00,
"apodos,cervantes,saas,vedra",cual es el apodo de cervantes saa vedr,,0,,0.00,
"atiempo,direccion,saas",cual es la direccion atiempo saas,,0,,0.00,
"asequimicos,mision,saas",cual es la mision de asequimicos saa,,0,,0.00,
"aplicaciones,elegantes,hosting,saas",cual hosting elegir para una aplicación saas,,0,,0.00,
"cloud,cual,plataforma,saas",cuales son las plataformas son saas cloud,,0,,0.00,
"2,actor,cuamto,mide,saas,urgencias",cuamto miden los actores de saa de urgencias 2,,0,,0.00,
"clic,derecho,doi,izquierda,menu,saas",cuando doi clic derecho saa menu de clic izquierdo,,0,,0.00,
"cobre,cuanto,jimi,saas",cuanto cobra jimy saa,,0,,0.00,
"cuanto,cuedta,saas,tabok",cuanto cuedta la saa taboke,,0,,0.00,
"adquirir,colombia,cuanto,cuesta,saas,software",cuanto cuesta adquirir el software saas en colombia,,0,,0.00,
"cuanto,cuesta,implementos,saas",cuanto cuesta implementar un saas,,0,,0.00,
"cuanto,cuesta,jimi,presentacion,saas",cuanto cuesta una presentacion de jimy saa,,0,,0.00,
"cuanto,jr,mide,saas",cuanto mide jr saa,,0,,0.00,
"cuanto,directo,mano,obra,porcentaje,saas",cuanto porcentaje se saa de mano de obra directa,,0,,0.00,
"cobre,cuenta,indu,saas,yeso",cuenta cobro indue yesid saa,,0,,0.00,
"custom,saas",custom saas,,0,,0.00,
"custom,development,saas",custom saas development,,0,,0.00,
"company,custom,development,lab,saas,software",custom software lab custom software & saas development company,,0,,0.00,
"churn,custom,saas",customer churn for saas,,0,,0.00,
"custom,feedback,saas",customer feedback saas,,0,,0.00,
"custom,onboarding,saas",customer onboarding saas,,0,,0.00,
"custom,retention,saas",customer retention for saas,,0,,0.00,
"custom,management,saas,success",customer success manager saas,,0,,0.00,
"custom,process,saas,success",customer success process saas,,0,,0.00,
"best,custom,practica,saas,success",customer success saas best practices,,0,,0.00,
"custom,metrica,saas,success",customer success saas metrics,,0,,0.00,
"custom,saas,software,success",customer success software for saas,,0,,0.00,
"custom,saas,strategy,success",customer success strategies for saas,,0,,0.00,
"actividades,como,java,saas,whattsapp",cómo activar whattsapp java saa,,0,,0.00,
"cc,dampao,saas",dampao saa de cc,,0,,0.00,
"antonio,daniel,rivera,saas",daniel antonio rivera saa,,0,,0.00,
"antonio,corfiboyaca,daniel,rivera,saas",daniel antonio rivera saa corfiboyaca,,0,,0.00,
"daniel,saas,salcedo",daniela salcedo saa,,0,,0.00,
"dario,dueño,fernando,saas",dario fernando dueñas saa,,0,,0.00,
"blog,dasheroo,quotes,saas,salespeople,set",dasheroo blog setting quotas for saas salespeople,,0,,0.00,
"0,4,dataquim,saas",dataquim saas 4.0,,0,,0.00,
"david,paredes,saas",david paredes saa,,0,,0.00,
"0,2,david,metrica,saas,skoka",david skok's saas metrics 2.0,,0,,0.00,
"davut,saas",davuta saas,,0,,0.00,
"dayana,ruiz,saas",dayana saa ruiz,,0,,0.00,
"dinero,educacion,saas",de donde se saa el dinero para la educacion,,0,,0.00,
"saas,trata",de que trata saas,,0,,0.00,
"class,dead,maria,saas",deadly class maria y saa,,0,,0.00,
"declaracion,posesion,saas",declaracion de saa posesion,,0,,0.00,
"1555,2012,declaracion,ley,posesion,saas",declaracion de saa posesion ley 1555 de 2012,,0,,0.00,
"decoracion,saas",decoracion de la saa,,0,,0.00,
"decoracion,mesa,saas",decoracion mesa de saa,,0,,0.00,
"decorar,saas",decoraciones saas,,0,,0.00,
"colombia,decorar,saas",decorando saas en colombia,,0,,0.00,
"cms,decoupling,saas",decoupled cms saas,,0,,0.00,
"decracin,saas",decracin saa,,0,,0.00,
"deeiishichyun,saas",deeiishichyun saa,,0,,0.00,
"azure,deep,saas,security",deep security saas azure,,0,,0.00,
"deferred,revenue,saas",deferred revenue saas,,0,,0.00,
"definicion,informatica,saas",definicion de saas informatica,,0,,0.00,
"demonio,saas,zaa",demonio saa zaa,,0,,0.00,
"denominacionnde,saas",denominacionnde saa,,0,,0.00,
"denomina,saas",denominación de saa,,0,,0.00,
"departamento,radiologia,saas",departamento de radiologia saa,,0,,0.00,
"departamento,ecoivera,logistica,saas",departamento logistico ecoivera saa,,0,,0.00,
"comunitaria,departamento,hector,libro,medicina,saas,universidad",departamento medicina comunitaria universidad libre hector saa,,0,,0.00,
"departamento,familia,hector,libro,medicina,saas,universidad",departamento medicina familiar universidad libre hector saa,,0,,0.00,
"departametno,familia,hector,libro,medicina,saas,universidad",departametno medicina familiar universidad libre hector saa,,0,,0.00,
"automation,cherwell,deploy,process,saas,service",deploy automation process service saas cherwell,,0,,0.00,
"colombiano,constitucion,derecho,ernesto,saas,velasco",derecho constitucional colombiano ernesto saa velasco,,0,,0.00,
"colombiano,constitucion,derecho,ernesto,pdf,saas,velasco",derecho constitucional colombiano ernesto saa velasco pdf,,0,,0.00,
"derecho,saas,vet",derecho de veta en saas,,0,,0.00,
"desarrollo,saas,servicio,software",desarrollando software como servicio saas,,0,,0.00,
"armando,desarrollo,descargar,fox,saas,servicio,software",desarrollando software como servicio saas armando fox descargar,,0,,0.00,
"armando,desarrollo,fox,pdf,saas,servicio,software",desarrollando software como servicio saas armando fox pdf,,0,,0.00,
"desarrollo,patterson,pdf,saas,servicio,software",desarrollando software como servicio saas patterson pdf,,0,,0.00,
"desarrollo,pdf,saas,servicio,software",desarrollando software como servicio saas pdf,,0,,0.00,
"desarrollo,saas",desarrollar un saas,,0,,0.00,
"desarrollo,pdf,saas,sistema",desarrollo de sistemas saas pdf,,0,,0.00,
"desarrollo,saas,sw",desarrollo sw saas,,0,,0.00,
"adrea,descargar,saas",descarga saa adrea,,0,,0.00,
"descargar,discografia,mariana,saas",descargar discografia mariana saa,,0,,0.00,
"crepusculo,descargar,saas",descargar la saa crepusculo,,0,,0.00,
"condominio,descargar,gestion,plataforma,saas",descargar plataforma saas de gestión de condominios,,0,,0.00,
"descargar,libro,saas",descargar saa libre,,0,,0.00,
"alto,camino,descargar,junior,saas",descargar un alto en el camino junior saa,,0,,0.00,
"cancion,descargar,levantamiento,saas,voy",descargar voy a levantarme cancion de saa,,0,,0.00,
"condominio,descargarplataforma,gestion,saas",descargarplataforma saas de gestión de condominios,,0,,0.00,
"desprendible,eficol,saas",desprendible eficol saas,,0,,0.00,
"destilada,drk,saas",destilería drk saa,,0,,0.00,
"desventajas,saas,software",desventajas de software saas,,0,,0.00,
"detalles,saas",detalle de saas,,0,,0.00,
"development,marketing,plan,saas",developing a saas marketing plan,,0,,0.00,
"dia,saas",dia de saa,,0,,0.00,
"dia,saas,valentina",dia saa valentin,,0,,0.00,
"diagrama,saas",diagrama de saas,,0,,0.00,
"diagrama,saas,topologia",diagrama topologia saas,,0,,0.00,
"diamante,saas",diamante saas,,0,,0.00,
"dian,ruta,saas",dian saas rut,,0,,0.00,
"caicedo,dian,patricia,saas",diana patricia caicedo saa,,0,,0.00,
"caicedo,dian,facebook,patricia,saas",diana patricia caicedo saa facebook,,0,,0.00,
"diario,saas",diario saa,,0,,0.00,
"colorear,dibjospara,saas",dibjospara colorear de una saa,,0,,0.00,
"dibujos,modelo,saas",dibujo de modelo saas,,0,,0.00,
"dibujos,saas",dibujo de saa,,0,,0.00,
"dibujos,saas",dibujo what saao,,0,,0.00,
"colorear,como,dibujos,facil,saas",dibujos de la comida saa faciles para colorear,,0,,0.00,
"dibujos,futbol,paso,saas",dibujos de pase de futbol saa,,0,,0.00,
"dibujos,saas",dibujos de saa,,0,,0.00,
"colorear,dibujos,saas",dibujos para colorear de una saa,,0,,0.00,
"diccionario,saas",diccionario saa,,0,,0.00,
"alejandro,diego,huerta,saas",diego alejandro huertas saa,,0,,0.00,
"diego,saas,salazar",diego salazar saa,,0,,0.00,
"basquetbol,dieta,saas",dieta saa para basquetbolistas,,0,,0.00,
"diferencia,lasso,pass,saas,tree",diferencia en tre saas lass pass,,0,,0.00,
"diferencia,saas,sga",diferencia entre saa y sga,,0,,0.00,
"cloud,diferencia,saas",diferencia entre saas y cloud,,0,,0.00,
"diferencia,saas,sacar",diferencia entre sac y saa,,0,,0.00,
"diferencia,paa,saas",diferencias entre paas y saas,,0,,0.00,
"cloud,computador,diferencia,saas",diferencias entre saas y cloud computing,,0,,0.00,
"css3,diferencia,saas",diferencias entre saas y css3,,0,,0.00,
"cloud,difference,saas",difference between saas and cloud,,0,,0.00,
"difference,license,saas,software",difference between saas and software license,,0,,0.00,
"difference,paa,saas",difference paas and saas,,0,,0.00,
"ad,digital,saas,spend",digital ad spend in the us by saas,,0,,0.00,
"advertising,digital,saas",digital advertising for saas,,0,,0.00,
"advertising,digital,saas,strategy",digital advertising strategy for saas,,0,,0.00,
"asset,digital,management,saas",digital asset management saas,,0,,0.00,
"digital,dj,saas",digital dj saa,,0,,0.00,
"company,digital,marketing,saas",digital marketing for saas companies,,0,,0.00,
"digital,marketing,saas,strategy",digital marketing strategy for saas,,0,,0.00,
"company,digital,saas,strategy",digital strategy for saas company,,0,,0.00,
"digital,saas,workplace",digital workplace saas,,0,,0.00,
"charlie,diga,saas",digo yo charlie saa,,0,,0.00,
"bta,dijon,saas",dijon bta saas,,0,,0.00,
"arc,din,saas",dina arce saa,,0,,0.00,
"1113658067,arc,din,saas",dina arce saa 1113658067,,0,,0.00,
"658067,arc,din,saas",dina arce saa 658067,,0,,0.00,
"arc,dinancela,saas",dinancela arce saa,,0,,0.00,
"dioses,saas,vida",dioses de la vida saa,,0,,0.00,
"2016,andres,diosese,nobiembre,providencia,saas",diosesos saa andres y providencia nobiembre de 2016,,0,,0.00,
"almacenes,bogota,direccion,exito,saas",direccion de almacenes éxito saa en bogota,,0,,0.00,
"direccion,punto,rta,saas,taxi",direccion de rta punto taxi saa,,0,,0.00,
"bogota,direccion,eps,saas",direccion de saas eps en bogota,,0,,0.00,
"direccion,nova,saas,tic",direccion de tic nova saa,,0,,0.00,
"direccion,jd,marketing,saas",direccion jd market saas,,0,,0.00,
"direccion,pereira,saas,sisben",direccion para saa el sisben en pereira,,0,,0.00,
"alquiza,direccion,saas,telefono",direccion y telefono alquizer saa,,0,,0.00,
"directo,saas,sello",direct selling saas,,0,,0.00,
"disaster,plan,recovery,saas",disaster recovery plan saas,,0,,0.00,
"disco,duro,saas",disco duro saa,,0,,0.00,
"128gb,disco,saas,solo",disco estado solido 128gb saa,,0,,0.00,
"disco,saas",discos saa,,0,,0.00,
"charles,discoteca,saas",discoteca charl saa,,0,,0.00,
"discount,example,prepara,saas",discount prepaid saas examples,,0,,0.00,
"concreto,diseño,saas",diseño y concretos saas,,0,,0.00,
"comedor,diseño,divide,dribol,saas",diseños para dividir saa comedor con dribol,,0,,0.00,
"distribution,saas",distributed saas,,0,,0.00,
"distribución,saas",distribuyamos saa,,0,,0.00,
"diujos,modelo,saas",diujo de modelo saas,,0,,0.00,
"diy,saas",diy saas,,0,,0.00,
"diy,español,saas",diy saas en español,,0,,0.00,
"dna,focus,saas",dna saa focus,,0,,0.00,
"bubble,emergency,existen,marketing,r,rational,saas",do rational bubbles exist in emerging markets of saa r,,0,,0.00,
"2017,charlie,colombia,doble,llama,saas",doble charlie saa en yo me llamo 2017 colombia,,0,,0.00,
"alfredo,doctor,saas",doctor alfredo saa,,0,,0.00,
"doctor,german,rueda,saas",doctor german rueda saa,,0,,0.00,
"docuware,saas",docuware saas,,0,,0.00,
"bar,domo,fee,saas",dom bar saas fee,,0,,0.00,
"domain,ideas,saas",domain ideas for saas,,0,,0.00,
"ciccio,don,fee,saas",don ciccio saas fee,,0,,0.00,
"char,empezar,saas",donde empezo charly saa,,0,,0.00,
saas,donde saa,,0,,0.00,
saas,donde se saa,,0,,0.00,
"impuesto,registro,saas",donde se saa el registro de impuestos,,0,,0.00,
"lakron,prince,saas,ver",donde ver lakron the saa princes,,0,,0.00,
"cali,dorado,saas",dor saa cali,,0,,0.00,
"dorama,generator,saas",doramas saa generation,,0,,0.00,
"alberto,dr,saas",dr alberto saa,,0,,0.00,
"alejandro,consultorio,dr,guevara,saas",dr alejandro guevara saa consultorio,,0,,0.00,
"dr,eduardo,saas",dr eduardo saa,,0,,0.00,
"cali,clinica,dr,eduardo,farallones,saas",dr eduardo saa clinica farallones cali,,0,,0.00,
"dr,eduardo,ginecologo,jorge,saas",dr jorge eduardo saa ginecologo,,0,,0.00,
"dr,eduardo,jorge,madriñan,saas",dr jorge eduardo saa madriñan,,0,,0.00,
"cali,dr,saas",dr saa cali,,0,,0.00,
"905,clinica,consultorio,dr,farallones,saas",dr saa clinica farallones consultorio 905,,0,,0.00,
"cirujano,dr,plastico,saas,salim",dr saa salim cirujano plastico,,0,,0.00,
"cirujano,dr,oficial,pagina,plastico,saas,salim",dr saa salim cirujano plastico pagina oficial,,0,,0.00,
"ball,campo,dragon,saas,super",dragon ball super saa campa,,0,,0.00,
"ball,buu,dragon,kai,saas,z",dragon ball z kai buu saa,,0,,0.00,
"ball,draon,nueva,saas,super,tendra",draon ball supoer no tendra nueva saa,,0,,0.00,
"713,drivers,encore,saas",drivers encore saa 713,,0,,0.00,
"7135,card,drivers,saas,tarjeta,tv",drivers para tarjeta de tv saa 7135 tv card,,0,,0.00,
"713ohl,drivers,saas",drivers saa 713ohl,,0,,0.00,
"713xx,drivers,saas",drivers saa 713xx,,0,,0.00,
"drm,saas",drm saas,,0,,0.00,
"azure,drupal,saas",drupal saas azure,,0,,0.00,
"duflo,saas",duflo saas,,0,,0.00,
"dun,energia,saas",dunas energia saa,,0,,0.00,
"duracon,saas",duracón saa,,0,,0.00,
"broadcom,como,dxc,dxy,na1,saas",dxc.dxi-na1.saas.broadcom.com,,0,,0.00,
"dymedic,saas",dymedic saa,,0,,0.00,
"dynamic,saas",dynamics saas,,0,,0.00,
"application,dynatrace,monitor,saas",dynatrace application monitoring saas,,0,,0.00,
"dynatrace,login,saas",dynatrace login saas,,0,,0.00,
"architecture,dynatrace,saas",dynatrace saas architecture,,0,,0.00,
"dynatrace,management,saas,vs",dynatrace saas vs managed,,0,,0.00,
"détection,fraude,saas",détection fraude saas,,0,,0.00,
"développement,logiciel,saas",développement logiciel saas,,0,,0.00,
"76,développement,saas",développement saaas 76,,0,,0.00,
"développement,saas",développement saas,,0,,0.00,
"application,developpement,saas,une",développer une application saas,,0,,0.00,
"easyengine,saas",easyengine saas,,0,,0.00,
"eaxamples,saas",eaxamples of saas,,0,,0.00,
"ecoeficiencia,saas",ecoeficiencia saa,,0,,0.00,
"ecommerce,modelo,saas",ecommerce saas model,,0,,0.00,
"alberto,edad,rodriguez,saas",edad de alberto rodriguez saa,,0,,0.00,
"edegel,saas",edegel saa,,0,,0.00,
"edi,saas",edi in saas,,0,,0.00,
"edicion,especial,saas",edicion especial saas,,0,,0.00,
"ediscovery,saas",ediscovery saas,,0,,0.00,
"editeur,logiciel,saas",editeur de logiciel saas,,0,,0.00,
"editeur,itsm,logiciel,saas",editeur logiciel saas itsm,,0,,0.00,
"editeur,saas",editeur saas,,0,,0.00,
"argentina,camaño,eduador,presidente,saas",eduador camaño saa presidente de argentina,,0,,0.00,
"argentina,dualde,eduador,presidente,saas",eduador dualde saa presidente de argentina,,0,,0.00,
"alaverz,eduardo,saas",eduardo alaverz saa,,0,,0.00,
"bennett,colegio,eduardo,saas",eduardo saa colegio bennett,,0,,0.00,
"eduardo,engrosat,pene,saas",eduardo saa engrosat el pene,,0,,0.00,
"aque,eduardo,engrosat,pene,saas",eduardo saa engrosat el pene aqua,,0,,0.00,
"educasalud,saas",educasalud saa,,0,,0.00,
"company,educativa,saas",education saas companies,,0,,0.00,
"acta,constitucion,ejemplos,empresa,saas",ejemplo de acta de constitucion de una empresa saas,,0,,0.00,
"ejemplos,empresa,presentacion,saas",ejemplo presentacion de una empresa saa s.a.s,,0,,0.00,
"aplicaciones,ejemplos,saas",ejemplos aplicaciones saas,,0,,0.00,
"ejemplos,negocio,saas",ejemplos de negocios saas,,0,,0.00,
"cloud,ejemplos,plataforma,saas",ejemplos de plataformas saas cloud,,0,,0.00,
"ejemplos,saas,service,software",ejemplos de software as a service saas,,0,,0.00,
"actual,saas",el actual saa,,0,,0.00,
"actual,agroalimentaria,saas,sistema",el actual saa sistema agroalimentario actual,,0,,0.00,
"chavo,saas",el chavo del saas,,0,,0.00,
"cine,convivencia,metodo,saas",el cine como metodo para la saa convivencia,,0,,0.00,
"concepto,saas,service,software",el concepto de saas software as a service,,0,,0.00,
"dorado,saas",el dorado saa,,0,,0.00,
"saas,velasco",el estado saa velasco,,0,,0.00,
"araña,hombre,saas",el hombre araña i el saa,,0,,0.00,
"araña,español,hombre,saas",el hombre araña i el saa en español,,0,,0.00,
"huila,jose,saas",el huila saaan jose,,0,,0.00,
"ingeniería,saas",el ingenio saa,,0,,0.00,
"juegos,saas",el juego de saa,,0,,0.00,
"mago,saas",el mago saa,,0,,0.00,
"modelo,saas",el modelo saas,,0,,0.00,
"modelo,paa,saas",el modelo saas o paas,,0,,0.00,
"araña,onbre,saas",el onbre araña i el saa,,0,,0.00,
"araña,enespaña,onbre,saas",el onbre araña i el saa enespaño,,0,,0.00,
"ana,enespañol,saas",el saa i ana enespañol,,0,,0.00,
"araña,feegos,onbre,saas",el saa i el onbre araña feegan,,0,,0.00,
"ian,juegos,saas",el saa iana juegan,,0,,0.00,
"araña,hombre,saas",el saa y el hombre araña,,0,,0.00,
"araña,onbre,saas",el saa y el onbre araña,,0,,0.00,
"araña,onmbre,saas",el saa y el onmbre araña,,0,,0.00,
"araña,berdat,onmbre,saas",el saa y el onmbre araña de berdat,,0,,0.00,
"araña,berdat,onmbre,saas,videos",el saa y el onmbre araña de berdat en videos,,0,,0.00,
saas,el saaa,,0,,0.00,
"capital,enrique,saas,señor,tulio,vuelos",el señor capitan de vuelo tulio enrique saa,,0,,0.00,
"capital,saas,señor,tulio,vuelos",el señor capitan de vuelo tulio saa,,0,,0.00,
"chucho,saas,tarro",el tarro se saa la chucha,,0,,0.00,
"elc,nit,saas",elc saas nit,,0,,0.00,
"electrica,pune,saas",electro puno saa,,0,,0.00,
"canaro,electronica,saas",electrónicas canare saa,,0,,0.00,
"elevado,saas",elevate saas,,0,,0.00,
"attachment,email,saas",email attachment saas,,0,,0.00,
"communication,email,international,saas",email internal communication saas,,0,,0.00,
"comparison,email,marketing,saas",email marketing saas comparison,,0,,0.00,
"d,email,essai,periodo,saas",emails période d'essai saas,,0,,0.00,
"diaz,emerson,futbol,saas",emerson diaz saa futbolista,,0,,0.00,
"emiliano,saas",emiliano saa,,0,,0.00,
"emma,perea,saas",emma saa perea,,0,,0.00,
"emma,perez,saas",emma saa pereza,,0,,0.00,
"empleo,saas",empleo saa,,0,,0.00,
"empresa,pulpo,saas",empresa de pulpas saas,,0,,0.00,
"colombia,empresa,saas",empresa saas de colombia,,0,,0.00,
"cerrado,empresa,mineral,saas,sociedad,verde",empresa sociedad minera cerro verde saa,,0,,0.00,
"andina,cemento,empresa,saas,unacem,union",empresa union andina de cementos saa unacem saa,,0,,0.00,
"alias,empresa,lite,saas",empresas aliadas a lito saas,,0,,0.00,
"cloud,colombia,computador,empresa,saas",empresas cloud computing saas en colombia,,0,,0.00,
"empresa,enviar,saas,usan",empresas de envios que usan saas,,0,,0.00,
"empresa,ofrece,saas",empresas que ofrecen saas,,0,,0.00,
"empuje,futbol,saas",empujar en futbol saas,,0,,0.00,
"empuje,futbol,n,saas",empujar n futbol saas,,0,,0.00,
"jerga,popular,saas",en la jerga popular qué es saa,,0,,0.00,
"ambientales,presasa,saas",en presasa ambientales saa,,0,,0.00,
"consiste,saas",en que consiste el saas,,0,,0.00,
"saas,unta",en saa unta,,0,,0.00,
"modelo,saas",en un modelo de saas,,0,,0.00,
"7130hl,encore,saas,software,windows,xp",encore saa 7130hl software windows xp,,0,,0.00,
"endpoint,management,saas",endpoint management saas,,0,,0.00,
"enfasis,ie,liceo,saas",enfasis de ied liceo el saa,,0,,0.00,
"charlie,enfermedad,saas",enfermedad de charlie saa,,0,,0.00,
"enfria,saas",enfriar saa,,0,,0.00,
"enterprise,management,saas",enterprise saas management,,0,,0.00,
"enterprise,marketing,saas",enterprise saas marketing,,0,,0.00,
"enterprise,marketing,saas,strategy",enterprise saas marketing strategy,,0,,0.00,
"enterprise,modelo,pricing,saas",enterprise saas pricing models,,0,,0.00,
"enterprise,saas,sale",enterprise saas sales,,0,,0.00,
"enterprise,saas,seo",enterprise saas seo,,0,,0.00,
"enterprise,saas,vs",enterprise vs saas,,0,,0.00,
"amor,entonces,jimi,saas",entonces que my amor jimy saa,,0,,0.00,
"adolescentes,convivencia,entorno,espectador,niños,saas",entornos de saa convivencia para niños y adolescentes el espectador,,0,,0.00,
"entrega,modelo,saas,sistema",entregables en el modelado de un sistemas saas,,0,,0.00,
"colombia,entrega,saas",entregas colombia saas,,0,,0.00,
"entreprise,saas",entreprise saas,,0,,0.00,
"enviar,saas",envia saa,,0,,0.00,
"arte,epix,saas",epix arts saas,,0,,0.00,
"eps,saas",eps saas,,0,,0.00,
"eris,saas",eri saa,,0,,0.00,
"biografia,ernesto,saas,velasco",ernesto saa velasco biografia,,0,,0.00,
"constitucion,ernesto,pensamiento,saas,velasco",ernesto saa velasco constitucion pensamiento,,0,,0.00,
"ernesto,libro,resumen,saas,velasco",ernesto saa velasco resumen de libros,,0,,0.00,
"colombiano,constitucion,ernesto,saas,teoria,velasco",ernesto saa velasco teoria constitucional colombiana,,0,,0.00,
"colombiano,constitucion,ernesto,pdf,saas,teoria,velasco",ernesto saa velasco teoria constitucional colombiano pdf,,0,,0.00,
"company,erp,saas",erp for saas companies,,0,,0.00,
"erp,modal,saas",erp modalidad saas,,0,,0.00,
"erp,moda,saas",erp mode saas,,0,,0.00,
"argentina,erp,saas",erp saas argentina,,0,,0.00,
"colombia,erp,saas",erp saas en colombia,,0,,0.00,
"erp,pme,saas",erp saas pme,,0,,0.00,
"ae,erwin,saas",erwin ae saas,,0,,0.00,
"cuerpo,rodriguez,saas,saber,viernes",es viernes y el cuerpo lo sabe rodriguez saa,,0,,0.00,
"1,esart,joy,saas",esart joya saa 1,,0,,0.00,
"academico,escala,estrés,saas",escala estrés académico saas,,0,,0.00,
"academico,escala,estrés,evaluación,saas",escala para evaluar el estrés académico saas,,0,,0.00,
"escala,saas",escala saa,,0,,0.00,
"aplicacion,escala,saas,web",escalar aplicacion web saas,,0,,0.00,
"empresa,escritura,publico,saas",escritura publica de una empresa saa,,0,,0.00,
"agreement,escrow,saas",escrow agreement for saas,,0,,0.00,
"escudo,saas",escudo de los saa,,0,,0.00,
"escudo,saas",escudo de saa,,0,,0.00,
"eskin,gta,mercenarios,pc,saas",eskin de mercenarios gta saa pc,,0,,0.00,
"eskin,gta,jugernau,mercenarios,pc,saas",eskin de mercenarios gta saa pc con jugernau,,0,,0.00,
"especialente,saas",especialente saas,,0,,0.00,
"especiales,saas",especialmente saa,,0,,0.00,
"esposa,jimi,saas",esposa de jimy saa,,0,,0.00,
"esqui,fee,saas",esquiar en saas fee,,0,,0.00,
"an,atencion,saas,solucion",estado de ans de atencion soluciones saas,,0,,0.00,
"financieros,ipanema,saas",estados financieros ipanema saas,,0,,0.00,
"an,atencio,estadra,n,saas,solucion",estadra de ans de atencio n soluciones saas,,0,,0.00,
"an,atencion,estandar,saas,solucion",estandar ans de atencion soluciones saas,,0,,0.00,
"compañia,crear,estatuto,saas",estatutos para crear una compañia saa,,0,,0.00,
"estibol,saas",estibol saa,,0,,0.00,
"estrategias,saas,software,vender",estrategia para vender un software saas,,0,,0.00,
"estrategias,network,saas",estrategias de networking para saas,,0,,0.00,
"estrategias,saas",estrategias para saas,,0,,0.00,
"3d,estructura,saas",estructura 3d de una saa,,0,,0.00,
"estructura,saas",estructura saas,,0,,0.00,
"estudio,moda,saas,trabajo",estudio de moda saa trabajo,,0,,0.00,
"estudoio,moda,saas,trabajo",estudoi de moda saa trabajo,,0,,0.00,
"cuadrilla,etrategias,saas",etrategias de las cuadrillas de saa,,0,,0.00,
"etrm,saas",etrm saas,,0,,0.00,
"euro,food,importancia,saas",euro food import saa,,0,,0.00,
"eventos,management,saas",event management saas,,0,,0.00,
"eventos,network,saas",eventos networking para saas,,0,,0.00,
"2019,eventos,network,saas",eventos networking para saas 2019,,0,,0.00,
"everyday,saas",everyday saas,,0,,0.00,
"evolucion,saas,software",evolucion del software saas,,0,,0.00,
"evolution,saas",evolution of saas,,0,,0.00,
"example,premisas,saas,sap,service,software,versus",example sap on-premise versus software as a service saas,,0,,0.00,
"excension,iva,saas",excension de iva saas,,0,,0.00,
"exemple,inbound,marketing,saas",exemple inbound marketing saas,,0,,0.00,
"exemple,land,pago,saas",exemple landing page saas,,0,,0.00,
"exemple,pago,pricing,saas",exemple page pricing saas,,0,,0.00,
"continuo,exemple,optimisation,saas",exemples optimisation continue saas,,0,,0.00,
"existen,office,opciones,saas,world",existe opción saas para world office,,0,,0.00,
"bolero,char,exito,saas",exitos boleros charli saa,,0,,0.00,
"char,exito,saas",exitos de charli saa,,0,,0.00,
"cristina,expediente,jihad,saas,valencia",expediente de jihan cristina saa valencia,,0,,0.00,
"cristina,expediente,johan,saas,valencia",expediente de johan cristina saa valencia,,0,,0.00,
"expert,saas",expert saas,,0,,0.00,
"agregar,boqueron,explotación,saas,transporte",explotaciones y transportadora de agregados boqueron saas,,0,,0.00,
"exposed,saas",expose saa,,0,,0.00,
"expresion,saas,sabana,tiquetes",expreso de la sabana saa tiquetes,,0,,0.00,
"express,logistica,saas",express logistica saas,,0,,0.00,
"archivo,extension,saas",extension archivos saas,,0,,0.00,
"donkey,extreme,girl,ladyboy,saas",extreme ladyboys saa donkey girl,,0,,0.00,
"donkey,extreme,girl,ladyboy,saas,torrent",extreme ladyboys saa donkey girl torrent,,0,,0.00,
"book,buscar,edwin,face,saas",face book busco a edwin saa,,0,,0.00,
"ad,company,facebook,saas",facebook ads for saas companies,,0,,0.00,
"carolina,colombia,factura,norte,saas,servicio",facturar servicios saas de colombia a carolina del norte,,0,,0.00,
"fahijat,saas",fahijat saa,,0,,0.00,
"falso,piloto,saas",falso piloto de saa,,0,,0.00,
"correo,familia,saas",familia correa de saa,,0,,0.00,
"familia,rodriguez,saas",familia rodriguez saa,,0,,0.00,
"cali,familia,saas",familia saa cali,,0,,0.00,
"colombia,familia,saas",familia saa colombia,,0,,0.00,
"familia,palmira,saas",familia saa palmira,,0,,0.00,
"famous,metrica,saas",famous saas metrics,,0,,0.00,
"fantel,saas",fantel saa,,0,,0.00,
"actividades,farmacos,modificar,saas",farmacos que modifican la actividad del saa,,0,,0.00,
"fastest,grow,saas,startup",fastest growing saas startups,,0,,0.00,
"back,fat,ride,saas",fat saa ride back,,0,,0.00,
"fc,fee,saas",fc saas fee,,0,,0.00,
"fcr,saas",fcr saa,,0,,0.00,
"alegria,fe,saas,siete",fe y alegria siet saas,,0,,0.00,
"characteristics,features,saas",features and characteristics of saas,,0,,0.00,
"borja,felix,orlando,saas",felix orlando saa borja,,0,,0.00,
"botero,fernando,saas",fernando botero quien es saa,,0,,0.00,
"ferremoor,saas",ferremoor saa,,0,,0.00,
"ferremor,saas",ferremor saa,,0,,0.00,
"fhx,saas",fhx saas,,0,,0.00,
"consultorio,ficont,integral,saas",ficont consultoria integral saa,,0,,0.00,
"central,fiduciaria,saas",fiduciaria central saa,,0,,0.00,
"digitalware,fiduprevisora,saas",fiduprevisora digitalware saas,,0,,0.00,
"8080,digitalware,fiduprevisora,saas,site",fiduprevisora digitalware saas 8080 site,,0,,0.00,
"field,management,saas,service",field service management saas,,0,,0.00,
"field,management,saas,service,software",field service management software saas,,0,,0.00,
"asosiados,fim,saas",fim asosiados saa,,0,,0.00,
"department,financiera,saas,software",finance department software saas,,0,,0.00,
"development,financiera,saas",finance saas developers,,0,,0.00,
"educativa,financial,saas",financial education saas,,0,,0.00,
"financial,management,saas",financial management saas,,0,,0.00,
"242m,financial,saas,slack",financial saas slack 242m,,0,,0.00,
"242m,financial,saas,slack,yoyclayton",financial saas slack 242m yoyclayton,,0,,0.00,
"financial,saas,slack,yoyclayton",financial saas slack yoyclayton,,0,,0.00,
"find,mentor,saas",find a mentor saas,,0,,0.00,
"fernando,firma,saas",firma fernando saa,,0,,0.00,
"fleet,management,saas",fleet management saas,,0,,0.00,
"flexicol,saas",flexicol saa,,0,,0.00,
"flypus,saas",flypus saas,,0,,0.00,
"delivery,food,saas",food delivery saas,,0,,0.00,
"food,saas,safety",food safety saas,,0,,0.00,
"forecast,saas",forecast saas,,0,,0.00,
"capital,d,forma,pago,saas,terminal",formas y terminos d pago de capital de saa,,0,,0.00,
"2019,educacion,formato,saas,secretaria",formato secretaria de educacion saa 2019,,0,,0.00,
"formulacion,proyecto,saas",formulacion de proyectos saas,,0,,0.00,
"formulaire,inscription,saas",formulaire saas inscription,,0,,0.00,
"2019,formulario,saas",formulario saa 2019,,0,,0.00,
"forticasb,saas,service",forticasb saas only service,,0,,0.00,
"fortimail,saas",fortimail saas,,0,,0.00,
"cristina,fotos,saas,valencia",foto cristina saa valencia,,0,,0.00,
"cristina,fotos,jihad,saas,valencia",foto jihan cristina saa valencia,,0,,0.00,
"buenaventura,comunidad,cristina,fotos,jihad,negro,saas,valencia",foto jihan cristina saa valencia comunidades negras buenaventura,,0,,0.00,
"fotografia,saas",fotografias saa,,0,,0.00,
"candelaria,fotos,juliana,paz,saas,valle",fotos de juliana saa paz candelaria valle,,0,,0.00,
"constructora,dueño,fotos,palacio,saas",fotos de los dueños de constructora palacio saa,,0,,0.00,
"fotos,orlowx,saas",fotos saa orlowx,,0,,0.00,
"fotografía,isa,saas",fotógrafa isa saa,,0,,0.00,
"alguien,ara,decir,fraces,saas,tan",fraces ara decirle a alguien que no sea tan saa,,0,,0.00,
"cervantes,fraces,miguel,saas",fraces de miguel de cervantes saa,,0,,0.00,
"framework,php,saas",framework php para saas,,0,,0.00,
"edith,francia,saas",francia edith saa,,0,,0.00,
"edith,francia,rivillas,saas",francia edith saa rivillas,,0,,0.00,
"andres,antonio,francisco,mosquera,saas",francisco antonio de mosquera y andres saa,,0,,0.00,
"francisco,miranda,saas",francisco saa de miranda,,0,,0.00,
"alex,francisco,miranda,saas",francisco saa de miranda alexo,,0,,0.00,
"alex,fabula,francisco,miranda,mondego,saas",francisco saa de miranda alexo y su fábula de mondego,,0,,0.00,
"francisco,miranda,obra,saas",francisco saa de miranda obras,,0,,0.00,
"francisco,river,saas",francisco saa rivas,,0,,0.00,
"arc,francia,nelly,saas",francy nelly saa arce,,0,,0.00,
"francia,saas",francy saa,,0,,0.00,
"fransisco,river,saas",fransisco saa rivas,,0,,0.00,
"cervantes,frases,miguel,saas",frases de miguel de cervantes saa,,0,,0.00,
"frases,saas",frases saa,,0,,0.00,
"freddy,morales,saas",freddy morales saa,,0,,0.00,
"fredy,morales,oswaldo,saas",fredy oswaldo morales saa,,0,,0.00,
"freelance,saas,write",freelance writer saas,,0,,0.00,
"freight,saas",freight saas,,0,,0.00,
"end,front,saas",front-end in saas,,0,,0.00,
"bvcffffhjulpg,frya,gfçdçsseqqq,saas",frya bvcffffhjulpg gfçdçsseqqq saas,,0,,0.00,
"barranquilla,fuad,halcon,jet,saas",fuad saaed barranquilla halcones jet,,0,,0.00,
"cloud,computador,forma,full,saas",full form saas cloud computing,,0,,0.00,
"full,monitor,saas,stack",full stack monitoring saas,,0,,0.00,
"fundacion,saas,universitaria",fundacion universitaria saa,,0,,0.00,
"admisiones,fundacion,saas,universitaria",fundacion universitaria saa admisiones,,0,,0.00,
"funeraria,reorden,saas",funeraria reordar saa,,0,,0.00,
"dibujos,futbol,saas",futbol saa dibujos,,0,,0.00,
"dibujos,futbol,saas",futbol saa dibujos para dibujar,,0,,0.00,
"futbol,saas",futbolo saa,,0,,0.00,
"fya,saas,siete",fya saas siet,,0,,0.00,
"g,loyrettttttttdpígr,saas",g loyrettttttttdpígr saa,,0,,0.00,
"g,miracle,saas",g miracle saas,,0,,0.00,
"g,mirala,saas",g mirale saas,,0,,0.00,
"galindres,gerson,saas",galindres saa gerson,,0,,0.00,
"gantt,saas",gantt saas,,0,,0.00,
"gartner,quadrant,saas",gartner quadrant saas,,0,,0.00,
"gartner,marketing,saas",gartner saas market,,0,,0.00,
"gastroped,saas",gastroped saa,,0,,0.00,
"gay,saas,sexo,suck,videos",gay saa suck videos sex,,0,,0.00,
"b2b,gdpr,saas",gdpr b2b saas,,0,,0.00,
"gdpr,provider,saas",gdpr for saas providers,,0,,0.00,
"gdpr,saas",gdpr saas,,0,,0.00,
"gdpr,provider,saas",gdpr saas providers,,0,,0.00,
"ged,saas",ged saas,,0,,0.00,
"genaro,granja,saas",genaro saa granja,,0,,0.00,
"caribe,genero,industriales,saas",generados industriales del caribe saa,,0,,0.00,
"003,51688,genuine,honda,saas",genuine honda 51688-saa-003,,0,,0.00,
"geodynamics,saas",geodynamics saa,,0,,0.00,
"geoflora,saas",geoflora saas,,0,,0.00,
"geovoladuras,saas",geovoladuras saas,,0,,0.00,
"german,horacio,rueda,saas",german horacio rueda saa,,0,,0.00,
"german,rueda,saas",german rueda saa,,0,,0.00,
"colombia,german,nacional,rueda,saas,universidad",german rueda saa universidad nacional de colombia,,0,,0.00,
"german,saas",german saa,,0,,0.00,
"galindres,gerson,saas,vladimir",gerson vladimir galindres-saa,,0,,0.00,
"frais,gestion,not,saas",gestion de notes de frais saas,,0,,0.00,
"gestion,pmbok,proyecto,saas,software,solucion",gestion de proyectos pmbok soluciones software saas,,0,,0.00,
"filetype,gestion,pdf,pmbok,proyecto,saas,software,solucion",gestion de proyectos pmbok soluciones software saas filetype pdf,,0,,0.00,
"filetype,gestion,pmbok,ppt,proyecto,saas,software,solucion",gestion de proyectos pmbok soluciones software saas filetype ppt,,0,,0.00,
"gestion,profesional,saas",gestion profesional saa,,0,,0.00,
"gestion,saas",gestion saas,,0,,0.00,
"gestion,saas",gestion saas s.a.s,,0,,0.00,
"gfl,saas,wiki",gfl wiki saa,,0,,0.00,
"gia,saas",gia saas,,0,,0.00,
"gilberto,ingeniero,saas",gilberto saa ingeniero,,0,,0.00,
"cali,clinica,farallones,ginecologo,saas",ginecologo saa clinica farallones cali,,0,,0.00,
"facebook,gandini,giovanna,saas",giovanna gandini gandini saa facebook,,0,,0.00,
"amarillo,gandini,giovanna,pagina,saas",giovanna gandini gandini saa paginas amarillas,,0,,0.00,
"giro,saas",gira saas,,0,,0.00,
"github,saas",github is saas,,0,,0.00,
"gloriana,saas",gloriana saa,,0,,0.00,
"driver,gmail,google,saas",gmail and google drive saas,,0,,0.00,
"gmirañe,saas",gmirañe saas,,0,,0.00,
"gmovil,saas",gmovil saa,,0,,0.00,
"gmovil,saas",gmovil saas,,0,,0.00,
"go,marketing,saas,software",go to market en software en saas,,0,,0.00,
"go,marketing,plan,saas",go to market plan saas,,0,,0.00,
"b2b,go,marketing,saas,strategy",go to market strategy for b2b saas,,0,,0.00,
"b2b,company,go,marketing,saas,strategy",go to market strategy for b2b saas companies,,0,,0.00,
"b2b,company,go,marketing,saas,strategy",go to market strategy for b2b saas company,,0,,0.00,
"go,marketing,plan,saas",go to marketing plan saas,,0,,0.00,
"b2b,company,go,marketing,saas,strategy",go to-market strategies for b2b saas companies,,0,,0.00,
"gobernacion,saas,valle",gobernacion del valle saa,,0,,0.00,
"ball,dragon,goku,saas,super",goku dragon ball super saaan,,0,,0.00,
"gol,mrls,saas",golan mrls saa,,0,,0.00,
"gold,rh,saas",gold rh saa,,0,,0.00,
"analytics,google,saas",google analytics saas,,0,,0.00,
"app,google,saas",google apps saas,,0,,0.00,
"app,google,paa,saas",google apps saas or paas,,0,,0.00,
"doc,google,saas",google doc es saas,,0,,0.00,
"definicion,doc,google,saas",google docs definicion saas,,0,,0.00,
"doc,documentos,ejemplos,google,saas",google docs documentos de google es un ejemplo de saas,,0,,0.00,
"forma,google,initial,partnet,saas",google saas initiative partnet form,,0,,0.00,
"google,saas,software",google software saas,,0,,0.00,
"government,saas",government saas,,0,,0.00,
"belleza,graciela,martinez,saas",graciela martinez saa de belleza,,0,,0.00,
"colombia,eber,grace,gran,saas",graco colombia saa eber granada,,0,,0.00,
"gracodecolombia,saas",gracodecolombia saa,,0,,0.00,
"eber,gracodecolombia,gran,saas",gracodecolombia saa eber granada,,0,,0.00,
"grafimedios,saas",grafimedios saa,,0,,0.00,
"graña,montero,saas",graña y montero saa,,0,,0.00,
"great,land,pago,saas",great saas landing pages,,0,,0.00,
"gregorio,rengifo,saas",gregorio de saa y rengifo,,0,,0.00,
"grey,label,saas",grey label saas,,0,,0.00,
"group,saas",group saa,,0,,0.00,
"b2b,growth,saas",growth for b2b saas,,0,,0.00,
"b2b,growth,hack,saas",growth hacking b2b saas,,0,,0.00,
"adrenalina,grupo,saas",grupo adrenalina saas,,0,,0.00,
"12,5,gulp,gulpfile,js,saas",gulpfile.js 5 12 gulp-saas,,0,,0.00,
"1,guo,saas",guoa 1 saa,,0,,0.00,
"alvarez,gustavo,saas",gustavo alvarez saa,,0,,0.00,
"gustavo,muñoz,saas",gustavo muñoz saa,,0,,0.00,
"gustavo,madriñan,odontologico,saas",gustavo saa madriñan odontologo,,0,,0.00,
"gustavo,odontologico,saas",gustavo saa odontologo,,0,,0.00,
"gyuh,saas",gyuho saas,,0,,0.00,
"haas,saas,vs",haas vs saas,,0,,0.00,
"alvaro,hacendado,saas",hacendado álvaro saa,,0,,0.00,
"hacer,mello,saas",hacer mella en su saa,,0,,0.00,
"hadoop,saas",hadoop saas,,0,,0.00,
"haider,saas",haider saa,,0,,0.00,
"cortulua,haider,saas",haider saa cortulua,,0,,0.00,
"ach,harold,saas",harold saa mucho ache,,0,,0.00,
"chan,haru,saas",haru y saa chan,,0,,0.00,
"harvard,saas",harvard saa,,0,,0.00,
"hcm,implementos,saas",hcm saas implementation,,0,,0.00,
"cms,headless,saas",headless cms saas,,0,,0.00,
"bank,health,saas",health saas banking,,0,,0.00,
"company,healthcare,saas",healthcare saas companies,,0,,0.00,
"healthcare,saas,vendor",healthcare saas vendors,,0,,0.00,
"hellboy,memne,saas",hellboy memnan saa,,0,,0.00,
"hernan,obregon,saas",hernan saa obregon,,0,,0.00,
"hernan,hernandez,saas",hernando saa hernandez,,0,,0.00,
"hernan,hernandez,saas,usb",hernando saa hernandez usb,,0,,0.00,
"hernesto,saas,velasco",hernesto saa velasco,,0,,0.00,
"alegre,herramientas,saas",herramienta saas alegra,,0,,0.00,
"gabriel,heyli,saas",heyli gabriela saa,,0,,0.00,
"002,10,1016,11,2014,2443,como,doi,elogim,hhttps,j,orguniquindio,saas",hhttps doi-orguniquindio.elogim.com 2443 10.1016 j.saa.2014.11.002,,0,,0.00,
"educativa,high,saas",higher education saas,,0,,0.00,
"historia,jymmy,saas",historia de jymmi saa,,0,,0.00,
"dddde,historria,lllllllos,saas",historria ddddee lllllllos saaa,,0,,0.00,
"hocol,saas",hocol saa,,0,,0.00,
"homecell,saas",homecell saas,,0,,0.00,
"cali,contacto,homecell,saas",homecell saas contacto en cali,,0,,0.00,
"015,51920,honda,saas",honda 51920-saa-015,,0,,0.00,
"horacion,saas",horacion saa,,0,,0.00,
"horizon,saas",horizon saas,,0,,0.00,
"hospital,rafael,saas",hospital saaan rafael,,0,,0.00,
"application,hosting,saas,vs",hosted application vs saas,,0,,0.00,
"email,example,hosting,infrastructure,saas",hosted email infrastructure is an example for _________ saas,,0,,0.00,
"fee,hostel,saas,switzerland",hostel in saas-fee switzerland,,0,,0.00,
"cloud,hosting,saas",hosting saas cloud,,0,,0.00,
"economica,hotel,marta,saas",hotel economico en saa marta,,0,,0.00,
"hotel,management,revenue,saas",hotel revenue management saas,,0,,0.00,
"free,hotel,management,revenue,saas",hotel revenue management saas free,,0,,0.00,
"development,hotel,saas",hotel saas developers,,0,,0.00,
"fee,hotel,saas,switzerland",hotel saas fee switzerland,,0,,0.00,
"collins,fee,hotel,saas,spa",hotel spa la collina saas fee,,0,,0.00,
"barrio,hotel,saas",hoteles en barrio saa,,0,,0.00,
"hottest,saas",hottest saas,,0,,0.00,
"hottest,saas",hottest saas us,,0,,0.00,
"cloud,computador,development,relatos,saas",how is the development of saas related to cloud computing,,0,,0.00,
"long,saas,take",how long does saas take,,0,,0.00,
"cycle,long,saas,sale",how long is a saas sales cycle,,0,,0.00,
"2019,company,saas",how many saas companies are there 2019,,0,,0.00,
"build,productos,saas",how to build a saas product,,0,,0.00,
"build,saas,startup",how to build a saas startup,,0,,0.00,
"calcular,churn,saas",how to calculate churn saas,,0,,0.00,
"calcular,pricing,saas",how to calculate saas pricing,,0,,0.00,
"calcular,otis,personas,saas,sale",how to calculate the oti saas sales person,,0,,0.00,
"como,ideas,saas",how to come up with saas ideas,,0,,0.00,
"create,productos,saas,seo,strategy",how to create a seo strategy for a saas product,,0,,0.00,
"create,perfecto,saas",how to create the perfect saas,,0,,0.00,
"application,development,saas",how to develop a saas application,,0,,0.00,
"development,productos,saas",how to develop a saas product,,0,,0.00,
"find,opportunities,saas",how to find saas opportunities,,0,,0.00,
"increase,saas,sale",how to increase saas sales,,0,,0.00,
"marketing,productos,saas",how to market saas product,,0,,0.00,
"measure,saas,sale",how to measure sales in saas,,0,,0.00,
"price,productos,saas",how to price a saas product,,0,,0.00,
"price,saas",how to price saas,,0,,0.00,
"price,productos,saas",how to price saas products,,0,,0.00,
"price,saas,software",how to price saas software,,0,,0.00,
"backup,ftp,saas,server",how to saas_server_backup_ftp,,0,,0.00,
"saas,scale",how to scale saas,,0,,0.00,
"b2b,saas,sello",how to sell saas b2b,,0,,0.00,
"saas,sello,software",how to sell saas software,,0,,0.00,
"business,saas,start",how to start a saas business,,0,,0.00,
"company,saas,value",how to value a saas company,,0,,0.00,
"backup,ftp,howto,saas,server",howto saas_server_backup_ftp,,0,,0.00,
"alm,hp,pricing,saas",hp alm saas pricing,,0,,0.00,
"hris,saas",hris saas,,0,,0.00,
"hs,saas",hs saa,,0,,0.00,
"ht,saas,solo",ht saae solar,,0,,0.00,
"ht,panel,saas,solo",ht saae solar panels,,0,,0.00,
"ficha,ht,saas,tecnica",ht-saae ficha tecnica,,0,,0.00,
"370w,ht,panel,saas",ht-saae panel 370w,,0,,0.00,
"375w,ht,panel,saas",ht-saae panel 375w,,0,,0.00,
"ht7,saas",ht7 saá,,0,,0.00,
"como,homepage,htt,index,main,mtzctg,pacificmedicalsuite,pacifico,php,saas",htt mtzctg.pacificmedicalsuite.com pacific-saas index.php main homepage,,0,,0.00,
"co,como,http,index3,mahal,php,portalmahalov4,saas",http mahalo.saas.com.co portalmahalov4 index3.php,,0,,0.00,
"co,como,exe,http,mahal,portalmahalov4,portalv4,saas",http mahalo.saas.com.co portalmahalov4 portalv4.exe,,0,,0.00,
"como,ctg,http,index,main,mtz,pacificmedical,pacifico,pago,php,saas,suite",http mtz ctg.pacificmedical suite.com pacific-saas index.php main page,,0,,0.00,
"como,homepage,http,index,main,mtzctg,pacificmedicalsuite,pacifico,php,saas",http mtzctg.pacificmedicalsuite.com pacific-saas index.php main homepage,,0,,0.00,
"co,como,http,index,orthoplan,pacifico,php,phs,saas",http phs.orthoplan.com.co pacific-saas index.php,,0,,0.00,
"gov,http,noa,saas,www",http www saa.noaa.gov,,0,,0.00,
"03,como,eval,http,ibm,nsf,saas,sla,sladb,software,www",http www-03.ibm.com software sla sladb.nsf sla saas-eval,,0,,0.00,
"002,10,1016,11,2014,2443,como,doi,elogim,https,j,org,saas,uniquindio",https doi-org.uniquindio.elogim.com 2443 10.1016 j.saa.2014.11.002,,0,,0.00,
"002,10,1016,11,2014,2443,como,doi,elogim,https,j,orguniquindio,saas",https doi-orguniquindio.elogim.com 2443 10.1016 j.saa.2014.11.002,,0,,0.00,
"1219221,443,como,ess,hpe,https,liberty,requesttracking,saas,saw",https liberty.saas.hpe.com 443 saw ess requesttracking 1219221,,0,,0.00,
"1220958,443,como,ess,hpe,https,liberty,requesttracking,saas,saw",https liberty.saas.hpe.com 443 saw ess requesttracking 1220958,,0,,0.00,
"1253298,443,como,ess,hpe,https,liberty,requesttracking,saas,saw",https liberty.saas.hpe.com 443 saw ess requesttracking 1253298,,0,,0.00,
"como,https,prezi,saas,wilson",https prezi.com wilson saa,,0,,0.00,
"https,saas",https saa,,0,,0.00,
"884250,archdaily,arquitectura,como,https,mg,plus,refugio,saas,territorial,www",https www.archdaily.com 884250 refugio-mg-saa-arquitectura-plus-territorio,,0,,0.00,
"como,https,saas,ve,www",https www.saao.com.ve,,0,,0.00,
"como,https,ibasizqyc5g,saas,v,watch,www,çyoutube",https www.saas çyoutube.com watch v ibasizqyc5g,,0,,0.00,
"https,mayo,mis,saas,televid,veite,www,youtube",https www.youtube.saa misa televid veite de may,,0,,0.00,
"alberto,hugo,saas,valencia",hugo alberto saa valencia,,0,,0.00,
"capital,human,saas",human capital saas,,0,,0.00,
"humano,nit,saas",humanos saa nit,,0,,0.00,
"hummingbird,id,llc,meridian,saas",hummingbird saas llc meridian id,,0,,0.00,
"2008,hurtado,saas",hurtado saa 2008,,0,,0.00,
"cloud,hybrid,saas",hybrid cloud saas,,0,,0.00,
"iaaa,pass,saas",iaaas pass saas,,0,,0.00,
"dode,enfermo,iagen,jesus,saas",iage dode jesus saa los enfermos,,0,,0.00,
"iam,saas",iam saas,,0,,0.00,
"ibiza,saas",ibiza saas,,0,,0.00,
"chart,ibm,saas",ibm saas chart,,0,,0.00,
"agreement,ibm,license,saas",ibm saas license agreement,,0,,0.00,
"ibm,offers,saas",ibm saas offerings,,0,,0.00,
"ibm,productos,saas",ibm saas products,,0,,0.00,
"daniel,ica,saas",ica daniel saa,,0,,0.00,
"icata,saas",icater saaas,,0,,0.00,
"erp,idc,paa,premisas,saas",idc erp saas paas on premise,,0,,0.00,
"erp,idc,premisas,saas,vr",idc erp saas vr on premise,,0,,0.00,
"erp,idc,premisas,saas,vs",idc erp saas vs on premise,,0,,0.00,
"identidad,saas,verificación",identity verification saas,,0,,0.00,
"idinet,saas",idinet saas,,0,,0.00,
"idja,saas",idja saa,,0,,0.00,
"iecnologia,saas",iecnologia saa,,0,,0.00,
"ignovadores,saas",ignovation saa,,0,,0.00,
"bogota,game,igt,saas",igt games saa bogota,,0,,0.00,
"ijmagenes,saas",ijmagene de saa,,0,,0.00,
"1,107002002,17,175058,30166195,c,da,downloader,ile,proceso,saas,user",ile c users saa downloads da_proceso_17-1-175058_107002002_30166195,,0,,0.00,
"1,107002002,17,175058,30166195,c,da,downloader,ile,pdf,proceso,saas,user",ile c users saa downloads da_proceso_17-1-175058_107002002_30166195.pdf,,0,,0.00,
"im,saas",im saaaad,,0,,0.00,
"imagen,jummy,saas",imagen de jummy saa,,0,,0.00,
"cervantes,imagen,miguel,saas",imagen de miguel de cervantes saa,,0,,0.00,
"cervantes,fraces,imagen,miguel,saas",imagen de miguel de cervantes saa y una frace,,0,,0.00,
"cervantes,frases,imagen,miguel,saas",imagen de miguel de cervantes saa y una frase,,0,,0.00,
"cervantes,imagen,migul,saas",imagen de migul de cervantes saa,,0,,0.00,
"imagen,jardin,mockup,plan,primer,saas",imagen saa jardin primer plano mockup,,0,,0.00,
"como,imagenes,saas",imagenes de comida saa,,0,,0.00,
"imagenes,issa,paa,saas",imagenes de issas paas saas,,0,,0.00,
"imagenes,jymmy,saas",imagenes de jymmy saa,,0,,0.00,
"imagenes,saas",imagenes de saa,,0,,0.00,
"andres,imagenes,saas",imagenes de saaan andres,,0,,0.00,
"imagenes,occidente,saas",imagenes de saaara occidental,,0,,0.00,
"imagenes,saas",imagenes de saas,,0,,0.00,
"festival,imagenes,jaune,saas",imagenes festival jaun saa,,0,,0.00,
"decrease,imagenes,saas",imagenes saas decradas,,0,,0.00,
"cuadro,decrease,imagenes,saas",imagenes saas decradas y con cuadros,,0,,0.00,
"decorar,imagenes,pequeño,saas",imagenes saas pequeñas decoradas,,0,,0.00,
"imelec,saas",imeleco saa,,0,,0.00,
"immi,saas",immy saa,,0,,0.00,
"empresa,implementos,saas",implementar saas en la empresa,,0,,0.00,
"algolia,como,importancia,query,saas,search,work",import com.algolia.search.saas.query not working,,0,,0.00,
"algolia,android,como,importancia,query,saas,search,work",import com.algolia.search.saas.query not working android,,0,,0.00,
"2019,importancia,mundo,saas",importaciones saas en el mundo 2019,,0,,0.00,
"dar,importancia,saas",importar daros con saa,,0,,0.00,
"excel,importancia,saas",importar excel con saa,,0,,0.00,
"imprenta,saas",imprenta saa,,0,,0.00,
"hp,impresora,reduccion,saas",impresora hp saa reducciones,,0,,0.00,
"aic,nova,saas",in.nova aic saa,,0,,0.00,
"ernesto,inauthor,saas,velasco",inauthor ernesto saa velasco,,0,,0.00,
"buy,inbound,journey,marketing,saas",inbound marketing buyer journey saas,,0,,0.00,
"company,inbound,marketing,saas",inbound marketing for saas companies,,0,,0.00,
"inbound,marketing,saas",inbound marketing para saas,,0,,0.00,
"inbound,marketing,personas,saas",inbound marketing persona saas,,0,,0.00,
"inbound,marketing,saas,strategy",inbound saas marketing strategy,,0,,0.00,
"incauca,saas",incauca saa,,0,,0.00,
"incopint,saas",incopint saas,,0,,0.00,
"company,indianapolis,saas",indianapolis saas companies,,0,,0.00,
"indicateurs,saas",indicateurs saas,,0,,0.00,
"2019,industrial,mundo,saas",industria de saas en el mundo 2019,,0,,0.00,
"belleza,industrial,saas",industrial de belleza saas,,0,,0.00,
"barranquilla,industrial,saas",industrias saa barranquilla,,0,,0.00,
"industrial,saas",industrias saas,,0,,0.00,
"industrial,saas,spring",industrias spring saa,,0,,0.00,
"arquitectura,infinitum,mobiliario,saas",infinitum arquitectura y mobiliario saas,,0,,0.00,
"informacion,pereira,saas,tienda",informacion tiendas saa pereira,,0,,0.00,
"hernan,ing,saas,william",ing william hernando saa,,0,,0.00,
"ingeco,saas",ingecar saa,,0,,0.00,
"ingeniero,navy,pdf,saas",ingeniero saa navia pdf,,0,,0.00,
"ingeniero,saas",ingenieros saa,,0,,0.00,
"erp,ingreso,paa,premisas,saas",ingresos erp saas paas on premise,,0,,0.00,
"erp,ingreso,latam,paa,premisas,saas",ingresos erp saas paas on premise latam,,0,,0.00,
"inmobiliaria,renta,saas",inmobiliaria rentar saa,,0,,0.00,
"cali,gerencia,grado,inscriciones,pos,publico,saas,universidad",inscriciones pos grado en gerencia publica universidad saa cali,,0,,0.00,
"inside,saas,sale",inside saas sales,,0,,0.00,
"instagram,saas,soul",instagram saaad.soul,,0,,0.00,
"instalar,odoo,saas,tool",install odoo saas tools,,0,,0.00,
"instalar,ionic,saas",install saas ionic,,0,,0.00,
"instalar,odoo,saas,sh",install-odoo-saas.sh,,0,,0.00,
"cloud,installateur,pme,pour,saas,standard,téléphonique",installateur standard téléphonique cloud en saas pour pme,,0,,0.00,
"instituto,medico,rodriguez,saas",instituto médico rodriguez saa,,0,,0.00,
"colombiano,instituto,saas,tecnica",instituto tecnico colombiano saa,,0,,0.00,
"intacct,saas",intacct saas,,0,,0.00,
"distribución,integral,saas,servicio",integral de distribuciones y servicios saas,,0,,0.00,
"intrumentos,quirofano,riesgo,saas",intrumentos sobre riesgos en la saa de quirofano,,0,,0.00,
"inversav,saas",inversav saa,,0,,0.00,
"inversion,panameño,saas",inversion panameña saa,,0,,0.00,
"adalon,inversiones,saas",inversiones adalon saa,,0,,0.00,
"centro,inversiones,negocio,saas",inversiones centro de negocios saa,,0,,0.00,
"dorado,inversiones,saas",inversiones el dorado saa,,0,,0.00,
"gilberto,investigación,navy,saas",investigaciones contra gilberto saa navia,,0,,0.00,
"investment,management,saas",investment management saas,,0,,0.00,
"ionic,saas",ionic saas,,0,,0.00,
"iot,platform,saas",iot platform saas,,0,,0.00,
"cloud,iot,saas",iot saas cloud,,0,,0.00,
"cloud,iot,saas,software",iot saas cloud software,,0,,0.00,
"enable,iot,marketplace,saas",iot saas enabled marketplace,,0,,0.00,
"iot,platform,saas",iot saas platform,,0,,0.00,
"iot,saas,software",iot saas software,,0,,0.00,
"ip,saas",ip de un saas,,0,,0.00,
"colombia,ipc,saas",ipc colombia saa,,0,,0.00,
"cabecera,ip,saas",ips cabecera saas,,0,,0.00,
"ip,laboratorio,medico,saas",ips médicos laboratorios saa,,0,,0.00,
"ip,psq,saas",ips psq saas,,0,,0.00,
"ip,saas",ips saa,,0,,0.00,
"good,r,saas",is r good for a saas,,0,,0.00,
"paa,redshift,saas",is redshift paas or saas,,0,,0.00,
"business,futuro,modelo,saas",is saas the business model of the future,,0,,0.00,
"cloud,saas",is saas the same as cloud,,0,,0.00,
"cali,fotografia,isa,saas",isa saa fotografia cali,,0,,0.00,
"isabe,saas",isabeal saa,,0,,0.00,
"fotografia,isabel,saas",isabel saa fotografia,,0,,0.00,
"isle,online,saas",isl online saas,,0,,0.00,
"27001,iso,saas",iso 27001 saas,,0,,0.00,
"certificate,iso,saas",iso certification for saas,,0,,0.00,
"isv,saas",isv saas,,0,,0.00,
"asset,management,saas",it asset management saas,,0,,0.00,
"management,saas,tool",it management tool for saas,,0,,0.00,
"itil,saas,servicio,tipos",itil para servicios tipo saas,,0,,0.00,
"itil,saas",itil saas,,0,,0.00,
"ito,saas",ito saa,,0,,0.00,
"itsm,saas",itsm saas,,0,,0.00,
"itsm,saas,vendor",itsm saas vendors,,0,,0.00,
"cloud,computador,iva,saas,servicio",iva en servicio cloud computing saas,,0,,0.00,
"ivr,saas",ivr saas,,0,,0.00,
"j,saas",j saa,,0,,0.00,
"delgado,jaime,saas",jaime delgado saa,,0,,0.00,
"delgado,jaime,saas,uninorte",jaime delgado saa uninorte,,0,,0.00,
"delgado,fernando,jaime,saas",jaime fernando delgado saa,,0,,0.00,
"gordilo,herdulfo,james,saas",james herdulfo saa gordill,,0,,0.00,
"gordillo,herdulfo,james,saas",james herdulfo saa gordillo,,0,,0.00,
"jamie,saas,tovar",jamis tovar saaid,,0,,0.00,
"cloud,extension,java,saas",java cloud saas extension,,0,,0.00,
"cloud,extension,java,saas,service",java cloud service saas extension,,0,,0.00,
"cloud,documentos,extension,java,saas,service",java cloud service saas extension documentation,,0,,0.00,
"application,java,saas",java saas application,,0,,0.00,
"architecture,java,saas",java saas architecture,,0,,0.00,
"example,java,saas",java saas example,,0,,0.00,
"extension,java,saas",java saas extension,,0,,0.00,
"framework,java,saas",java saas framework,,0,,0.00,
"java,saas,tutorial",java saas tutorial,,0,,0.00,
"application,java,saas,web",java saas web application,,0,,0.00,
"javal,saas",javal saa,,0,,0.00,
"camilo,javier,saas",javier camilo de la saa,,0,,0.00,
"hernan,javier,saas",javier hernan saa,,0,,0.00,
"crepusculo,jeicob,meme,saas",jeicob saa crepusculo memes,,0,,0.00,
"2017,jennifer,saas",jennifer saa 2017,,0,,0.00,
"2018,jennifer,saas",jennifer saa 2018,,0,,0.00,
"jennifer,saas,wikipedia",jennifer saa wikipedia,,0,,0.00,
"jerga,saas",jerga saa,,0,,0.00,
"alberto,jesus,saas",jesus alberto saa,,0,,0.00,
"jf,mimica,saas,system",jf mimic saas system,,0,,0.00,
"jhin,lol,saas",jhin lol saas lol,,0,,0.00,
"jhoan,manpower,saas",jhoan saa manpower,,0,,0.00,
"arley,jhon,johanna,murillo,saas,vivian",jhon arley murillo y vivian johanna saa,,0,,0.00,
"jhon,saas,wick",jhon wick saa,,0,,0.00,
"jhonatan,pradera,saas,valle",jhonatan saa pradera valle,,0,,0.00,
"jhorman,saas",jhorman saa,,0,,0.00,
"jhorman,saas,salsa",jhorman saa salsa,,0,,0.00,
"hurtado,jhovany,saas",jhovany hurtado saa,,0,,0.00,
"cristina,jihad,saas,valencia",jihan cristina saa valencia,,0,,0.00,
"buenaventura,comunidad,cristina,jihad,negro,saas,valencia",jihan cristina saa valencia comunidades negras buenaventura,,0,,0.00,
"correo,cristina,electronica,jihad,saas,valencia",jihan cristina saa valencia correo electronico,,0,,0.00,
"cristina,fotos,jihad,saas,valencia",jihan cristina saa valencia fotos,,0,,0.00,
"cristina,facebook,jihad,perfil,saas,valencia",jihan cristina saa valencia perfil facebook,,0,,0.00,
"cristina,jihad,red,saas,social,valencia",jihan cristina saa valencia redes sociales,,0,,0.00,
"cristina,jihad,saas,valencia,vivienda",jihan cristina saa valencia vivienda,,0,,0.00,
"jiimy,saas",jiimi saas,,0,,0.00,
"jiimy,saas",jiimy saa,,0,,0.00,
"jim,saas",jimar saa,,0,,0.00,
"homenaje,jimi,madre,saas",jimi saa homenaje a mi madre,,0,,0.00,
"homenaje,jimi,mama,saas",jimi saa homenaje a mi mama,,0,,0.00,
"jimi,nesecito,saas",jimi saa te nesecito,,0,,0.00,
"jimi,saas",jimi saas,,0,,0.00,
"cuero,jiminson,saas",jiminson saa cuero,,0,,0.00,
"jiminson,orobio,saas",jiminson saa orobio,,0,,0.00,
"atracadp,jimi,saas",jimy saa atracadp,,0,,0.00,
"ala,cancion,jimi,madre,saas",jimy saa cancion ala madre,,0,,0.00,
"guayacan,jimi,saas",jimy saa guayacan,,0,,0.00,
"grupo,integral,jimi,niche,saas",jimy saa integrante del.grupo niche,,0,,0.00,
"jimi,jonatan,quien,saas,sepuved",jimy saa quies es jonatan sepuved,,0,,0.00,
"jin,lol,saas",jin lol saas lol,,0,,0.00,
"jinny,saas",jinny saa,,0,,0.00,
"jiren,saas",jiro saa,,0,,0.00,
"joob,saas",joob saas,,0,,0.00,
"jairo,jordan,saas,torres",jordan jair saa torres,,0,,0.00,
"jha,jordan,saas,torres",jordan jhair saa torres,,0,,0.00,
"abondano,jorge,saas",jorge abondano saa,,0,,0.00,
"abondano,bolivar,colegio,jorge,saas",jorge abondano saa colegio bolivar,,0,,0.00,
"abondano,jorge,laboratorio,saas",jorge abondano saa laboratorio,,0,,0.00,
"abondano,alberto,jorge,saas",jorge alberto abondano saa,,0,,0.00,
"eduardo,jorge,saas",jorge eduardo saa,,0,,0.00,
"consultorio,eduardo,jorge,saas,telefono",jorge eduardo saa consultorio telefono,,0,,0.00,
"jorge,luis,mondragon,saas",jorge luis mondragon saa,,0,,0.00,
"jorge,navy,saas",jorge saa navia,,0,,0.00,
"direccion,jorge,navy,saas",jorge saa navia dirección,,0,,0.00,
"jorge,pensadores,saas",jorge saa pensador,,0,,0.00,
"jorge,popayan,saas",jorge saa popayan,,0,,0.00,
"cia,jorge,ltda,saas",jorge saa y cia ltda,,0,,0.00,
"cia,jorge,ltda,popayan,saas",jorge saa y cia ltda popayan,,0,,0.00,
"domingo,jose,saas",jose domingo saa,,0,,0.00,
"emerson,jose,perez,saas",jose emerson perez saa,,0,,0.00,
"fredy,jose,saas",jose fredy saa,,0,,0.00,
"gabriel,jose,saas",jose gabriel saa,,0,,0.00,
"gabriel,jose,llanera,saas",jose gabriel saa llaneros,,0,,0.00,
"ecuador,industriales,jose,lavanderia,manuel,quitar,saas",jose manuel saa en lavanderias industriales en quito ecuador,,0,,0.00,
"castellano,jose,miller,saas",jose saaid castellanos millan,,0,,0.00,
"joshua,saas",joshua saas,,0,,0.00,
"camargo,joss,luis,saas",josse luis camargo saas,,0,,0.00,
"joussef,saas",joussef saaid,,0,,0.00,
"01,joy,saas",joya saa-01,,0,,0.00,
"1,joy,saas",joya saa-1,,0,,0.00,
"1,autopropulsado,joy,saas",joya saa-1 autopropulsado,,0,,0.00,
"1,colombia,joy,saas",joya saa-1 de colombia,,0,,0.00,
"joyce,saas",joyco saa,,0,,0.00,
"jr,saas",jr saa,,0,,0.00,
"instagram,jr,saas",jr saa instagram,,0,,0.00,
"carrerasn,juegos,saas",juegos de carrerasn de saa,,0,,0.00,
"juegos,saas",juegos de el saa,,0,,0.00,
"ael,juegos,saas,vestidos",juegos de vestir ael saa,,0,,0.00,
"alberto,hugo,juez,saas,valencia",juez hugo alberto saa valencia,,0,,0.00,
"cocina,jugar,saas",jugos de cocina con saa,,0,,0.00,
"2,garcia,juliana,ortiz,saas",juliana ortiz garcia saa 2,,0,,0.00,
"aguilera,julio,saas",julio aguilera saa,,0,,0.00,
"aguilera,distribucion,eirl,julio,logistica,saas,transporte",julio aguilera saa transporte logistica y distribucion eirl,,0,,0.00,
"arboleda,julio,saas",julio arboleda saa,,0,,0.00,
"arboleda,julio,saas",julio arboleda saaa,,0,,0.00,
"cancion,junior,saas",junior saa canciones,,0,,0.00,
"cuenta,junior,saas",junior saa cuenta,,0,,0.00,
"junior,mantiene,saas,simple,todo",junior saa ella mantiene toda simple,,0,,0.00,
"junior,mantiene,saas,simple",junior saa ella mantiene todo simple,,0,,0.00,
"junior,letra,saas",junior saa letras,,0,,0.00,
"junior,saas,simple",junior saa simple,,0,,0.00,
"camara,comercial,juvical,saas",juvical saa camara comercio,,0,,0.00,
"k2918,pg,saas",k2918 pg saa,,0,,0.00,
"kanban,saas",kanban saas,,0,,0.00,
"city,development,kansas,mo,saas",kansas city mo saas development,,0,,0.00,
"kapital,parqueadero,saas",kapital parqueadero saa,,0,,0.00,
"kasey,saas",kaseya saas,,0,,0.00,
"arc,katherine,saas",katherin saa arce,,0,,0.00,
"arc,katherine,saas",katherine saa arce,,0,,0.00,
"keep,saas",keep saas,,0,,0.00,
"ei,kvhx,mitä,ruokavalio,saas,syödä",ketokeeninen ruokavalio mitä ei saa syödä,,0,,0.00,
"company,key,metrica,saas",key metrics for saas companies,,0,,0.00,
"analysis,keyword,saas",keyword analysis for saas,,0,,0.00,
"kimi,mito,saas,sekai",kimi to mita sekai saa,,0,,0.00,
"digitalware,kobe,saas",koba digitalware saas,,0,,0.00,
"co,digitalware,kobe,saas",koba digitalware saas co,,0,,0.00,
"co,digitalware,kobe,saas,webkactus",koba digitalware saas co webkactus,,0,,0.00,
"celeb,co,digitalware,kobe,saas,tv,webkactus",koba digitalware saas co webkactus celeb tv,,0,,0.00,
"2918,catalan,k,kohler,pg,saas",kohler catalan k-2918-pg-saa,,0,,0.00,
"2918,k,kohler,pg,saas",kohler k 2918 pg saa,,0,,0.00,
"kotoura,saas",kotoura-saaan,,0,,0.00,
"b2b,enterprise,kpis,marketing,organos,saas",kpis for a b2b enterprise saas marketing organization,,0,,0.00,
"company,kpis,saas",kpis for saas companies,,0,,0.00,
"empresa,kpis,saas",kpis para empresas saas,,0,,0.00,
"genkidama,krilin,pelo,saas,vegetal",krilin pelean saa vegeta genkidama,,0,,0.00,
"avustaja,henkilökohtaisen,kuka,saas",kuka saa henkilökohtaisen avustajan,,0,,0.00,
"kuka,libro,saas",kuka saa libren,,0,,0.00,
"joit,kuvia,käyttää,saas",kuvia joita saa käyttää,,0,,0.00,
"kyc,saas",kyc saas,,0,,0.00,
"blog,conocimiento,l,programa,saas",l blog del conocimiento un programa saas,,0,,0.00,
"acta,constitucion,saas",la acta de la constitucion de saa,,0,,0.00,
"capital,disminucionde,disolicion,liquidacopn,saas",la disminucionde capital de las saa son disolicion de liquidacopn,,0,,0.00,
"fiduprevisora,saas,trabajo",la fiduprevisora trabaja los saa,,0,,0.00,
"constructora,ingeniería,navy,optica,pdf,saas",la ingeniería desde la óptica del constructor pdf saa navia,,0,,0.00,
"leche,materna,saas",la leche materna es saa,,0,,0.00,
"marca,saas",la marca de saa,,0,,0.00,
"naay,saas",la naaye saa,,0,,0.00,
"estreno,naay,saas",la naaye saa estrena,,0,,0.00,
"biblia,familia,joven,primera,saas",la primera familia biblia joven saa,,0,,0.00,
"colomia,mar,rosalia,saas",la rosalia saa mara colomia,,0,,0.00,
"rua,saas",la rúa y saá,,0,,0.00,
"ade,completa,saas",la saa de ades completa,,0,,0.00,
"friso,saas",la saa de friser,,0,,0.00,
"capitulo,completa,familia,negocio,saas",la saa negocio de familia capitulos completos,,0,,0.00,
"saas,siglo",la sigla saas,,0,,0.00,
"razon,saas,vida,yim",la vida tiene su razon yime saa,,0,,0.00,
"laa,pass,saas",laas saas pass,,0,,0.00,
"laboratorio,pantometria,saas",laboratorio pantometria saa,,0,,0.00,
"laboratorio,quimio,saas",laboratorio quimia saa,,0,,0.00,
"ladron,saas",ladrones saa,,0,,0.00,
"lampara,saas",lamparas para la saa,,0,,0.00,
"lampara,saas",lamparas para saa,,0,,0.00,
"land,pago,pour,saas",landing page pour saas,,0,,0.00,
"candelaria,concejo,lanzamiento,saas",lanzamiento al concejo de candelaria saa,,0,,0.00,
"laravel,multi,saas,tenant",laravel saas multi tenant,,0,,0.00,
"andres,clave,gta,ps3,saas",las claves para gta saa andres en ps3,,0,,0.00,
"israel,saas,tribus",las tribus de israel en saas,,0,,0.00,
"lasso,pass,saas",lass saas pass,,0,,0.00,
"launcher,saas",launch a saas,,0,,0.00,
"launcher,productos,saas",launching a saas product,,0,,0.00,
"laura,saas,teoólogos",laura saa teoologa,,0,,0.00,
"laura,saas",laura saá,,0,,0.00,
"law,saas,service",law services saas,,0,,0.00,
"cleanser,lead,saas",lead cleansing saas,,0,,0.00,
"company,generator,lead,saas",lead generation for saas companies,,0,,0.00,
"generieren,lead,saas",leads generieren saas,,0,,0.00,
"business,lean,modelo,saas,startup",lean startup business model saas,,0,,0.00,
"learning,saas",learn saas,,0,,0.00,
"casa,legal,management,saas",legal case management saas,,0,,0.00,
"challenge,legal,saas",legal challenges of saas,,0,,0.00,
"company,legal,saas",legal saas companies,,0,,0.00,
"development,leisure,saas",leisure saas developers,,0,,0.00,
"lenguaje,saas",lenguaje saas,,0,,0.00,
"b,envejecimiento,fonoaudiologo,lenguaje,nelson,saas",lenguaje y envejecimiento fonoaudiólogo nelson saá b,,0,,0.00,
"castillo,leonardo,saas",leonard saa castillo,,0,,0.00,
"leonardo,saas",leonardo saa,,0,,0.00,
"leopoldo,lopez,saas",leopoldo lopez de saa,,0,,0.00,
"1080p,lesbian,saas",lesbian saa 1080p,,0,,0.00,
"canto,jimmmy,letra,mama,saas",letra de canto a mama jimmmy saa,,0,,0.00,
"letra,love,saas",letra i love i mi saa,,0,,0.00,
"encanto,isla,letra,saas,yimmi",letra isla del encanto yimmy saa,,0,,0.00,
"letra,libro,saas",letra saa libre,,0,,0.00,
"lex,saas",lex saas,,0,,0.00,
"1858,2008,ley,saas",ley 1858 de 2008 saas,,0,,0.00,
"ley,saas",ley saa,,0,,0.00,
"libreria,saas",libreria saa,,0,,0.00,
"libreta,saas,venta",libreto de ventas saas,,0,,0.00,
"alfonsina,fink,libro,nidia,pitu,saas,storni",libro de alfonsina storni nidia fink pitu saa,,0,,0.00,
"hambre,juegos,libro,saas",libros de la saa de juegos del hambre,,0,,0.00,
"licence,saas",licence saas,,0,,0.00,
"licencia,saas,uso",licencia de uso saas,,0,,0.00,
"li,licencia,saas,vs",licenciamiento saas vs li,,0,,0.00,
"licencia,saas",licencias saas,,0,,0.00,
"license,saas,software,vs",licensed software vs saas,,0,,0.00,
"liceo,saas,samaria",liceo samario saa,,0,,0.00,
"insurance,life,policia,saas",life insurance policy saas,,0,,0.00,
"lima,saas",lima saas,,0,,0.00,
"limites,saas",limits of saas,,0,,0.00,
"line,saas,servicio,solucion",lines de soluciones y servicios saa,,0,,0.00,
"equinos,linfopenia,saas",linfopenia en equinos saa,,0,,0.00,
"atrapa,equinos,linfopenia,nefroesplenico,saas",linfopenia en equinos saa atrapamiento nefroesplenico,,0,,0.00,
"3at,co,link,saas",link 3at.co saas,,0,,0.00,
"ad,linkedin,saas",linkedin ads for saas,,0,,0.00,
"linksolution,saas",linksolutions saa,,0,,0.00,
"lion,nro,saas,telefono,tour",lion tours saa nro telefonico,,0,,0.00,
"475,lisa,saas,simpson",lisa simpson saa 475,,0,,0.00,
"lista,precio,saas",lista de precio saa,,0,,0.00,
"bogota,lista,placa,repuestos,saas,vehiculos",listado de vehiculos con placa saa repuestos en bogota,,0,,0.00,
"litecar,saas",litecar saa,,0,,0.00,
"literatura,saas",literatura saa,,0,,0.00,
"lithium,saas",lithium saas,,0,,0.00,
"litografica,saas",litografica saas,,0,,0.00,
"chat,live,saas",live chat for saas,,0,,0.00,
"chat,live,saas",live chat saas,,0,,0.00,
"blanco,livre,saas",livre blanc saas,,0,,0.00,
"fernanda,galindo,lizeth,saas",lizeth fernanda galindo saa,,0,,0.00,
"bucaramanga,bulldog,llantas,saas",llantas bulldog saas bucaramanga,,0,,0.00,
"llave,mixto,saas",llave mixta saa,,0,,0.00,
"lms,pricing,saas",lms saas pricing,,0,,0.00,
"load,saas,test",load testing saas,,0,,0.00,
"loan,saas,service",loan servicing saas,,0,,0.00,
"company,local,marketing,saas",local saas marketing companies,,0,,0.00,
"deploy,local,paa,saas",locally deployed saas paas,,0,,0.00,
"logica,saas",logic saas,,0,,0.00,
"batiment,logiciel,saas",logiciel batiment saas,,0,,0.00,
"btp,logiciel,saas",logiciel btp saas,,0,,0.00,
"caisse,logiciel,moda,saas",logiciel caisse en mode saas,,0,,0.00,
"cloud,et,logiciel,saas",logiciel cloud et saas,,0,,0.00,
"comptabilité,logiciel,saas",logiciel comptabilité saas,,0,,0.00,
"logiciel,moda,saas",logiciel en mode saas,,0,,0.00,
"erp,logiciel,saas",logiciel erp saas,,0,,0.00,
"factura,logiciel,saas",logiciel facturation saas,,0,,0.00,
"btp,gestion,logiciel,moda,saas",logiciel gestion btp en mode saas,,0,,0.00,
"commerciale,gestion,logiciel,saas",logiciel gestion commerciale saas,,0,,0.00,
"gestion,logiciel,saas",logiciel gestion saas,,0,,0.00,
"logiciel,moda,saas",logiciel mode saas,,0,,0.00,
"logiciel,recrutement,saas",logiciel recrutement saas,,0,,0.00,
"logiciel,moda,rh,saas",logiciel rh en mode saas,,0,,0.00,
"logiciel,rh,saas",logiciel rh saas,,0,,0.00,
"logiciel,saas",logiciel saas,,0,,0.00,
"factura,logiciel,saas",logiciel saas facturation,,0,,0.00,
"logiciel,référencement,saas",logiciel saas référencement,,0,,0.00,
"desk,logiciel,saas,service",logiciel service desk saas,,0,,0.00,
"company,london,saas",london saas companies,,0,,0.00,
"copywriting,look,saas",looking saas copywriter,,0,,0.00,
"lopez,saas",lopez de saa,,0,,0.00,
"l,lopez,saas",lopez de saa l,,0,,0.00,
"contabilidad,lopez,saas,teorico",lopez de saa teorico de la contabilidad,,0,,0.00,
"angel,pablo,saas",los angeles saa pablo,,0,,0.00,
"angel,paul,saas",los angeles saa paulo,,0,,0.00,
"cisne,saas",los cisnes saa,,0,,0.00,
"afrocolombianos,contemporanea,estudio,hurtado,poblacion,saas,teodoro",los estudios contemporáneos sobre población afrocolombiana teodora hurtado saa,,0,,0.00,
"hermanos,rodriguez,saas",los hermanos rodriguez saa,,0,,0.00,
"cwlulares,mwjor,saas",los mwjores cwlulares saa,,0,,0.00,
"rodriguez,saas",los rodríguez saa,,0,,0.00,
saas,los saas,,0,,0.00,
"editor,saas,tres",los tres editores saa,,0,,0.00,
"libro,saas,tres",los tres saa libro,,0,,0.00,
"libro,matematicas,saas,tres",los tres saa libro de matematicas,,0,,0.00,
"2,grado,libro,matematicas,saas,tres",los tres saa libro de matematicas para 2 grado,,0,,0.00,
"lostinsales,saas",lostinsales saas,,0,,0.00,
"loyalty,saas",loyalty saas,,0,,0.00,
"lps,saas",lps saa,,0,,0.00,
"ltv,saas",ltv for saas,,0,,0.00,
"granja,lucero,saas",lucero saa granja,,0,,0.00,
"lucia,madrina,saas",lucia madrinan saa,,0,,0.00,
"lucia,madriñan,saas",lucia madriñan saa,,0,,0.00,
"caracol,luces,madriñán,noticias,saas",lucía madriñán saa caracol noticias,,0,,0.00,
"angel,estrada,luis,saas",luis angel saa estrada,,0,,0.00,
"azure,luis,paa,saas",luis azure is paas or saas,,0,,0.00,
"candelaria,carlos,consejo,luis,saas,valle",luis carlos saa consejal candelaria valle,,0,,0.00,
"fernando,luis,saas",luis fernando saa,,0,,0.00,
"fernando,luis,saas,tulua,valle",luis fernando saa tulua valle,,0,,0.00,
"luis,miguel,saas,soto",luis miguel saa soto,,0,,0.00,
"alvarez,fernanda,luisa,saas",luisa fernanda alvarez saa,,0,,0.00,
"ceron,fernanda,luisa,saas",luisa fernanda saa ceron,,0,,0.00,
"angelly,luz,polania,saas",luz angelly saa polanias,,0,,0.00,
"lxs,olvidadxs,saas",lxs olvidadxs saa,,0,,0.00,
"constructora,d,m,saas",m d constructora saas,,0,,0.00,
"consultores,direccion,m,monteria,mun,saas",m.munar consultores saa direccion.monteria,,0,,0.00,
"macroproyecto,saas,via",macroproyecto via saa,,0,,0.00,
"estanislao,madre,mariana,saas,san",madre mariana de san estanislao y saa,,0,,0.00,
"magdalena,rodriguez,saas",magdalena rodriguez saa,,0,,0.00,
"helbert,mago,saas",mago helbert saa,,0,,0.00,
"mago,saas",mago saa,,0,,0.00,
"co,mahal,portal,saas",mahalo saas co portal,,0,,0.00,
"mahal,saas",mahalo.saas,,0,,0.00,
"colombia,mahal,saas",mahalo.saas colombia,,0,,0.00,
"co,mahal,registro,saas",mahalo.saas.co co registro mahalo,,0,,0.00,
"main,saas",main saas,,0,,0.00,
"mama,saas,yimi",mama de yimi saa,,0,,0.00,
"jimi,mama,saas",mama jimy saa,,0,,0.00,
"bank,competidores,mambu,platfform,saas",mambu saas banking platfform competidores,,0,,0.00,
"bank,competidores,mambu,platform,saas",mambu saas banking platform competidores,,0,,0.00,
"competidores,mambu,saas",mambu saas competidores,,0,,0.00,
"hosting,management,saas",managed saas hosting,,0,,0.00,
"management,saas,service,vs",managed services vs saas,,0,,0.00,
"management,monitor,saas,subscription",managing and monitoring saas subscription,,0,,0.00,
"consultores,manajer,saas",manajos consultores saa,,0,,0.00,
"mantenimiento,pdf,saas,software",mantenimiento de software saas.pdf,,0,,0.00,
"manual,saas",manualidades para la saa,,0,,0.00,
"andrés,manuel,saas",manuel andrés saa,,0,,0.00,
"manufactura,saas",manufacturing saas,,0,,0.00,
"mapa,mental,saas",mapa mental de saas,,0,,0.00,
"del,doc,futbol,mapa,mental,reglas,saas",mapa mental dela regla doce de futbol saa,,0,,0.00,
"bogota,maquinaria,saas",maquinaria saa bogota,,0,,0.00,
"marcela,saas",marcelo saa,,0,,0.00,
"jassir,margarita,saas",margarita saaed de jassir,,0,,0.00,
"alejandro,borrero,maria,saas",maria alejandra borrero saa,,0,,0.00,
"alejandro,maria,saas",maria alejandra saa,,0,,0.00,
"alejandro,bajo,estrella,maria,pelicula,saas",maria alejandra saa pelicula bajo las estrellas,,0,,0.00,
"andrea,maria,saas",maria andrea saa,,0,,0.00,
"carmen,garcia,maria,saas",maria del carmen saa garcia,,0,,0.00,
"elvira,madriñan,maria,saas",maria elvira madriñan saa,,0,,0.00,
"castillo,eugenia,maria,saas",maria eugenia saa castillo,,0,,0.00,
"f,grossi,maria,saas",maria f grossi-de-saa,,0,,0.00,
"fernanda,maria,rio,saas",maria fernanda rios saa,,0,,0.00,
"isabel,maria,saas,urosario",maria isabel saa urosario,,0,,0.00,
"juliana,maria,saas",maria juliana saa,,0,,0.00,
"mariadb,saas",mariadb saas,,0,,0.00,
"marianella,saas,sierra,supersalud",marianella sierra saa supersalud,,0,,0.00,
"atencion,director,mariela,saas,sierra,usuarii",mariela sierra saa directora atencion al usuariio,,0,,0.00,
"marinela,saas,sierra",marinela sierra saa,,0,,0.00,
"marinita,saas",marinita saa,,0,,0.00,
"bonilla,marina,saas",marino bonilla saa,,0,,0.00,
"german,maria,saas",mario german saa,,0,,0.00,
"marketing,placa,saas",market place of saas,,0,,0.00,
"advertising,company,marketing,saas",marketing and advertising saas companies,,0,,0.00,
"company,costo,marketing,saas",marketing costs for saas companies,,0,,0.00,
"marketing,mix,saas",marketing mix saas for,,0,,0.00,
"marketing,saas",marketing saa,,0,,0.00,
"analytics,marketing,saas",marketing saas analytics,,0,,0.00,
"marketing,priorités,saas",marketing saas priorités,,0,,0.00,
"marketplace,saas,service",marketplace of saas services,,0,,0.00,
"marketplace,saas,software",marketplace software saas,,0,,0.00,
"calvo,chicheria,ivan,marta,oscar,saas",marta saa y oscar ivan calvo chicheria,,0,,0.00,
"isabel,martha,saas",martha isabel saa,,0,,0.00,
"capcom,marvel,saas,vs",marvel vs capcom saa,,0,,0.00,
"andrea,maria,saas",mary andrea saa,,0,,0.00,
"marzo,saas,triangulo",marzo triangular saas,,0,,0.00,
"alejandro,borrero,mar,saas",maría alejandra borrero saa,,0,,0.00,
"application,datos,management,master,saas",master data management for saas applications,,0,,0.00,
"application,datos,management,master,pdf,saas",master data management for saas applications pdf,,0,,0.00,
"cloud,gestion,master,open,saas,software,source",master en software de gestión open source saas & cloud,,0,,0.00,
"matchmaker,saas",matchmaking saas,,0,,0.00,
"materiaalihallinto,saas",materiaalihallinto saas,,0,,0.00,
"cabesones,eduardono,matrices,saas",matrices eduardon saaen cabeson,,0,,0.00,
"andres,castillo,mauricio,saas",mauricio andres saa castillo,,0,,0.00,
"mauricio,saas,trejos",mauricio saa trejos,,0,,0.00,
"allow,max,odoo,saas,user",max user allowed odoo saas,,0,,0.00,
"allow,max,odoo,saas,tool,user",max user allowed odoo saas tools,,0,,0.00,
"allow,max,saas,user",max user allowed saas,,0,,0.00,
"maximo,saas,value",maximize saas value,,0,,0.00,
"ibm,maximo,saas",maximo saas ibm,,0,,0.00,
"maze,runner,saas",maze runner saa,,0,,0.00,
"competitors,mcafee,saas",mcafee saas competitors,,0,,0.00,
"endpoint,mcafee,protection,saas,suite",mcafee saas endpoint protection suite,,0,,0.00,
"mcafee,replacement,saas",mcafee saas replacement,,0,,0.00,
"accion,mecanica,saas,xolos",mecanismo de accion de xolair saa,,0,,0.00,
"medio,monitor,saas,software",media monitoring software / saas,,0,,0.00,
"bill,medico,review,saas,service",medical bill review services and saas,,0,,0.00,
"bill,medico,saas",medical billing saas,,0,,0.00,
"cali,famlia,libro,medicina,saas,universidad",medicina famliar universidad libre cali saa,,0,,0.00,
"famlia,libro,medicina,saas,universidad",medicina famliar universidad libre saa,,0,,0.00,
"cali,cirujao,medico,platico,saas",medico cirujao platico saa en cali,,0,,0.00,
"mefi,saas",mefia saa,,0,,0.00,
"megacol,saas",megacol saas,,0,,0.00,
"circulacion,mejor,nguineo,saas",mejor circulacion saa nguinea,,0,,0.00,
"arquitectura,desarrollo,mejor,saas",mejores arquitecturas de desarrollo para saas,,0,,0.00,
"inormatica,mejor,saas",mejores saas inormaticas,,0,,0.00,
"desarrollo,mejor,saas,tecnologicos",mejores tecnologías para desarrollar saas,,0,,0.00,
"membership,saas",membership saas,,0,,0.00,
"memne,saas",memnan saa,,0,,0.00,
"limentacion,mennasje,saas",mennasje de saa limentacion,,0,,0.00,
"diaz,merson,saas",merson diaz saa,,0,,0.00,
"diaz,futbol,merson,saas",merson diaz saa futbolista,,0,,0.00,
"auxiliar,mesa,negro,saas",mesa auxiliar saa negra,,0,,0.00,
"llama,mesajes,paltaforma,saas",mesajes y llamadas saas paltaforma,,0,,0.00,
"herrajes,mesasde,rustico,saas",mesasde saa rusticas con herrajes,,0,,0.00,
"message,saas",messaging saas,,0,,0.00,
"mesure,saas",mesurer saas,,0,,0.00,
"metodología,saas",metodología saas,,0,,0.00,
"metodo,saas,vida",metodos de vida saa,,0,,0.00,
"empresa,metrica,saas",metricas para empresas saas,,0,,0.00,
"company,metrica,saas",metrics for saas companies,,0,,0.00,
"bem,meu,querer,saas,sergio",meu bem querer sergio saas,,0,,0.00,
"10,asfalto,mezcla,saas",mezclas asfalticas saa-10,,0,,0.00,
"10,mezcla,saas",mezclas saa-10,,0,,0.00,
"mfa,saas",mfa saas,,0,,0.00,
"1,adoro,capitulo,saas,soom",mi adorable saa soom capitulo 1,,0,,0.00,
"madre,saas,yimi",mi madre yimi saa,,0,,0.00,
"mama,saas,yi",mi mama de yi saa,,0,,0.00,
"jimi,letra,mama,saas",mi mamá jimi saa letra,,0,,0.00,
"dama,oprimera,saas",mi oprimera dama saa,,0,,0.00,
"blanco,comedor,convinar,saas",mi saa es blanca que comedor le convina,,0,,0.00,
"hotel,mic,saas",mice hotel saas,,0,,0.00,
"michellin,saas",michellina saa,,0,,0.00,
"15m,integral,michiganbased,partnersmanes,saas",michiganbased algo saas 15m integrity partnersmanes,,0,,0.00,
"15m,integral,michiganbased,saas,serie",michiganbased algo saas 15m series integrity,,0,,0.00,
"microservices,saas",microservices and saas,,0,,0.00,
"365,business,central,dynamic,microsoft,saas",microsoft dynamics 365 business central saas,,0,,0.00,
"dynamic,microsoft,nave,saas",microsoft dynamics nav saas,,0,,0.00,
"dynamic,microsoft,saas",microsoft dynamics saas,,0,,0.00,
"exchange,microsoft,saas",microsoft exchange saas,,0,,0.00,
"microsoft,productos,saas",microsoft saas products,,0,,0.00,
"migration,saas",migrate to saas,,0,,0.00,
"6,angulo,migration,project,saas",migrate to saas project angular 6,,0,,0.00,
"migration,saas",migration saas,,0,,0.00,
"miguel,saas,servant",miguel de servantes saa,,0,,0.00,
"cartagena,creatividad,mateus,miguel,saas,zona",miguel mateus cartagena saa zona creativa,,0,,0.00,
"mike,saas",mika saa,,0,,0.00,
"macrame,mike,saas",miko saa macrame,,0,,0.00,
"diseño,milimetros,saas",milimetrico diseño.saa,,0,,0.00,
"buenaventura,minas,saas",minas buenaventura saa,,0,,0.00,
"implantes,saas",mis implantes saa,,0,,0.00,
"aja,missä,mönkijällä,saas",missä mönkijällä saa ajaa,,0,,0.00,
"chavo,mistercom,saas",mistercom el chavo del saas,,0,,0.00,
"energiaa,ihminen,mistä,saas",mistä ihminen saa energiaa,,0,,0.00,
"mistä,saas,vitamiini",mistä saa a vitamiinia,,0,,0.00,
"b12,mistä,saas,vitamiini",mistä saa b12 vitamiinia,,0,,0.00,
"d,mistä,saas,vitamiini",mistä saa d vitamiinia,,0,,0.00,
"hiilareita,mistä,saas",mistä saa hiilareita,,0,,0.00,
"kalsiumia,mistä,saas",mistä saa kalsiumia,,0,,0.00,
"kollageeni,mistä,saas",mistä saa kollageenia,,0,,0.00,
"mistä,rautaa,saas",mistä saa rautaa,,0,,0.00,
"kuka,mistä,saas,soitti,tietää",mistä saa tietää kuka soitti,,0,,0.00,
"mistä,saas,yhdistelylaina",mistä saa yhdistelylainan,,0,,0.00,
"bonusta,mistä,saas,sähköstä",mistä sähköstä saa bonusta,,0,,0.00,
"mito,palohälyttimen,poi,päältä,saas",miten palohälyttimen saa pois päältä,,0,,0.00,
"avustaja,henkilökohtaisen,mito,saas",miten saa henkilökohtaisen avustajan,,0,,0.00,
"mito,poi,saas,silmäpussit",miten silmäpussit saa pois,,0,,0.00,
"hajun,mito,poi,saas,valkosipulin",miten valkosipulin hajun saa pois,,0,,0.00,
"mito,saas",mito de saa,,0,,0.00,
"ei,kun,mitä,saas,tehdä,unta",mitä tehdä kun ei saa unta,,0,,0.00,
"mldelo,negocio,saas,softeare",mldelo negocio softeare saas,,0,,0.00,
"dos,mo,partes,saas,tercera",mo se saa las dos terceras partes,,0,,0.00,
"device,management,mobile,saas",mobile device management saas,,0,,0.00,
"application,mobile,saas",mobile saas applications,,0,,0.00,
"mobile,platform,saas",mobile saas platform,,0,,0.00,
"colombia,moda,saas",moda de colombia saa,,0,,0.00,
"modal,premize,saas",modalidad on premize o saas,,0,,0.00,
"definicion,modal,saas,software",modalidad software saas definicion,,0,,0.00,
"banda,gta,moda,pc,saas",mode de banda gta saa pc,,0,,0.00,
"modelo,saas,solucion",modelamiento de una solucion con saas,,0,,0.00,
"acta,cuenta,final,liquidacion,modelo,saas",modelo acta cuenta final liquidacion saas,,0,,0.00,
"comercial,modelo,saas",modelo comercial saas,,0,,0.00,
"colombia,contrato,modelo,saas",modelo contrato saas colombia,,0,,0.00,
"contrato,modelo,saas,software",modelo contrato software saas,,0,,0.00,
"acuerdo,empresa,familia,modelo,saas",modelo de acuerdo de una empresa familiar saas,,0,,0.00,
"aplicacion,modelo,saas",modelo de aplicacion saas,,0,,0.00,
"adquisicion,carta,intencion,modelo,saas,servicio",modelo de carta de intencion de adquisicion servicios saas,,0,,0.00,
"colombia,contrato,modelo,saas",modelo de contrato saas colombia,,0,,0.00,
"estatuto,modelo,saas",modelo de estatutos saas,,0,,0.00,
"ingreso,modelo,saas",modelo de ingresos saas,,0,,0.00,
"modelo,negocio,saas",modelo de negocio de saas,,0,,0.00,
"modelo,negocio,saas",modelo de negócio saas,,0,,0.00,
"dsr,modelo,saas",modelo dsr saas,,0,,0.00,
"modelo,negocio,saas",modelo negocio saas,,0,,0.00,
"estrategias,freemium,modelo,negocio,precio,saas",modelo negocio saas estrategia de precios freemium,,0,,0.00,
"freemium,modelo,negocio,saas",modelo negocio saas freemium,,0,,0.00,
"modelo,saas",modelo saa,,0,,0.00,
"cobre,modelo,saas",modelo saas de cobro,,0,,0.00,
"modelo,saas,suscripcion",modelo saas de suscripciones,,0,,0.00,
"colombia,modelo,saas,service,software",modelo saas software as a service colombia,,0,,0.00,
"colombia,modelo,saas,service,software,tarifas",modelo saas software as a service colombia tarifas,,0,,0.00,
"contrato,modelo,saas",modelos de contrato saas,,0,,0.00,
"decontrato,modelo,saas",modelos decontrato saas,,0,,0.00,
"moderna,platform,saas",modern saas platform,,0,,0.00,
"ce,certificate,csa,iso,modulo,saas,tuvo,ul",modules certificates ce tuv ul iso csa saa,,0,,0.00,
"comprar,facturacion,modulo,saas",modulo de compras y facturacion en saas,,0,,0.00,
"land,modèle,pago,saas",modèle landing page saas,,0,,0.00,
"montecarmelo,saas",montecarmelo saa,,0,,0.00,
"montesco,saas",montescas saa,,0,,0.00,
"moodle,saas",moodle pero saas,,0,,0.00,
"kia,mootor,pasto,saas",mootor kia saas pasto,,0,,0.00,
"b2b,enterprise,importancia,kpis,marketing,organos,saas",most important kpis for a b2b enterprise saas marketing organization,,0,,0.00,
"moto,saas",motos saa,,0,,0.00,
"metrica,mrr,saas",mrr saas metric,,0,,0.00,
"2,circunvalacion,maracaibo,mrw,saas",mrw maracaibo circunvalacion 2 saas,,0,,0.00,
"msp,saas",msp saas,,0,,0.00,
"mte,saas",mte saa,,0,,0.00,
"mu,saas,team",mu team saa,,0,,0.00,
"ach,harold,saas",mucho ache harold saa,,0,,0.00,
"muebles,saas",muebles de saa,,0,,0.00,
"muebles,saas",muebles para saa,,0,,0.00,
"angulo,civil,ingeniero,muerte,saas",muerte de ingeniero civil de saa angulo,,0,,0.00,
"hurtado,muerte,pastor,saas,wiston",muerte del pastor wiston hurtado saa,,0,,0.00,
"monteria,mujer,radiologia,saas",mujer saa radiologia monteria,,0,,0.00,
"1er,31,33a,59,cra,mukltiterapia,n,norte,piso,saas",mukltiterapia saa cra 33a norte n 31 59 1er piso,,0,,0.00,
"marketplace,multi,saas,vendor",multi vendor marketplace saas,,0,,0.00,
"advantage,architecture,multi,saas,tenancy",multi-tenancy saas architecture advantages,,0,,0.00,
"marketing,multilevel,saas",multilevel marketing saas,,0,,0.00,
"multinivel,saas",multinivel saas,,0,,0.00,
"aseo,mundo,saas",mundo aseo saa,,0,,0.00,
"ake,ka,kee,museo,ontario,real,saas,wow",museo real de ontario kee-akee-ka-saa-ka-wow,,0,,0.00,
"charlie,musica,saas,youtube",musica de charlie saa youtube,,0,,0.00,
"char,musica,parece,saas",musica parecida a la de charly saa,,0,,0.00,
"gustavo,muñoz,saas",muñoz saa gustavo,,0,,0.00,
"metrica,saas",métricas saas metrics,,0,,0.00,
"nabhyl,saas,trespalacios",nabhyl saaid trespalacio,,0,,0.00,
"nabhyl,rivera,saas,trespalacios",nabhyl saaid trespalacio rivero,,0,,0.00,
"g,nacional,papa,r,saas",nacional de papa's r & g saa,,0,,0.00,
"fink,nadie,pitu,saas",nadia fink pitu saa,,0,,0.00,
"matricial,nalisis,saas,sap,walter",nalisis matricial con sap de walter saa,,0,,0.00,
"hee,name,saas",nam saa hee,,0,,0.00,
"naruto,saas,shisui,uchija",naruto saa shisui uchija,,0,,0.00,
"nawal,saas",nawal el saa,,0,,0.00,
"biografia,nawal,saas",nawal el saa biografia,,0,,0.00,
"bogota,cobre,direccion,juridica,ncomo,oficina,saas,vtelefono",ncome saa cobros juridicos direccion oficina y vtelefonos bogota,,0,,0.00,
"contacto,details,nedbank,saas,voyage",nedbank saa voyager contact details,,0,,0.00,
"nee,saas",nee saa,,0,,0.00,
"alt,diferencial,negocio,saas",negocios saas altamente diferenciados,,0,,0.00,
"negocio,saas",negocios saas que es,,0,,0.00,
"nelly,saas",nelly saa,,0,,0.00,
"net,saas",net saas,,0,,0.00,
"example,net,saas",net saas example,,0,,0.00,
"netapp,saas",netapp saas,,0,,0.00,
"backup,netapp,saas",netapp saas backup,,0,,0.00,
"netapp,portal,saas",netapp saas portal,,0,,0.00,
"netware,saas",netware for saa,,0,,0.00,
"network,saas",networking para saas,,0,,0.00,
"cliente,example,new,pdf,playbook,saas",new client playbooks saas examples pdf,,0,,0.00,
"cliente,example,new,onboarding,pdf,playbook,saas",new client playbooks saas examples pdf onboarding,,0,,0.00,
"nicolas,rodriguez,saas",nicolas rodriguez saa,,0,,0.00,
"niii,saas",niii.saa,,0,,0.00,
"atlantico,nit,saas,siledad,transefi",nit de transefi saa en siledad atlantico,,0,,0.00,
"exportar,nit,pez,saas",nit export pez saa,,0,,0.00,
"niurka,saas",niurka de saa,,0,,0.00,
"ballet,niurka,saas",niurka de saa ballet,,0,,0.00,
"disponibilidad,nivel,saas,servicio",nivel de disponibilidad servicio saas,,0,,0.00,
"como,niños,saas",niños comiendo saa,,0,,0.00,
"003,imnc,nmx,saas",nmx saa-003-imnc,,0,,0.00,
"14001,2015,ambiental,gestion,imnc,nmx,saas,sistema",nmx-saa-14001-imnc-2015 sistema de gestión ambiental,,0,,0.00,
"14064,2006,2007,3,imnc,iso,nmx,saas",nmx-saa-14064-3-imnc-2007 iso 14064-3 2006,,0,,0.00,
"0,nnnnnnnnnnnnn,saas",nnnnnnnnnnnnn saaad 0,,0,,0.00,
"crear,falta,saas,tiempo",no creo que saa falta de tiempo,,0,,0.00,
"afureteru,daeou,hageshiku,hoshiin,kiwami,motta,nakisakebe,sa,saas",no kiwami sa motto hoshiin daeou saa nakisakebe hageshiku afureteru,,0,,0.00,
"noah,saas",noah saas,,0,,0.00,
"cloud,js,node,saas",node js cloud saas,,0,,0.00,
"chokidar,node,saas",node-saas-chokidar,,0,,0.00,
"char,nombre,saas",nombre de charli saa,,0,,0.00,
"charlie,guasca,nombre,restaurante,saas",nombre del restaurante de charlie saa en guasca,,0,,0.00,
"marketing,non,profit,saas,web",non profit saas for web and marketing,,0,,0.00,
"auditor,estandar,normas,saas",normas de auditoría estandar saa,,0,,0.00,
"normas,saas",normas saa,,0,,0.00,
"norquimia,saas",norquimia saa,,0,,0.00,
"21,cali,miguel,muerte,noticias,saas,saber,septiembre",noticia sabado 21 de septiembre cali muerte miguel saa,,0,,0.00,
"notificacion,saas",notificacion ante la saa,,0,,0.00,
"novasoft,saas",novasoft saas,,0,,0.00,
"ejemplares,luis,miguel,novela,saas,saavedra",novelas ejemplares de luis miguel saavedra saa,,0,,0.00,
"agustin,novena,saas",novena de saaaan agustin,,0,,0.00,
"gulp,npm,saas",npm gulp-saas,,0,,0.00,
"framework,net,npm,saas",npm saas net framework,,0,,0.00,
"edispina,nti,saas",nti edispina saa,,0,,0.00,
"nukak,saas",nukak saa,,0,,0.00,
"antoio,capillade,numero,ocaña,saas",numero de la capillade saa antoio ocaña,,0,,0.00,
"costructora,marquis,numero,saas,telefono",numero de telefono costructora marquis saa,,0,,0.00,
"cali,isabel,maria,nutricion,saas",nutricionista maria isabel saa cali,,0,,0.00,
"apais,nutriplus,saas",nutriplus apai saa,,0,,0.00,
"consultores,nutre,saas",nutrir consultores saas,,0,,0.00,
"nyc,saas",nyc saa,,0,,0.00,
"040,ct,saas",o ct-saa-040,,0,,0.00,
"metodo,migração,na,pesquisa,saas",o metodo de saaid na pesquisa sobre migração,,0,,0.00,
"access,addon,control,main,oauth2,odoo,saas,server,tokeninfo",oauth2 tokeninfo access odoo.addons.saas_server.controllers.main,,0,,0.00,
"laboral,obra,saas",obra o labor saa,,0,,0.00,
"ocati,saas",ocati saa,,0,,0.00,
"cali,odontologico,saas",odontologo saa cali,,0,,0.00,
"odonto,saas",odontos saas,,0,,0.00,
"10,odoo,productos,saas",odoo 10 saas product,,0,,0.00,
"10,odoo,productos,saas,toold",odoo 10 saas toold product,,0,,0.00,
"10,odoo,productos,saas,tool",odoo 10 saas tools product,,0,,0.00,
"8,backup,database,odoo,saas,schedule",odoo 8 backup saas databases scheduler,,0,,0.00,
"odoo,productos,saas,tab",odoo product saas tab,,0,,0.00,
"dns,odoo,saas",odoo saas dns,,0,,0.00,
"exportar,odoo,saas",odoo saas export,,0,,0.00,
"odoo,productos,saas",odoo saas product,,0,,0.00,
"odoo,saas,tool",odoo saas tools,,0,,0.00,
"bionica,odoo,saas,tool",odoo saas tools bionic,,0,,0.00,
"change,number,odoo,saas,tool,user",odoo saas tools change number of users,,0,,0.00,
"delete,odoo,saas,tool,user",odoo saas tools delete user,,0,,0.00,
"godaddy,odoo,saas,tool",odoo saas tools godaddy,,0,,0.00,
"instalar,odoo,saas,tool",odoo saas tools install,,0,,0.00,
"instalar,odoo,saas,tool",odoo saas tools installation,,0,,0.00,
"max,odoo,saas,tool,user",odoo saas tools max users,,0,,0.00,
"odoo,saas,tool,web",odoo saas tools web,,0,,0.00,
"delete,odoo,saas,user",odoo saas user delete,,0,,0.00,
"delete,oauth,odoo,saas,user",odoo saas user delete oauth,,0,,0.00,
"backup,odoo8,saas",odoo8 saas backup,,0,,0.00,
"backup,ftp,odoo8,saas",odoo8 saas ftp backup,,0,,0.00,
"backup,ftp,odoo8,saas,server",odoo8 saas ftp backup saas_server_backup_ftp,,0,,0.00,
"backup,odoo8,saas,tool",odoo8 saas tools backup,,0,,0.00,
"backup,ftp,odoo8,saas,server",odoo8 saas_server_backup_ftp,,0,,0.00,
"365,backup,office,saas",office 365 saas backup,,0,,0.00,
"365,office,paa,saas",office 365 saas or paas,,0,,0.00,
"officescan,saas",officescan saas,,0,,0.00,
"login,officescan,saas",officescan saas login,,0,,0.00,
"oinsart,saas",oinsart saa,,0,,0.00,
"okr,saas",okr saas,,0,,0.00,
"olimpica,saas",olimpica saao,,0,,0.00,
"houma,juun,oms,saas",om houm juun saa,,0,,0.00,
"andaasustando,maji,oi,omai,saas",omai saa maji andaasustando oi,,0,,0.00,
"omo,orho,saas",omo saaar un orho,,0,,0.00,
"figuras,omo,perimerto,saas",omo se saa el perimerto de una figura,,0,,0.00,
"letra,omo,saas",omo se saa la letra se,,0,,0.00,
"prem,saas,vs",on prem vs saas,,0,,0.00,
"onboarding,saas,software",onboarding saas software,,0,,0.00,
"management,online,portfolio,project,saas,software",online portfolio saas project management software,,0,,0.00,
"management,online,project,saas,software",online saas project management software,,0,,0.00,
"eventos,ope,saas",ope eventos saa,,0,,0.00,
"application,open,saas,source",open source saas applications,,0,,0.00,
"openshift,saas",openshift saas,,0,,0.00,
"modelo,operacion,saas",operacion para un modelo saas,,0,,0.00,
"management,marketing,operaciones,saas",operations marketing manager saas,,0,,0.00,
"opina,saas",opine saas,,0,,0.00,
"continuo,optimisation,saas",optimisation continue saas,,0,,0.00,
"conversion,optimisation,saas",optimiser conversion saas,,0,,0.00,
"inscription,optimisation,saas",optimiser inscription saas,,0,,0.00,
"onboarding,optimisation,saas",optimiser onboarding saas,,0,,0.00,
"internet,optimisation,saas,site",optimiser site internet saas,,0,,0.00,
"extension,java,oracle,saas",oracle java saas extension,,0,,0.00,
"acuerdo,an,oracle,saas",oracle saas acuerdos ans,,0,,0.00,
"acuerdo,an,colombia,oracle,saas",oracle saas acuerdos ans en colombia,,0,,0.00,
"acuerdo,an,latinoamerica,oracle,saas",oracle saas acuerdos ans en latinoamerica,,0,,0.00,
"agreement,oracle,saas",oracle saas agreement,,0,,0.00,
"oracle,paa,saas",oracle saas and paas,,0,,0.00,
"infrastructure,oracle,saas",oracle saas infrastructure,,0,,0.00,
"extension,java,oracle,saas",oracle saas java extension,,0,,0.00,
"oracle,saas,service",oracle saas services,,0,,0.00,
"organizacion,saas",organizacion saa,,0,,0.00,
"organizacion,saas,sanabria",organizacion sanabria saas,,0,,0.00,
"administrativo,organos,saas",organos administrativos de una saa,,0,,0.00,
"orlando,saas",orlando saa,,0,,0.00,
"orlando,saas,trochez",orlando saa trochez,,0,,0.00,
"enrique,oswaldo,padilla,saas",oswaldo enrique saa padilla,,0,,0.00,
"otem,saas",otem saa,,0,,0.00,
"auditiva,outils,saas,seo",outil audit seo saas,,0,,0.00,
"outils,saas",outil saas,,0,,0.00,
"outlook,saas",outlook saas,,0,,0.00,
"outreach,saas",outreach saas,,0,,0.00,
"development,outsourcing,productos,saas",outsource saas product development,,0,,0.00,
"løsning,norge,oversikt,saas",oversikt saas løsninger norge,,0,,0.00,
"multiple,opciones,p,reguntas,saas",p reguntas opcion multiple saas,,0,,0.00,
"difference,paa,saas",paas saas difference,,0,,0.00,
"alberto,pablo,saas,varon",pablo alberto saa varona,,0,,0.00,
"cali,javeriana,pablo,saas",pablo saa javeriana cali,,0,,0.00,
"definicion,paciente,saas",pacientes saa definicion,,0,,0.00,
"index,pacifico,php,saas",pacific saas index php,,0,,0.00,
"index,pacifico,php,phsauth,saas,signo",pacific saas index php phsauth sign out,,0,,0.00,
"pagamento,saas",pagamento saas,,0,,0.00,
"pago,pricing,saas",page pricing saas,,0,,0.00,
"exemple,pago,pricing,saas",page pricing saas exemple,,0,,0.00,
"pago,prix,saas",page prix saas,,0,,0.00,
"conseil,pago,prix,saas",page prix saas conseils,,0,,0.00,
"exemple,pago,prix,saas",page prix saas exemple,,0,,0.00,
"pagina,saas",pagina se saa,,0,,0.00,
"celebra,cerrvantes,lectura,miguel,palabras,saas,saavedra",palabras celebres sobre la lectura miguel de cerrvantes saavedra saa,,0,,0.00,
"celebra,cevedrarvantes,lectura,miguel,palabras,saas",palabras celebres sobre la lectura miguel de cevedrarvantes saa,,0,,0.00,
"opiskelija,paljonko,saas,tienata",paljonko opiskelija saa tienata,,0,,0.00,
"ansiosidonnaisella,paljonko,saas,tienata",paljonko saa tienata ansiosidonnaisella,,0,,0.00,
"eläkkeen,lisäksi,paljonko,saas,tienata",paljonko saa tienata eläkkeen lisäksi,,0,,0.00,
"2019,paljonko,saas,tienata,verottomana",paljonko saa tienata verottomana 2019,,0,,0.00,
"paljonko,rahaa,saas,työtön",paljonko työtön saa rahaa,,0,,0.00,
"2019,paljonko,saas,tienata,työtön",paljonko työtön saa tienata 2019,,0,,0.00,
"lentokone,osta,paljonko,saas,taxfree,viinaa",paljonko viinaa saa ostaa taxfree lentokone,,0,,0.00,
"kant,palomino,saas",palomino kanta saa,,0,,0.00,
"fotovoltaica,ht,panel,saas",panel ht-saae fotovoltaico,,0,,0.00,
"ht,panel,saas,solo",panel solar ht-saae,,0,,0.00,
"pantheon,saas",pantheon saas,,0,,0.00,
"pao,saas,vedra",pao saa vedra,,0,,0.00,
saas,para que es saas,,0,,0.00,
"examen,saas,sacar",para que se saca el examen de saa,,0,,0.00,
"bebe,lactario,saas",para saa de bebes lactarios,,0,,0.00,
"bebe,inicio,lactariosporperiodos,saas",para saa de bebes lactariosporperiodos de inicio,,0,,0.00,
"saas,sisben",para saa sisben,,0,,0.00,
"achat,d,parcours,saas",parcours d'achat saas,,0,,0.00,
"monitoreo,partes,saas",partes de la saa de monitoreo,,0,,0.00,
"erp,paa,participacion,premisas,saas",participacion erp saas paas on premise,,0,,0.00,
"erp,latam,paa,participacion,premisas,saas",participacion erp saas paas on premise latam,,0,,0.00,
"erp,latinoamerica,participación,premisas,proyecto,saas",participación proyectos saas on premise erp latinoamerica,,0,,0.00,
"andres,pasaje,saas",pasaje a saa andres,,0,,0.00,
"paa,paso,saas",pasar de saas a paas,,0,,0.00,
"39,angulo,desnivel,firma,paso,saas,suroriente",paso a desnivel suroriental 39 firma saa angulo,,0,,0.00,
"paso,saas",pasos para saas,,0,,0.00,
"mistä,pastaväri,saas",pastaväri mistä saa,,0,,0.00,
"hurtado,pastor,saas,wiston",pastor wiston hurtado saa,,0,,0.00,
"andrea,claro,paul,saas",paula andrea claros saa,,0,,0.00,
"go,modelo,pay,pricing,saas",pay as you go saas pricing model,,0,,0.00,
"fernando,gomez,pc,saas",pc fernando gómez de saa,,0,,0.00,
"pci,saas",pci saas,,0,,0.00,
"ass,pd10a,saas",pd10a-ass-saa,,0,,0.00,
"blanco,pechuga,saas",pechuga saas blanca,,0,,0.00,
"diego,pediatrica,saas",pediatra diego saa,,0,,0.00,
"antonio,calera,pedro,saas",pedro antonio calero saa,,0,,0.00,
"javeriana,pablo,pedro,saas",pedro pablo saa javeriana,,0,,0.00,
"pablo,pedro,saas,tafurde",pedro pablo saa tafurd,,0,,0.00,
"pablo,pedro,saas,tafurt",pedro pablo saa tafurt,,0,,0.00,
"javeriana,pablo,pedro,saas,tafurt",pedro pablo saa tafurt javeriana,,0,,0.00,
"pelicula,saas",pelicula de saa,,0,,0.00,
"cine,llorona,maldicion,pelicula,saas",pelicula la maldicion de la llorona saas de cine,,0,,0.00,
"bgita,cine,pelicula,saas,sucursal",pelicula la sucursal saas cine bgita,,0,,0.00,
"ade,eresa,pelicula,saas",pelicula saa eresa de los ade,,0,,0.00,
"management,performance,saas",performance management saas,,0,,0.00,
"application,performance,saas,test",performance testing saas applications,,0,,0.00,
"persom,saas,ubicación",persom saa ubicación,,0,,0.00,
"personas,saas",person saa,,0,,0.00,
"personas,saas",persona saas,,0,,0.00,
"futbol,necesita,partes,personas,saas",personas que se necesitan para un partido de futbol saa,,0,,0.00,
"gif,personas,saas",personas saa gif,,0,,0.00,
"energia,peruano,saas",peruana de energia saa,,0,,0.00,
"pampilla,petroperu,refinado,saas",petroperú y refinería la pampilla saa,,0,,0.00,
"11,gomez,pg,saas",pg-11 gomez de saa,,0,,0.00,
"pharma,saas",pharma saas,,0,,0.00,
"fredrik,il,pero,phare,saas",pharo per fredrik il saas,,0,,0.00,
"piattaforma,recruitment,saas",piattaforma saas recruiting,,0,,0.00,
"piel,saas",piel saa,,0,,0.00,
"1,105,artilleria,autopropulsado,joy,mm,piesas,saas",piesa de artilleria autopropulsada de 105 mm joya-saa 1,,0,,0.00,
"pike,saas",pik saao,,0,,0.00,
"morales,pillao,rodriguez,saas",pillao rodriguez saa en los morales,,0,,0.00,
"pittman,saas",pittman saa,,0,,0.00,
"pitu,saas",pitu saa,,0,,0.00,
"comisiones,plan,saas",plan de comisiones en saas,,0,,0.00,
"negocio,plan,saas",plan de negocios saas,,0,,0.00,
"bahia,callesx,marta,plan,saas",plano de las callesx de la bahia de saa marta,,0,,0.00,
"planteamiento,saas",planteamiento saas,,0,,0.00,
"plataforma,saas,videojuegos",plataforma de videojuegos saas,,0,,0.00,
"condominio,gestion,plataforma,saas",plataforma saas de gestión de condominios,,0,,0.00,
"plataforma,saas,videojuegos",plataforma saas videojuegos,,0,,0.00,
"plataforma,saas,videojuegos",plataforma videojuegos saas,,0,,0.00,
"cual,plataforma,saas",plataformas de saas cuales son,,0,,0.00,
"cloud,plataforma,saas",plataformas saas cloud,,0,,0.00,
"plataforma,saas",plataformas saas que es,,0,,0.00,
"cloud,plataforma,saas",plataformas son saas cloud,,0,,0.00,
"plataforma,saas,tipos",plataformas tipo saas,,0,,0.00,
"plateforme,saas",plateforme saas,,0,,0.00,
"platform,saas,service,vs",platform as a service vs saas,,0,,0.00,
"ciudad,extranjero,paul,poblacion,saas",población extranjera en la ciudad de saa paulo,,0,,0.00,
"poceanos,saas",poceanos saa,,0,,0.00,
"futbol,pocisiones,saas",pocisiones del futbol saa,,0,,0.00,
"medieval,periodo,persa,poeta,saas",poeta persa del periodo medieval saa,,0,,0.00,
"medieval,persa,poeta,saas",poeta persa medieval saa,,0,,0.00,
"107,años,murio,persa,poeta,saas",poeta persa que murio a los 107 años saa i,,0,,0.00,
"107,años,murio,persa,poeta,saas",poeta persa que murio a los 107 años saaa i,,0,,0.00,
"alquería,lca,policia,quema,saas",policia alque le quemaron lca saa+,,0,,0.00,
"candelaria,consejo,politica,saas",politica de candelaria consejal saa,,0,,0.00,
"candelaria,politica,saas",politica de candelaria saa,,0,,0.00,
"politica,saas,seguridad",politicas de seguridad para un saas,,0,,0.00,
"pop,saas",popen saas,,0,,0.00,
"blog,popular,saas",popular blogs saas,,0,,0.00,
"popular,saas",popular saas,,0,,0.00,
"saas,utilidad",por que es util saas,,0,,0.00,
"alimetacion,saas",por una alimetacion saa,,0,,0.00,
"alicia,carmen,colombiano,porno,saas",porno colombiano de carmen alicia saa,,0,,0.00,
"porno,saas,x",porno en saas x,,0,,0.00,
"laminitia,peoduce,saas",porque el saa peoduce laminitia,,0,,0.00,
"lamina,produce,saas",porque el saa produce laminitis,,0,,0.00,
"fomentar,responsabilidad,saas,sexual",porque fomentar una sexualidad saa y responsable,,0,,0.00,
"dun,portafolio,productos,saas",portafolio de productos dunas saa,,0,,0.00,
"management,portfolio,project,saas,software",portfolio saas project management software,,0,,0.00,
"cali,pos,saas",posada y saa cali,,0,,0.00,
"postgresql,saas,scheme",postgresql schema saas,,0,,0.00,
"potencia,saas",potencia saa,,0,,0.00,
"128,bi,error,power,saas,temp",power bi saas error 128 temp,,0,,0.00,
"ppm,saas",ppm saas,,0,,0.00,
"eficicacia,prductivo,saas",prductividad y eficicacia saa,,0,,0.00,
"precursores,saas",precursor saa,,0,,0.00,
"medicina,precursores,saas",precursor saa medicina,,0,,0.00,
"4,caballero,capitulo,predica,ricardo,saas",predica de saas capítulo 4 por ricardo caballero,,0,,0.00,
"hurtado,pastor,predica,saas,wiston",predicas pastor wiston hurtado saa,,0,,0.00,
"preguntas,saas,tecnologia",preguntas del la tecnologia saas,,0,,0.00,
"cricigrama,preguntas,saas,tecnologia",preguntas del la tecnologia saas cricigrama,,0,,0.00,
"crucigrama,preguntas,saas,tecnologia",preguntas del la tecnologia saas crucigrama,,0,,0.00,
"multiple,opciones,preguntas,saas",preguntas opcion multiple saas,,0,,0.00,
"preguntas,saas,tecnologia",preguntas sobre tecnologia saas,,0,,0.00,
"preguntas,saas,tecnologia",preguntas tecnologia saas,,0,,0.00,
"crucigrama,preguntas,saas,tecnologia",preguntas tecnologia saas crucigrama,,0,,0.00,
"char,grammy,premios,saas",premio grammy charly saa,,0,,0.00,
"independiente,prepago,saas",prepago independiente en saa,,0,,0.00,
"business,example,prestashop,saas,service",prestashop business services example saas,,0,,0.00,
"modelo,price,saas",price model saas,,0,,0.00,
"pricing,productos,saas",pricing a saas product,,0,,0.00,
"enable,free,go,marketplace,pricing,saas",pricing for saas enabled marketplaces when to go free,,0,,0.00,
"pricing,productos,saas",pricing for saas product,,0,,0.00,
"modelo,pricing,productos,saas",pricing model for saas products,,0,,0.00,
"modelo,pricing,saas,software",pricing models for saas software,,0,,0.00,
"pricing,productos,saas",pricing saas products,,0,,0.00,
"celedonio,harold,primer,saas",prima celedonia harold saa,,0,,0.00,
"legal,principales,reto,saas",principales retos legales del saas,,0,,0.00,
"cherwell,procedure,saas,upgrade",procedure upgrade cherwell saas,,0,,0.00,
"desarrollo,proceso,saas",proceso desarrollo saas,,0,,0.00,
"procon,saas",procon saa,,0,,0.00,
"procurador,saas,vendor",procurement saas vendors,,0,,0.00,
"create,odoo,productos,saas",product create odoo saas,,0,,0.00,
"informe,management,productos,saas",product information management saas,,0,,0.00,
"productos,saas,tab",product saas tab,,0,,0.00,
"productos,saas,tour",product tour saas,,0,,0.00,
"erp,productos,saas",productos de erp saas,,0,,0.00,
"productos,saas,servicio,software",productos de software como servicio saas,,0,,0.00,
"multiseal,productos,saas",productos multisal saa,,0,,0.00,
"proecons,saas",proecons saa,,0,,0.00,
"company,professional,saas,service",professional services in saas companies,,0,,0.00,
"company,profit,saas",profitable saas companies,,0,,0.00,
"ideas,profit,saas",profitable saas ideas,,0,,0.00,
"progiciel,saas",progiciel saas,,0,,0.00,
"estadistica,programa,saas",programa estadistico saas,,0,,0.00,
"programa,saas,sga",programa sga saas,,0,,0.00,
"01,34,administrativo,aeronautica,ambiental,civil,dc,programa,saas",programas de administración ambiental de la aeronáutica civil saa-dc-34.01,,0,,0.00,
"pro,saas",proing saa,,0,,0.00,
"management,portfolio,project,saas",project portfolio management saas,,0,,0.00,
"prolaps,saas",prolap saa,,0,,0.00,
"promocion,saas",promociones del saao,,0,,0.00,
"promotec,saas",promotec saa,,0,,0.00,
"digital,propuesta,saas,war",propuesta saas digital ware,,0,,0.00,
"adolfo,propuesta,rodriguez,saas",propuestas de adolfo rodriguez saa,,0,,0.00,
"convivencia,propuesta,saas",propuestas de saa convivencia,,0,,0.00,
"bi,propuesta,saas",propuestas de saas bi,,0,,0.00,
"pros,saas",prose saas,,0,,0.00,
"carnival,carolina,prosesafos,saas",prosesafos carnivos la carolina saa,,0,,0.00,
"prostata,saas",prostata saa,,0,,0.00,
"proteccion,saas",proteccion saa,,0,,0.00,
"proteinas,saas",proteinas saa,,0,,0.00,
"proteinas,saas",proteína saa,,0,,0.00,
"protocolo,saas",protocolo saa,,0,,0.00,
"development,proxy,saas",proxies for saas developers,,0,,0.00,
"1,joy,proyecto,saas",proyecto joya saa-1,,0,,0.00,
"carlos,proyecto,saas,san",proyecto san carlos saa,,0,,0.00,
"latinoamerica,premisas,proyecto,saas",proyectos on premise saas latinoamerica,,0,,0.00,
"django,postgresql,proyecto,saas,tenant",proyectos saas con django tenant postgresql,,0,,0.00,
"colombia,contabilidad,proyecto,saas",proyectos saas para contabilidad en colombia,,0,,0.00,
"contabilidad,proyecto,saas",proyectos saas para contabilidas,,0,,0.00,
"proyecto,saas,vivienda",proyectos vivienda saa,,0,,0.00,
"futbol,prtido,saas",prtidos de futbol saa,,0,,0.00,
"prueba,saas",prueba saa,,0,,0.00,
"inloggen,psonline,saas,unit4",psonline unit4 saas inloggen,,0,,0.00,
"pta,saas",pta saa,,0,,0.00,
"publico,saas",public saas,,0,,0.00,
"multiple,publico,saas",public saas multiples,,0,,0.00,
"publisidad,saas",publiser saas,,0,,0.00,
"colombia,publisidad,saas",publiser saas colombia,,0,,0.00,
"puerto,saas",puerto saa,,0,,0.00,
"marta,pulitranss,saas,santa",pulitranss saa de santa marta,,0,,0.00,
"pulpack,saas",pulpack saa,,0,,0.00,
"punto,saas,servicio",punto de servicios saa,,0,,0.00,
"order,purchase,saas",purchase order saas,,0,,0.00,
"notificaciones,push,saas",push notification saas,,0,,0.00,
"haastatteluun,mutter,pääsen,saas,töitä",pääsen haastatteluun mutta en saa töitä,,0,,0.00,
"q,saas",q es el saas,,0,,0.00,
"q,saas",q es la saa,,0,,0.00,
"charles,genero,musica,q,saas",q genero es la musica charle saa,,0,,0.00,
"qbica,saas",qbico saas,,0,,0.00,
"qlikview,saas",qlikview saas,,0,,0.00,
"cloud,qms,saas",qms cloud saas,,0,,0.00,
"españa,ir,pasaporte,qu,saas",qu pasaporte se saa para ir a españa,,0,,0.00,
"addie,cancion,canto,saas",que cancion canto addie saa,,0,,0.00,
"como,hermosa,piel,saas,tener",que comer para tener una piel hermosa y saa,,0,,0.00,
"componen,ray,saas,x",que compone una saa de rayos x,,0,,0.00,
"contenido,debe,moderna,saas",que debe contener una saa moderna,,0,,0.00,
"aseguradora,informacion,saas",que es aseguramiento de la informacion en saas,,0,,0.00,
"area,saas",que es el area y como se saa,,0,,0.00,
"saas,salud",que es el saa en salud,,0,,0.00,
"saas,slideshare",que es el saa slideshare,,0,,0.00,
"entorno,saas",que es entorno saas,,0,,0.00,
"erp,saas",que es erp saas,,0,,0.00,
"etp,saas",que es etp saas,,0,,0.00,
"ka,saas,siglo",que es ka sigla saas,,0,,0.00,
"bagur,empresa,saas",que es la empresa bagur saas,,0,,0.00,
"saas,siglo",que es la sigla saas,,0,,0.00,
"modal,saas",que es modalidad saas,,0,,0.00,
"gestion,saas",que es saa en gestion,,0,,0.00,
"saas,salud",que es saa en salud,,0,,0.00,
"auditoria,saas",que es saa en una auditoria,,0,,0.00,
saas,que es saaa,,0,,0.00,
saas,que es saae,,0,,0.00,
"business,saas",que es saas business,,0,,0.00,
"cloud,computador,saas",que es saas cloud computing,,0,,0.00,
"computador,saas",que es saas computing,,0,,0.00,
"saas,software",que es saas de software,,0,,0.00,
"empleso,saas",que es saas emplesa,,0,,0.00,
"internet,saas",que es saas en internet,,0,,0.00,
"saas,salud",que es saas en salud,,0,,0.00,
"lasso,pass,saas",que es saas lass pass,,0,,0.00,
"marketing,saas",que es saas marketing,,0,,0.00,
"microsoft,saas",que es saas microsoft,,0,,0.00,
"paa,saas",que es saas paas,,0,,0.00,
"daa,saas",que es saas y daas,,0,,0.00,
"saas,solucion",que es soluciones saas,,0,,0.00,
"contrato,saas",que es un contrato saas,,0,,0.00,
saas,que es un saa,,0,,0.00,
"administrativo,ambiental,saas,sistema",que es un sistema de administración ambiental saa,,0,,0.00,
"programa,saas",que es un un programa saas,,0,,0.00,
"herramientas,saas",que es una herramienta saas,,0,,0.00,
"caracteristicas,saas",que es y caracteristicas de saas,,0,,0.00,
"caracteristicas,saas",que es y caracteristicas del saas,,0,,0.00,
"caracteristicas,saas",que es y caracteristicas saas,,0,,0.00,
"empresa,esel,objetivos,saas,social",que esel objeto social de una empresa saa,,0,,0.00,
"efagram,hacer,saas",que hace efagram saas,,0,,0.00,
"group,hacer,saas,stf",que hace stf group saas,,0,,0.00,
"hormonas,nivel,paso,saas,vaca",que pasa a nivel hormonal cuando una vaca se saa,,0,,0.00,
"gsydgsbhdt,hydrmbdyt,joisdfnmjhyd,saas",que saa joisdfnmjhyd hydrmbdyt gsydgsbhdt,,0,,0.00,
"debe,exige,proveedores,saas",que se le debe exigir a un proveedor de saas,,0,,0.00,
"muestra,saas,seco,suelo",que se saa de una muestra de suelo seca,,0,,0.00,
"saas,siginifica",que siginifica saas,,0,,0.00,
"deejishichyun,saas,significa",que significa deejishichyun saa,,0,,0.00,
"espñaol,saas,significa",que significa saa en espñaol,,0,,0.00,
"japon,saas,significa",que significa saa japones,,0,,0.00,
"japon,nee,saas,significa",que significa saa nee japones,,0,,0.00,
"saas,servicio,significa",que significa saas como servicio,,0,,0.00,
"guatemala,saas,significa",que significa saas en guatemala,,0,,0.00,
"saas,siglo,significa",que significa saas sigla,,0,,0.00,
"nombre,saas,significado",que significado tiene el nombre saa,,0,,0.00,
"ht,saas,significa",que significs ht-saae,,0,,0.00,
"saas,servicio",que son servicios de saas,,0,,0.00,
"debe,politica,saas,tener,tipos",que tipo de politicas se debe tener en un saas,,0,,0.00,
"big,datos,saas,ventajas",que ventaja es saas big data,,0,,0.00,
"que,saas",quee esa saas,,0,,0.00,
"adriana,saas",quien es adriana saa,,0,,0.00,
"hurtado,jhovany,saas",quien es jhovany hurtado saa,,0,,0.00,
"abogado,hurtado,jhovany,pastor,saas",quien es jhovany hurtado saa es abogado o pastor,,0,,0.00,
"gente,hurtado,jhovany,mal,saas",quien es jhovany hurtado saa es mala gente,,0,,0.00,
"cervantes,edra,miguel,saas",quien fue miguel de cervantes saa edra,,0,,0.00,
"correcta,declarar,saas",qué declaración es correcta para saas,,0,,0.00,
"entiende,saas,servicio,software",qué entiende por software como servicio saas,,0,,0.00,
"modelo,saas",qué es el modelo saas,,0,,0.00,
"paa,saas",qué es el saas y paas,,0,,0.00,
"saas,salud",qué es saa en salud,,0,,0.00,
"beneficios,caracteristicas,desventajas,saas,ventajas",qué es saas caracteristicas beneficios ventajas y desventajas,,0,,0.00,
"saas,sistema",qué es un sistema saas,,0,,0.00,
"proporcion,saas",qué proporciona saas,,0,,0.00,
"decir,iniciales,quiero,saas",qué quiere decir las iniciales saas,,0,,0.00,
"empresa,saas,significa",qué significa saa en una empresa,,0,,0.00,
"saas,servicio,significa",qué significa saas como servicio,,0,,0.00,
"radius,saas",radius saas,,0,,0.00,
"capital,raise,saas",raising capital for saas,,0,,0.00,
"ramon,saas",ramona de saa,,0,,0.00,
"ranking,saas",ranking saa,,0,,0.00,
"development,rapido,saas",rapid saas development,,0,,0.00,
"caprinos,pdf,raza,saas",raza caprina saaen pdf,,0,,0.00,
"caprinos,pdfpdf,raza,saas",raza caprina saaen pdfpdf,,0,,0.00,
"razon,saas,social",razon social s.a de saa,,0,,0.00,
"rebuild,saas,symfony4",rebuild saas symfony4,,0,,0.00,
"custom,recruitment,saas,startup,success",recruiter customer success for saas startup,,0,,0.00,
"recruitment,saas,software",recruitment software saas,,0,,0.00,
"recrutement,saas",recrutement saas,,0,,0.00,
"recuros,saas,vcdanco",recurring saas vcdanco,,0,,0.00,
"aveyard,que,red,saas,victoria",red queen victoria aveyard saa,,0,,0.00,
"hermanos,operacion,red,saas",red saa operacion hermanos,,0,,0.00,
"reddit,saas,subdirectorios,subdomain",reddit saas subdomain or subdirectory,,0,,0.00,
"ingenieria,redelectra,saas",redelectra ingenieria saa,,0,,0.00,
"cloud,computador,red,saas,social",redes sociales cloud computing saas,,0,,0.00,
"churn,reducir,saas",reduce churn saas,,0,,0.00,
"reerva,saas,unal",reervar a saa unal,,0,,0.00,
"chf,reestructuración,saas",reestructura saa chf,,0,,0.00,
"bogota,chf,reestructuración,saas,telefono",reestructura saa chf bogota telefono,,0,,0.00,
"referral,saas,software",referral software for saas,,0,,0.00,
"internet,refonte,saas,site",refonte site internet saas,,0,,0.00,
"refonte,saas,site,vitrinas",refonte site vitrine saas,,0,,0.00,
"refonte,saas,site,web",refonte site web saas,,0,,0.00,
"arquitectura,mg,refugio,saas,territorial",refugio mg saa arquitectura territorio,,0,,0.00,
"arquitectura,mg,plan,refugio,saas,territorial",refugio mg saa arquitectura territorio planos,,0,,0.00,
"futbo,regamento,saas",regament de futb saa,,0,,0.00,
"america,express,region,saas",regional express americas saa,,0,,0.00,
"registro,saas",registro saas,,0,,0.00,
"registro,saas,venezuela",registro saas venezuela,,0,,0.00,
"reglamento,saas",reglamento del saa,,0,,0.00,
"archivistica,reglamento,saas",reglamento del saa archivistica,,0,,0.00,
"informatica,reglas,saas",reglas de la saa de informática,,0,,0.00,
"cerero,paralisis,rehailitacion,saas",rehailitacion paralisis cereral saa,,0,,0.00,
"relatos,saas",relativity saas,,0,,0.00,
"not,release,saas",release notes for saas,,0,,0.00,
"management,rental,saas",rental management saas,,0,,0.00,
"rental,saas",rental saas,,0,,0.00,
"comprar,facturacion,grafica,modulo,representacion,saas",representacion grafica modulo de compras y facturacion en saas,,0,,0.00,
"implementacion,requerimientos,saas,usuario",requerimientos del usuario para la implementacion saa,,0,,0.00,
"requerimientos,saas,servicio",requerimientos para servicio saas,,0,,0.00,
"requerimientos,saas",requerimientos saas,,0,,0.00,
"requisitos,saas",requisitos del saa,,0,,0.00,
"dell,gta,minas,requisitos,saas",requisitos minimos dell gta saa,,0,,0.00,
"réseaux,saas,sociaux",reseaux sociaux saas,,0,,0.00,
"agreement,reseller,saas",reseller agreement saas,,0,,0.00,
"responsabilidad,saas,social",responsabilidad social saa,,0,,0.00,
"delivery,restaurante,saas",restaurant delivery saas,,0,,0.00,
"charlie,guasca,restaurante,saas",restaurante en guasca de charlie saa,,0,,0.00,
"mig,numerlogia,resultados,saas",resultado de numerlogia migue saa,,0,,0.00,
"baloto,colombia,resultados,saas",resultado del baloto colombia saa,,0,,0.00,
"forecast,revenue,saas",revenue forecast saas,,0,,0.00,
"akher,egipto,revista,saas",revistas en egipto akher saa,,0,,0.00,
"45,colt,mercadolibre,revolver,saas",revolver colt saa 45 mercadolibre,,0,,0.00,
"revolver,saas",revolver saa,,0,,0.00,
"1873,revolver,saas",revolver saa 1873,,0,,0.00,
"fractura,riesgo,saas",riesgo de fractura saas,,0,,0.00,
"ambientales,riesgo,saas",riesgos ambientales saa,,0,,0.00,
"riesgo,saas",riesgos saas,,0,,0.00,
"cola,rimet,saas",rimet col saas,,0,,0.00,
"españa,lugar,rio,saas,sur",rio del sur de lugo en españa saaa,,0,,0.00,
"futbol,rl,saas",rl futbol saa,,0,,0.00,
"conceptual,futbol,mapa,rl,saas",rl futbol saa mapa conceptual,,0,,0.00,
"rnp,saas",rnp saaar,,0,,0.00,
"jimyy,robo,saas",robaron a jimyy saa,,0,,0.00,
"2019,concierto,robert,saas",roberta saa conciertos 2019,,0,,0.00,
"robert,saas,silva",roberto saa silva,,0,,0.00,
"robo,saas,yimmi",robo yimmy saa,,0,,0.00,
"rochii,saas",rochii saa,,0,,0.00,
"colegio,convenio,rodrigo,saas,triana",rodrigo de triana colegio convenio del saa,,0,,0.00,
"cornea,rodrigo,saas",rodrigo saa cornea,,0,,0.00,
"exma,rodrigo,saas",rodrigo saa exma,,0,,0.00,
"abogado,azuero,rodriguez,saas",rodriguez azuero abogados saa,,0,,0.00,
"caida,rodriguez,saas",rodriguez saa caida,,0,,0.00,
"clinica,rodriguez,saas",rodriguez saa clinica,,0,,0.00,
"hermanos,rodriguez,saas",rodriguez saa hermanos,,0,,0.00,
"presidente,rodriguez,saas",rodriguez saa presidente,,0,,0.00,
"argentina,presidente,rodriguez,saas",rodriguez saa presidente argentina,,0,,0.00,
"luis,rodriguez,saas,san",rodriguez saa san luis,,0,,0.00,
"marketing,roi,saas,spend",roi marketing spend saas,,0,,0.00,
"royal,saas,ultra",royal ultra saas,,0,,0.00,
"management,royalty,saas,suite",royalties management saas suite,,0,,0.00,
"archer,rsa,saas",rsa archer saas,,0,,0.00,
"express,rules,saas",rular express saas,,0,,0.00,
"colombia,euromec,legal,rwpresentante,saas",rwpresentante legal euromec saa colombia,,0,,0.00,
"lol,rycce,saas",rycce saa lol,,0,,0.00,
"abogado,asociados,ryg,saas",ryg abogados y asociados saas,,0,,0.00,
"900258453,abogado,asociados,nit,ryg,saas",ryg abogados y asociados saas nit 900258453,,0,,0.00,
"industrial,ryl,saas",ryl industrias saas,,0,,0.00,
"lol,ryze,saas",ryze saa lol,,0,,0.00,
"andres,hotel,onvacation,s0an,saas,z",s0an andres hoteles de onvacation saa z z,,0,,0.00,
"01374,saas",saa 01374,,0,,0.00,
"01374,ambiental,saas",saa 01374 ambiental,,0,,0.00,
"1029bbc,saas",saa 1029bbc,,0,,0.00,
"1029bbc,reemplazo,saas",saa 1029bbc reemplazo,,0,,0.00,
"160,saas",saa 160,,0,,0.00,
"1º,saas",saa 1º,,0,,0.00,
"111111111111111111111111111111111111,1º,saas",saa 1º 111111111111111111111111111111111111,,0,,0.00,
"35021523,saas",saa 35021523,,0,,0.00,
"5th,corp,saas",saa 5th corps,,0,,0.00,
"7130,aplicacion,card,saas,tunes,tv",saa 7130 tv card tv tuner aplicacion,,0,,0.00,
"7130,aplicacion,card,saas,tunes,tv,windows,xp",saa 7130 tv card tv tuner aplicacion windows xp,,0,,0.00,
"7135,saas",saa 7135,,0,,0.00,
"7135,pci,saas,tarjeta,tv",saa 7135 tarjeta pci de tv,,0,,0.00,
"4,9,descargar,full,saas",saa 9.4 descargar full,,0,,0.00,
"90,day,plan,saas",saa 90 day plan,,0,,0.00,
"kl,klklklklkl,op0,pñl,saas,º,ñññ",saa a klklklklkl kl pñl.ñññ.op0'º++,,0,,0.00,
"200,a340,saas",saa a340 200,,0,,0.00,
"300,a340,saas",saa a340 300,,0,,0.00,
"aaaaaaaaaasssssss,saas",saa aaaaaaaaaasssssss,,0,,0.00,
"academia,saas,stockolm",saa academy stockolmo,,0,,0.00,
"advanced,iraq,road,saas",saa advances road iraq,,0,,0.00,
"aircraft,saas",saa aircraft,,0,,0.00,
"alternativas,saac,saas",saa alternativas de saac,,0,,0.00,
"aluminio,cali,saas",saa aluminios cali,,0,,0.00,
"andres,saas",saa andres,,0,,0.00,
"animado,saas",saa animada,,0,,0.00,
"2020,apprenticeship,saas",saa apprenticeship 2020,,0,,0.00,
"arbitro,saas",saa arbitration,,0,,0.00,
"archaeology,saas",saa archaeology,,0,,0.00,
"architect,saas",saa architects,,0,,0.00,
"arias,daza,saas",saa arias daza,,0,,0.00,
"arquitecto,saas",saa arquitecta,,0,,0.00,
"arte,saas",saa art,,0,,0.00,
"arte,saas,supply",saa art supplies,,0,,0.00,
"artistica,saas,supply",saa artist supplies,,0,,0.00,
"astronomia,saas",saa astronomia,,0,,0.00,
"astronomia,saas",saa astronomy,,0,,0.00,
"auditor,saas",saa auditoría,,0,,0.00,
"austin,saas",saa austin,,0,,0.00,
"austin,saas,texas",saa austin texas,,0,,0.00,
"banda,embassordor,saas",saa band embassordor,,0,,0.00,
"barhum,saas",saa barhum,,0,,0.00,
"barhum,doctor,saas",saa barhum doctor,,0,,0.00,
"biologico,saas",saa biology,,0,,0.00,
"book,saas",saa bookings,,0,,0.00,
"bourne,saas",saa bourne,,0,,0.00,
"bread,saas",saa brea,,0,,0.00,
"brhaom,saas",saa brhaom,,0,,0.00,
"c01,questions,saas",saa c01 questions,,0,,0.00,
"c01,c02,saas,vs",saa c01 vs saa c02,,0,,0.00,
"book,c02,saas",saa c02 book,,0,,0.00,
"c02,examen,saas",saa c02 exam,,0,,0.00,
"c01,c02,saas,vs",saa c02 vs saa c01,,0,,0.00,
"cali,saas",saa cali,,0,,0.00,
"capacitacion,gov,mspbs,py,saas",saa capacitacion mspbs gov py,,0,,0.00,
"carneiro,saas",saa carneiro,,0,,0.00,
"casacion,laboral,saas",saa casacion laboral,,0,,0.00,
"catalogo,saas",saa catalogue,,0,,0.00,
"celia,saas",saa celis,,0,,0.00,
"bolsa,chochet,churros,saas",saa churro para bolso chochet,,0,,0.00,
"circle,saas",saa circles,,0,,0.00,
"coal,saas,xxx",saa coales xxx,,0,,0.00,
"colsanitas,saas",saa colsanitas,,0,,0.00,
"4,comedor,espacio,metro,saas,tv,yy",saa comedor yy tv en espacio de 4 metros,,0,,0.00,
"comic,reading,saas",saa comic reader,,0,,0.00,
"communism,saas",saa communism,,0,,0.00,
"clasificación,genero,literario,saas,swe",saa como swe clasifica el genero literario,,0,,0.00,
"saas,z",saa con s o z,,0,,0.00,
"frio,saas,vapor",saa con vapor frio,,0,,0.00,
"concepto,saas",saa concepto,,0,,0.00,
"contacto,details,saas",saa contact details,,0,,0.00,
"correa91,instagram,saas",saa correa91 instagram,,0,,0.00,
"curso,primer,respondiente,saas",saa curso primer respondiente,,0,,0.00,
"curso,primer,respondiente,saas,salud,secretaria",saa curso primer respondiente secretaria de salud,,0,,0.00,
"dallas,saas",saa dallas,,0,,0.00,
"amanecer,saas",saa de amanecer,,0,,0.00,
"annabelle,saas",saa de annabelle,,0,,0.00,
"belleza,colorear,saas",saa de belleza para colorear,,0,,0.00,
"cali,saas",saa de cali,,0,,0.00,
"cali,chat,gratis,saas",saa de chat de cali gratis,,0,,0.00,
"cine,saas",saa de cine,,0,,0.00,
"crepusculp,saas",saa de crepusculp,,0,,0.00,
"esfera,saas",saa de esfera,,0,,0.00,
"completa,hadas,saas",saa de hades completa,,0,,0.00,
"hitmao,saas",saa de hitmaaan,,0,,0.00,
"informatica,saas",saa de informatica,,0,,0.00,
"profe,saas",saa de profes,,0,,0.00,
"raum,saas",saa de rauma,,0,,0.00,
saas,saa de te,,0,,0.00,
"saas,tv",saa de tv,,0,,0.00,
"saas,venta",saa de ventas,,0,,0.00,
"lorenzana,saas,venta",saa de ventas lorenzana,,0,,0.00,
"carmen,lorenzana,saas,venta,viboral",saa de ventas lorenzana carmen de viboral,,0,,0.00,
"defensa,fc,jaguares,saas",saa defensa de jaguares fc,,0,,0.00,
"definicion,saas",saa definicion,,0,,0.00,
"definicion,medicina,saas",saa definicion medicina,,0,,0.00,
"code,discount,saas",saa discount code,,0,,0.00,
"dolor,saas,toracica",saa dolor toracico,,0,,0.00,
"dosis,saas",saa dosis,,0,,0.00,
"educaccion,saas",saa educaccion,,0,,0.00,
"educacion,saas",saa educacion,,0,,0.00,
"educacion,maicao,saas",saa educacion maicao,,0,,0.00,
"empresa,saas",saa empresas,,0,,0.00,
"colombia,infografia,saas",saa en colombia infografia,,0,,0.00,
"argot,popular,saas",saa en el argot popular,,0,,0.00,
"equinos,pdf,saas",saa en equinos pdf,,0,,0.00,
"animado,imagenes,saas",saa en imagenes animadas,,0,,0.00,
"ingles,saas",saa en ingles,,0,,0.00,
"riñon,saas",saa en los riñones,,0,,0.00,
"saas,urgencias",saa en urgencias,,0,,0.00,
"dorama,enero,saas",saa eneration doramas,,0,,0.00,
"enfermedad,medicina,saas",saa enfermedad medicina,,0,,0.00,
"auto,bloque,ensayo,saas",saa ensayo bloque autoad,,0,,0.00,
"enteros,gungeo,saas",saa enter the gungeo,,0,,0.00,
"bovinos,equinos,saas",saa equino y bovino,,0,,0.00,
"ex,futbol,illonarios,jaguqares,m,saas",saa es ex futbolista de jaguqares m illonarios,,0,,0.00,
"escobar,porno,saas",saa escobar porno,,0,,0.00,
"español,saas",saa español,,0,,0.00,
"espos,saas",saa espoo,,0,,0.00,
"eu,kosovo,saas",saa eu kosovo,,0,,0.00,
"eugene,saas",saa eugene,,0,,0.00,
"eurobonus,saas",saa eurobonus,,0,,0.00,
"europa,saas",saa europa,,0,,0.00,
"destino,europa,saas",saa european destinations,,0,,0.00,
"fa,saas",saa fa,,0,,0.00,
"cali,fallecido,saas",saa falleció en cali,,0,,0.00,
"fartex,internacional,saas",saa fartex internacional internacional s.a.s,,0,,0.00,
"fashi,saas",saa fashio,,0,,0.00,
"fashion,pereira,saas",saa fashion pereira,,0,,0.00,
"fleet,renewal,saas",saa fleet renewal,,0,,0.00,
"flight,informe,saas",saa flight information,,0,,0.00,
"flight,price,saas",saa flight prices,,0,,0.00,
"flight,johannesburg,libreville,saas",saa flights from libreville to johannesburg,,0,,0.00,
"flight,libreville,saas",saa flights to libreville,,0,,0.00,
"font,free,saas",saa font free,,0,,0.00,
"download,font,free,saas",saa font free download,,0,,0.00,
"force,saas",saa forces,,0,,0.00,
"fotografia,palmira,saas",saa fotografia palmira,,0,,0.00,
"br,freedom,ind,saas,sitemap",saa freedom ind br sitemap,,0,,0.00,
"dorama,generator,saas",saa generation doramas,,0,,0.00,
"gfl,saas",saa gfl,,0,,0.00,
"frontline,girl,saas",saa girls frontline,,0,,0.00,
"frontline,gamepress,girl,saas",saa girls frontline gamepress,,0,,0.00,
"biblioteca,domingo,grafica,saas,santa",saa grafica de a biblioteca santo domingo,,0,,0.00,
"book,green,saas",saa green book,,0,,0.00,
"guatemala,saas",saa guatemala,,0,,0.00,
"hayek,instagram,saas",saa hayek instagram,,0,,0.00,
"111lavaca,78701,austin,cerca,helado,saas,st,tx,venezuela",saa helados venezuela cerca de 111lavaca st austin tx 78701,,0,,0.00,
"hi5,saas",saa hi5,,0,,0.00,
"higado,saas",saa higado,,0,,0.00,
"home,saas",saa home,,0,,0.00,
"cia,hoy,saas",saa hoyos y cia,,0,,0.00,
"hueco,saas",saa huecos,,0,,0.00,
"hueco,rosa,saas",saa huecos rosa,,0,,0.00,
"hueco,rosa,saas",saa huecos rosada,,0,,0.00,
"ikou,one,piece,saas",saa ikou one piece,,0,,0.00,
"ikou,one,op,piece,saas",saa ikou one piece op,,0,,0.00,
"imaden,saas",saa imado,,0,,0.00,
"imax,saas",saa imax,,0,,0.00,
"infantil,saas",saa infantil,,0,,0.00,
"informatica,saas",saa informatica,,0,,0.00,
"ingenieria,saas",saa ingenieria,,0,,0.00,
"inspection,saas",saa inspection,,0,,0.00,
"instructor,saas",saa instructors,,0,,0.00,
"insurance,saas",saa insurance,,0,,0.00,
"iospe,saas",saa iosper,,0,,0.00,
"español,japon,saas",saa japones en español,,0,,0.00,
"dress,jay,mini,saas",saa jay mini dress,,0,,0.00,
"jay,saas,vds",saa jay vds,,0,,0.00,
"johannesburg,paul,saas,sao",saa johannesburg to sao paulo,,0,,0.00,
"dideos,kira,saas,xx",saa kira dideos xx,,0,,0.00,
"kira,saas,videos,xx",saa kira videos xx,,0,,0.00,
"japomesa,kira,saas,videos,xx",saa kira videos xx japomesa,,0,,0.00,
"koi,ochitamae,saas",saa koi ni ochitamae,,0,,0.00,
"cd,drama,koi,ochitamae,saas",saa koi ni ochitamae drama cd,,0,,0.00,
"descargar,koi,manga,ochitamae,saas",saa koi ni ochitamae manga descargar,,0,,0.00,
"español,koi,manga,ochitamae,saas",saa koi ni ochitamae manga español,,0,,0.00,
"2,facebook,koi,ochitamae,saas,vol",saa koi ni ochitamae vol 2 facebook,,0,,0.00,
"joisana,lengua,saas",saa lengua joisana,,0,,0.00,
"album,libro,saas",saa libre album,,0,,0.00,
"historia,libro,saas",saa libre historia,,0,,0.00,
"letra,libro,saas",saa libre letr,,0,,0.00,
"libro,saas,youtube",saa libre youtube,,0,,0.00,
"libreville,saas",saa libreville,,0,,0.00,
"johannesburg,libreville,saas",saa libreville johannesburg,,0,,0.00,
"free,lick,pussy,saas,squirt,videos",saa licking pussy squirting free video,,0,,0.00,
"literatura,saas",saa literature,,0,,0.00,
"lube,saas,xvideos",saa lub xvideos,,0,,0.00,
"2010,daftsex,luvv,saas",saa luvv daftsex 2010,,0,,0.00,
"agncia,m,saas,statue",saa m agncia statua,,0,,0.00,
"2016,d,m,saas,yuquilima",saa m yuquilima d 2016,,0,,0.00,
"majayer,saas",saa majayer,,0,,0.00,
"español,majayer,saas",saa majayer español,,0,,0.00,
"mds,saas",saa mds,,0,,0.00,
"ecografia,medicina,saas",saa medicina ecografia,,0,,0.00,
"medicina,saas",saa medicine,,0,,0.00,
"meet,near,saas",saa meetings near me,,0,,0.00,
"meet,nyc,saas",saa meetings nyc,,0,,0.00,
"mexico,saas",saa mexico,,0,,0.00,
"eridas,jesus,saas",saa mi erida jesus,,0,,0.00,
"empalme,miguel,parcial,saas",saa miguel de empalme parcial,,0,,0.00,
"miguel,saas,semen",saa miguel de sema,,0,,0.00,
"monteria,saas",saa monteria,,0,,0.00,
"mspbs,saas",saa mspbs,,0,,0.00,
"gov,mspbs,py,saas",saa mspbs gov py,,0,,0.00,
"20160616,consulta,diario,gov,mspbs,py,registro,saas",saa mspbs gov py 20160616 registro consulta diaria,,0,,0.00,
"consulta,diario,gov,mspbs,php,py,saas",saa mspbs gov py consulta diaria php,,0,,0.00,
"br,gov,mte,saas",saa mte gov br,,0,,0.00,
"2018,agendamento,br,carteira,gov,mte,saas,trabalho",saa mte gov br agendamento carteira de trabalho 2018,,0,,0.00,
"4,bits,multiple,saas",saa multiplicador 4 bits,,0,,0.00,
"binario,multiple,saas",saa multiplicador binario,,0,,0.00,
"binario,multipliza,saas",saa multiplizador binario,,0,,0.00,
"n,saas,urgencias",saa n urgencias,,0,,0.00,
"clasificacion,nagios,saas",saa nagi clasificacion,,0,,0.00,
"clasificacion,discapacidad,nagios,saas",saa nagi clasificacion discapacidad,,0,,0.00,
"diego,navy,saas",saa navia diego,,0,,0.00,
"constructora,ingeniería,navy,optica,pdf,saas",saa navia la ingeniería desde la optica del constructor pdf,,0,,0.00,
"nazi,saas,salute",saa nazi salute,,0,,0.00,
"neurociencia,saas",saa neurociencia,,0,,0.00,
"newton,saas",saa newton,,0,,0.00,
"colombia,identifica,nacional,numero,saas",saa numero identificador nacional colombia,,0,,0.00,
"nyc,saas",saa nyc,,0,,0.00,
"observaciones,saas",saa observado,,0,,0.00,
"cali,odontologico,saas",saa odontologos cali,,0,,0.00,
"oulu,saas",saa oulu,,0,,0.00,
"ovalle,saas",saa ovalle,,0,,0.00,
"jugar,millonarios,pastuso,saas",saa pastuso que jugo en millonarios,,0,,0.00,
"animado,dc,pelicula,saas",saa peliculas animadas dc,,0,,0.00,
"meet,phone,saas",saa phone meetings,,0,,0.00,
"plan,saas",saa planes,,0,,0.00,
"authentication,plataforma,saas",saa plataforma authentic,,0,,0.00,
"persa,poeta,saas",saa poeta persa,,0,,0.00,
"medieval,persa,poeta,saas",saa poeta persa medieval,,0,,0.00,
"medieval,poerse,poeta,saas",saa poeta poersa medieval,,0,,0.00,
"dallas,ppg,saas",saa ppg dallas,,0,,0.00,
"8,argentina,dia,presidente,saas",saa presidente argentino durante 8 dias,,0,,0.00,
"reporte,saas",saa report,,0,,0.00,
"2017,colombia,eta,reporte,saas",saa reporte de etas en colombia 2017,,0,,0.00,
"number,reserva,saas",saa reservation number,,0,,0.00,
"reserva,saas",saa reservations,,0,,0.00,
"calle,centro,reserva,saas",saa reservations call centre,,0,,0.00,
"airport,cap,reserva,saas,town",saa reservations cape town airport,,0,,0.00,
"contacto,reserva,saas",saa reservations contact,,0,,0.00,
"contacto,details,reserva,saas",saa reservations contact details,,0,,0.00,
"contacto,number,reserva,saas",saa reservations contact number,,0,,0.00,
"domestica,reserva,saas",saa reservations domestic,,0,,0.00,
"harare,reserva,saas",saa reservations harare,,0,,0.00,
"johannesburg,reserva,saas",saa reservations johannesburg,,0,,0.00,
"online,reserva,saas",saa reservations online,,0,,0.00,
"reserva,saas,tambo",saa reservations or tambo,,0,,0.00,
"number,reserva,saas,telephone",saa reservations telephone number,,0,,0.00,
"reserva,saas,uk",saa reservations uk,,0,,0.00,
"reserva,saas,usa",saa reservations usa,,0,,0.00,
"españa,rio,saas",saa rio de españa,,0,,0.00,
"galicia,rio,saas",saa rio de galicia,,0,,0.00,
"españa,galacia,rio,saas,sur",saa rio del sur de galacia españa,,0,,0.00,
"saas,salud",saa salud,,0,,0.00,
"publico,saas,salud",saa salud publica,,0,,0.00,
"saas,sat,sayonara",saa sato sayonara,,0,,0.00,
"saas,satou,sayonara",saa satou sayonara,,0,,0.00,
"saas,satou,sayonara,shioyou",saa satou sayonara shioyou,,0,,0.00,
"saas,school",saa school,,0,,0.00,
"saas,scolar",saa scol,,0,,0.00,
"reserva,saas,seat",saa seat reservation,,0,,0.00,
"america,association,saas,seed",saa seed association of the americas,,0,,0.00,
"educacacion,saas,sencretaria,turbo",saa sencretaria de educacacion turbo,,0,,0.00,
"dd,download,font,free,saas,serie",saa series dd font free download,,0,,0.00,
"d,download,em,font,free,saas,serie",saa series em d font free download,,0,,0.00,
"amyloid,saas,serum",saa serum amyloid a,,0,,0.00,
"amyloid,c,cortisol,crp,proteinas,reactivo,saas,serum,t4",saa serum amyloid a crp c reactive protein t4 cortisol,,0,,0.00,
"jump,saas,show",saa show jump,,0,,0.00,
"jump,saas,show",saa show jumping,,0,,0.00,
"llc,programa,saas,sierra",saa sierra programs llc,,0,,0.00,
"2013,saas,silva",saa silva 2013,,0,,0.00,
"2013,bioestimulantes,saas,silva",saa silva 2013 bioestimulantes,,0,,0.00,
"saas,siria",saa siria,,0,,0.00,
"saas,sisga",saa sisga,,0,,0.00,
"abierto,anonima,saas,sociedad",saa sociedad anonima abierta,,0,,0.00,
"guide,pdf,saas,spanish,style",saa spanish style guide.pdf,,0,,0.00,
"pdf,saas,spanishstyleguide",saa spanishstyleguide.pdf,,0,,0.00,
"saas,special",saa specials,,0,,0.00,
"250gb,saas,ssd",saa ssd 250gb,,0,,0.00,
"saas,standard",saa standards,,0,,0.00,
"paandoramas,saas,super,thailandesa",saa sup paandoramas thailandeses,,0,,0.00,
"saas,surface",saa surface,,0,,0.00,
"maa,naa,saas,significado,taa",saa taa naa maa significado,,0,,0.00,
"saas,tank",saa tank,,0,,0.00,
"arukou,saas,tsunaide,wo",saa te wo tsunaide arukou,,0,,0.00,
"arukou,nightmare,saas,tsunaide,wo",saa te wo tsunaide arukou nightmare,,0,,0.00,
"b,moderna,saas,syria,team",saa team b modern syria,,0,,0.00,
"saas,telemeeting",saa telemeeting,,0,,0.00,
"saas,test",saa test,,0,,0.00,
"maculata,monel,saas,therioaphis",saa therioaphis maculata monel,,0,,0.00,
"master,saas,trade",saa trade master,,0,,0.00,
"empieza,moto,nueva,pago,saas,wn",saa tu moto nueva y empieza a pagarla wn,,0,,0.00,
"aahora,saas,uenta",saa uenta de aahoras,,0,,0.00,
"leeds,saas,uk",saa uk leeds,,0,,0.00,
"saas,sorteo,ultintander",saa ultintander o sorteo,,0,,0.00,
"minutos,saas",saa un minuto,,0,,0.00,
"saas,unal",saa unal,,0,,0.00,
"saas,urgencias,vet",saa urgencia vet,,0,,0.00,
"cabello,corte,saas,uribe",saa uribe cabello corto,,0,,0.00,
"camara,detras,saas,uribe",saa uribe detras de camaras,,0,,0.00,
"fredy,guarin,saas,uribe",saa uribe fredy guarin,,0,,0.00,
"constitucion,contemporanea,derecho,ernesto,estudio,saas,velasco",saa velasco ernesto estudio de derecho constitucional contemporáneo,,0,,0.00,
"recovery,saas,voice",saa voices of recovery,,0,,0.00,
"saas,workshop",saa workshops,,0,,0.00,
"compañia,popayan,saas",saa y compañia popayan,,0,,0.00,
"compañia,popayan,saas,telefono",saa y compañia popayan telefono,,0,,0.00,
"face,saas",saa y faco,,0,,0.00,
"fances,saas",saa y fanco,,0,,0.00,
"frances,saas",saa y franco,,0,,0.00,
"saas,sacar",saa y sac,,0,,0.00,
saas,saa ya han,,0,,0.00,
"saas,will,yeso",saa yes i will,,0,,0.00,
"saas,ñlibro",saa ñlibre,,0,,0.00,
saas,saa&,,0,,0.00,
"c01,questions,saas",saa-c01 questions,,0,,0.00,
"01,34,dc,saas",saa-dc-34.01,,0,,0.00,
"ia,saas",saa.con ia,,0,,0.00,
"divwrgente,saas",saa.divwrgente,,0,,0.00,
"iran,nacido,poeta,saas,shiraz",saa.i poeta nacido en shiraz iran,,0,,0.00,
"cancion,saas,trap",saaa cancion de trap,,0,,0.00,
"dxdddaddddxdzesszszssdf,saas",saaa dxdddaddddxdzesszszssdf,,0,,0.00,
"aguda,saas",saaa es aguda,,0,,0.00,
"gray,saas,videos",saaa gray videos,,0,,0.00,
"jejejejejjke,saas",saaa jejejejejjke,,0,,0.00,
"pescado,saas",saaa para pescar,,0,,0.00,
"lla,ma,saas,san,true",saaa sano ma llaa y is te tru las,,0,,0.00,
"saas,scolar",saaa scol,,0,,0.00,
"asustado,saas",saaa te asustate,,0,,0.00,
saas,saaaad,,0,,0.00,
"love,saas",saaad after love,,0,,0.00,
"cosplay,saas",saaada cosplay,,0,,0.00,
"acronimo,race,saas",saaar acronimo rac,,0,,0.00,
"approach,saas",saaar approach,,0,,0.00,
"infotech,saas",saaar infotech,,0,,0.00,
saas,saaas que es,,0,,0.00,
"abdullah,saad,saas,suwaidi",saad abdullah al suwaidi saas,,0,,0.00,
"guarulhos,saas",saae guarulhos,,0,,0.00,
"medicina,saas,veterinaria",saae medicina veterinaria,,0,,0.00,
"pass,plantae,saas",saae passos plantao,,0,,0.00,
"saas,sas",saae sas,,0,,0.00,
"saas,segunda,via",saae segunda via,,0,,0.00,
"saas,unal",saae unal,,0,,0.00,
"saas,vilhena",saae vilhena,,0,,0.00,
"owairan,saas",saaed al owairan,,0,,0.00,
"linea,saas",saaen linea,,0,,0.00,
"raza,saas",saaen raza,,0,,0.00,
"muro,saas",saaid murad,,0,,0.00,
"ortega,saas",saaid ortega,,0,,0.00,
"idioma,licencia,ortega,saas",saaid ortega licenciado en idiomas,,0,,0.00,
"atlantico,licencia,ortega,saas,universidad",saaid ortega licenciado universidad del atlantico,,0,,0.00,
"saas,unipamplona",saaid unipamplona,,0,,0.00,
"america,saas",saao de america,,0,,0.00,
"desnuda,saas,sexy",saao sexi desnudas,,0,,0.00,
"saas,southerland",saao southerland,,0,,0.00,
"saas,telescopica",saao telescopes,,0,,0.00,
"1000,saas",saas 1000,,0,,0.00,
"18m,saas,serie",saas 18m series,,0,,0.00,
"0,4,saas",saas 4.0,,0,,0.00,
"abandono,saas",saas abandons,,0,,0.00,
"abm,saas",saas abm,,0,,0.00,
"abm,recruitment,saas",saas abm recruitment,,0,,0.00,
"accelerator,saas",saas accelerator,,0,,0.00,
"accelerator,provider,saas",saas accelerator provider,,0,,0.00,
"accenture,competencias,mas,saas",saas accenture mas competencias,,0,,0.00,
"access,control,saas,sap",saas access controls for sap,,0,,0.00,
"account,management,recruitment,saas",saas account manager recruiter,,0,,0.00,
"account,saas,software",saas accounting software,,0,,0.00,
"account,review,saas,software",saas accounting software review,,0,,0.00,
"adoptar,saas,statistics",saas adoption statistics,,0,,0.00,
"advertising,analytics,saas",saas advertising analytics,,0,,0.00,
"advertising,company,saas",saas advertising companies,,0,,0.00,
"advertising,consulta,saas",saas advertising consultant,,0,,0.00,
"advertising,saas,strategy",saas advertising strategy,,0,,0.00,
"advertising,saas,tactica",saas advertising tactics,,0,,0.00,
"agility,management,project,saas",saas agile project management,,0,,0.00,
"agreement,attorney,saas",saas agreement attorney,,0,,0.00,
"agreement,firma,law,saas",saas agreement law firm,,0,,0.00,
"agreement,firma,jersey,law,new,saas",saas agreement law firm new jersey,,0,,0.00,
"agreement,jersey,lawyer,new,saas",saas agreement lawyer new jersey,,0,,0.00,
"agreement,meaning,saas",saas agreement meaning,,0,,0.00,
"airopo,saas",saas airops,,0,,0.00,
"aktie,saas",saas aktier,,0,,0.00,
"alarma,saas",saas alarmering,,0,,0.00,
"allvp,research,saas",saas allvp research,,0,,0.00,
"amazon,cloud,saas",saas amazon cloud,,0,,0.00,
"analytics,company,saas",saas analytics companies,,0,,0.00,
"analytics,platform,saas",saas analytics platform,,0,,0.00,
"analytics,saas,software",saas analytics software,,0,,0.00,
"analytics,saas,tool",saas analytics tools,,0,,0.00,
"anbieter,saas",saas anbieter,,0,,0.00,
"cloud,computador,saas",saas and cloud computing,,0,,0.00,
"cloud,requirements,saas,service",saas and cloud service required,,0,,0.00,
"concepto,paa,saas",saas and paas concept,,0,,0.00,
"anual,discount,example,saas",saas anual discount examples,,0,,0.00,
"apartments,saas,software",saas apartment software,,0,,0.00,
"aplicactivo,business,development,saas",saas aplicaction for business development,,0,,0.00,
"aplicactivo,business,calle,development,email,saas,send",saas aplicaction for business development to send email and call,,0,,0.00,
"aplicaciones,outbound,saas",saas aplication outbounds,,0,,0.00,
"aplñicaction,besuiness,development,saas",saas aplñicaction for besuiness development,,0,,0.00,
"analytics,app,saas",saas app analytics,,0,,0.00,
"angel,app,development,saas",saas app development los angeles,,0,,0.00,
"app,ideas,saas",saas app ideas,,0,,0.00,
"app,management,saas",saas app management,,0,,0.00,
"applicatie,saas",saas applicatie,,0,,0.00,
"applicatie,saas",saas applicaties,,0,,0.00,
"201920,application,saas",saas application 201920,,0,,0.00,
"analytics,application,saas",saas application analytics,,0,,0.00,
"application,architecture,diagrama,saas",saas application architecture diagram,,0,,0.00,
"application,county,development,orange,saas",saas application development orange county,,0,,0.00,
"application,development,platform,saas",saas application development platform,,0,,0.00,
"application,development,saas,service",saas application development services,,0,,0.00,
"application,business,calle,development,email,saas,send",saas application for business development to send email and call,,0,,0.00,
"application,hosting,saas",saas application hosting,,0,,0.00,
"application,integral,saas",saas application integration,,0,,0.00,
"application,lifecycle,management,saas",saas application lifecycle management,,0,,0.00,
"application,management,saas",saas application management,,0,,0.00,
"application,outbound,saas",saas application outbounds,,0,,0.00,
"application,performance,saas",saas application performance,,0,,0.00,
"application,monitor,performance,saas",saas application performance monitoring,,0,,0.00,
"application,responsabilidad,saas",saas application response,,0,,0.00,
"application,modelo,saas,support",saas application support model,,0,,0.00,
"application,saas,test",saas application testing,,0,,0.00,
"application,lista,saas",saas applications list,,0,,0.00,
"appointment,saas,schedule",saas appointment scheduling,,0,,0.00,
"architecture,cherwell,saas",saas architecture cherwell,,0,,0.00,
"architecture,automation,cherwell,local,process,saas",saas architecture cherwell local automation process,,0,,0.00,
"architecture,diagrama,example,saas",saas architecture diagram example,,0,,0.00,
"capital,expensive,saas",saas as capital expense,,0,,0.00,
"asimor,biografia,saas",saas asimor biografia,,0,,0.00,
"asimur,biografia,saas",saas asimur biografia,,0,,0.00,
"asimur,biografia,obra,saas",saas asimur biografia y obras,,0,,0.00,
"asp,saas,違い",saas asp 違い,,0,,0.00,
"asset,management,saas,software",saas asset management software,,0,,0.00,
"association,saas",saas association,,0,,0.00,
"attack,ransomware,saas",saas attack ransomware,,0,,0.00,
"attorney,saas",saas attorney,,0,,0.00,
"auto,saas",saas auto,,0,,0.00,
"automotive,productos,saas",saas automotive products,,0,,0.00,
"avatares,saas",saas avatars,,0,,0.00,
"2018,awards,saas",saas awards 2018,,0,,0.00,
"azimut,biografia,saas",saas azimut biografia,,0,,0.00,
"azimut,biografia,obra,saas",saas azimut biografia y obras,,0,,0.00,
"advertising,b2b,saas,strategy",saas b2b advertising strategy,,0,,0.00,
"b2b,example,experiential,marketing,saas",saas b2b experiential marketing examples,,0,,0.00,
"b2b,marketing,plan,saas",saas b2b marketing plan,,0,,0.00,
"b2b,saas,startup",saas b2b startup,,0,,0.00,
"backup,netapp,saas",saas backup netapp,,0,,0.00,
"backup,saas,veritas",saas backup veritas,,0,,0.00,
"bakup,saas",saas bakup,,0,,0.00,
"application,bank,saas",saas banking applications,,0,,0.00,
"bank,saas,software",saas banking software,,0,,0.00,
"bedrijf,saas",saas bedrijf,,0,,0.00,
"beige,saas",saas beige,,0,,0.00,
"benchmark,datos,saas",saas benchmarking data,,0,,0.00,
"benchmark,reporte,saas",saas benchmarking report,,0,,0.00,
"best,practica,saas",saas best practices,,0,,0.00,
"bahu,bhi,kabhi,movie,saas,thy",saas bhi kabhi bahu thi movie,,0,,0.00,
"bi,saas,tool",saas bi tools,,0,,0.00,
"analytics,big,datos,saas",saas big data analytics,,0,,0.00,
"bill,payment,saas",saas billing and payments,,0,,0.00,
"bill,modelo,saas",saas billing models,,0,,0.00,
"bill,platform,saas",saas billing platforms,,0,,0.00,
"bin,saas,sasural",saas bina sasural,,0,,0.00,
"1,2011,bin,saas,sasural,september",saas bina sasural 1 september 2011,,0,,0.00,
"bin,episode,saas,sasural",saas bina sasural all episodes,,0,,0.00,
"150,bin,episode,saas,sasural",saas bina sasural episode 150,,0,,0.00,
"2,bin,episode,saas,sasural",saas bina sasural episode 2,,0,,0.00,
"3,bin,episode,saas,sasural",saas bina sasural episode 3,,0,,0.00,
"30,bin,episode,saas,sasural",saas bina sasural episode 30,,0,,0.00,
"4,bin,episode,saas,sasural",saas bina sasural episode 4,,0,,0.00,
"bin,episode,full,saas,sasural",saas bina sasural full episodes,,0,,0.00,
"bin,episode,last,saas,sasural",saas bina sasural last episode,,0,,0.00,
"biografia,saas",saas biografia,,0,,0.00,
"block,diagrama,saas",saas block diagram,,0,,0.00,
"blog,saas",saas blog,,0,,0.00,
"blog,post,saas",saas blog posts,,0,,0.00,
"blueprint,saas",saas blueprint,,0,,0.00,
"bogota,saas",saas bogota,,0,,0.00,
"book,saas,system",saas booking system,,0,,0.00,
"booster,control,saas",saas boost controller,,0,,0.00,
"bpo,saas",saas bpo,,0,,0.00,
"budget,saas",saas budget,,0,,0.00,
"budget,saas,software",saas budgeting software,,0,,0.00,
"1052,6781,biochemistry,biotechnology,bulletin,issn,saas",saas bulletin biochemistry and biotechnology issn 1052-6781,,0,,0.00,
"bursary,saas",saas bursary,,0,,0.00,
"buscador,saas",saas buscador,,0,,0.00,
"analytics,business,saas",saas business analytics,,0,,0.00,
"application,business,saas",saas business applications,,0,,0.00,
"brokers,business,saas",saas business brokers,,0,,0.00,
"business,development,saas",saas business development,,0,,0.00,
"business,intelligence,saas,software",saas business intelligence software,,0,,0.00,
"business,marketing,saas,strategy",saas business marketing strategy,,0,,0.00,
"business,hbr,modelo,saas",saas business model hbr,,0,,0.00,
"business,metrica,modelo,saas",saas business model metrics,,0,,0.00,
"business,modelo,pricing,saas",saas business model pricing,,0,,0.00,
"business,modelo,saas",saas business model que es,,0,,0.00,
"business,modelo,saas,wikipedia",saas business model wikipedia,,0,,0.00,
"business,saas",saas business que es,,0,,0.00,
"business,saas,service",saas business services,,0,,0.00,
"business,saas,valuation",saas business valuation,,0,,0.00,
"capabilities,deck,saas",saas capabilities deck,,0,,0.00,
"capex,saas",saas capex,,0,,0.00,
"careers,saas",saas careers,,0,,0.00,
"casa,management,saas",saas case management,,0,,0.00,
"casa,saas,studio",saas case study,,0,,0.00,
"ceo,saas",saas ceo,,0,,0.00,
"certificate,management,saas,software",saas certification management software,,0,,0.00,
"blog,cfo,saas",saas cfo blog,,0,,0.00,
"account,chart,saas",saas chart of accounts,,0,,0.00,
"checklist,saas",saas checklist,,0,,0.00,
"childcare,saas,software",saas childcare software,,0,,0.00,
"cliente,retention,saas",saas client retention,,0,,0.00,
"agreement,cloud,negotiation,saas",saas cloud agreement negotiation,,0,,0.00,
"application,cloud,development,saas",saas cloud application development,,0,,0.00,
"architecture,cloud,saas",saas cloud architecture,,0,,0.00,
"cloud,company,computador,saas",saas cloud computing companies,,0,,0.00,
"cloud,computador,definition,saas",saas cloud computing definition,,0,,0.00,
"cloud,computador,facil,saas",saas cloud computing facility,,0,,0.00,
"cloud,hosting,saas",saas cloud hosting,,0,,0.00,
"cloud,infrastructure,saas",saas cloud infrastructure,,0,,0.00,
"cloud,migration,saas",saas cloud migration,,0,,0.00,
"2018,cloud,erp,reporte,saas",saas cloud report 2018 erp,,0,,0.00,
"cloud,saas,service",saas cloud services,,0,,0.00,
"cmo,saas",saas cmo,,0,,0.00,
"best,cmo,practica,saas",saas cmo best practices,,0,,0.00,
"cmo,recruitment,saas",saas cmo recruitment,,0,,0.00,
"cocsumo,saas",saas cocsumir,,0,,0.00,
"abierto,codigo,saas",saas codigo abierto,,0,,0.00,
"coexistir,saas",saas coexistence,,0,,0.00,
"cogiendo,saas",saas cogs,,0,,0.00,
"calle,cold,saas,script",saas cold call script,,0,,0.00,
"calle,cold,reddit,saas",saas cold calling reddit,,0,,0.00,
"collection,saas,software",saas collections software,,0,,0.00,
"communication,saas",saas communications,,0,,0.00,
"communication,recruitment,saas",saas communications recruitment,,0,,0.00,
"chicago,company,saas",saas companies chicago,,0,,0.00,
"angel,company,saas",saas companies in los angeles,,0,,0.00,
"company,nyc,saas",saas companies nyc,,0,,0.00,
"business,company,plan,saas",saas company business plan,,0,,0.00,
"cap,company,marketing,saas",saas company market cap,,0,,0.00,
"company,multiple,saas",saas company multiples,,0,,0.00,
"company,saas,structure",saas company structure,,0,,0.00,
"company,formula,saas,valuation",saas company valuation formula,,0,,0.00,
"compensar,saas",saas compensation,,0,,0.00,
"analysis,competitividad,saas",saas competitive analysis,,0,,0.00,
"complaints,saas",saas complaints,,0,,0.00,
"checklist,compliance,saas",saas compliance checklist,,0,,0.00,
"componen,saas",saas components,,0,,0.00,
"computador,saas",saas computing,,0,,0.00,
"crack,saas",saas con crack,,0,,0.00,
"conference,saas",saas conference,,0,,0.00,
"2018,conference,saas",saas conference 2018,,0,,0.00,
"conference,london,saas",saas conference london,,0,,0.00,
"conference,francisco,saas,san",saas conference san francisco,,0,,0.00,
"2019,conference,saas",saas conferences 2019,,0,,0.00,
"2019,conference,saas,usa",saas conferences 2019 usa,,0,,0.00,
"connect,saas",saas connect,,0,,0.00,
"connect,saas",saas connectivity,,0,,0.00,
"construction,saas",saas construction,,0,,0.00,
"ca,consulta,jose,saas,san",saas consulting san jose ca,,0,,0.00,
"consulta,saas,service",saas consulting services,,0,,0.00,
"consultores,saas",saas consultores,,0,,0.00,
"contacto,saas",saas contact,,0,,0.00,
"best,contract,practica,saas",saas contract best practices,,0,,0.00,
"contract,firma,jersey,law,new,saas",saas contract law firm new jersey,,0,,0.00,
"contract,jersey,lawyer,new,saas",saas contract lawyer new jersey,,0,,0.00,
"contract,management,saas",saas contract management,,0,,0.00,
"contract,management,saas,software",saas contract management software,,0,,0.00,
"contract,essential,negotiation,saas",saas contract negotiation essentials,,0,,0.00,
"contract,renewal,saas",saas contract renewals,,0,,0.00,
"attorney,contract,saas",saas contracts attorney,,0,,0.00,
"contract,lawyer,saas",saas contracts lawyer,,0,,0.00,
"control,saas",saas controller,,0,,0.00,
"conversion,funnel,saas",saas conversion funnel,,0,,0.00,
"copywriting,saas",saas copywriter,,0,,0.00,
"bank,core,saas",saas core banking,,0,,0.00,
"bank,core,mambu,saas",saas core banking mambu,,0,,0.00,
"costo,saas",saas cost,,0,,0.00,
"costo,modelo,saas",saas cost model,,0,,0.00,
"costo,good,saas,soldado",saas cost of goods sold,,0,,0.00,
"costo,optima,saas",saas cost optimization,,0,,0.00,
"costo,saas,saving",saas cost savings,,0,,0.00,
"countdown,saas",saas countdown,,0,,0.00,
"churn,custom,platform,saas",saas customer churn platform,,0,,0.00,
"custom,engagement,saas",saas customer engagement,,0,,0.00,
"custom,lifecycle,saas",saas customer lifecycle,,0,,0.00,
"custom,retention,saas",saas customer retention,,0,,0.00,
"custom,saas,service",saas customer service,,0,,0.00,
"custom,review,saas,service",saas customer service review,,0,,0.00,
"best,custom,practica,saas,success",saas customer success best practices,,0,,0.00,
"custom,saas,success",saas customer success for saas,,0,,0.00,
"custom,management,saas,success",saas customer success management,,0,,0.00,
"custom,programa,saas,success",saas customer success program,,0,,0.00,
"best,custom,practica,saas,support",saas customer support best practices,,0,,0.00,
"customised,saas,workfow",saas customisation workfow,,0,,0.00,
"custom,saas",saas customization,,0,,0.00,
"account,cyber,saas",saas cyber account,,0,,0.00,
"dashboard,saas,software",saas dashboard software,,0,,0.00,
"center,datos,saas",saas data center,,0,,0.00,
"datos,government,saas",saas data governance,,0,,0.00,
"datos,integral,saas",saas data integration,,0,,0.00,
"datos,loss,saas",saas data loss,,0,,0.00,
"datos,platform,protection,saas",saas data protection platform,,0,,0.00,
"datos,saas,security",saas data security,,0,,0.00,
"database,flat,saas",saas database flat,,0,,0.00,
"bogota,chat,saas",saas de chat bogota,,0,,0.00,
"chat,gratis,saas",saas de chat gratis,,0,,0.00,
"cine,saas",saas de cine,,0,,0.00,
"google,saas",saas de google,,0,,0.00,
"debt,saas",saas debt,,0,,0.00,
"debt,financiera,saas",saas debt financing,,0,,0.00,
"debt,fundo,saas",saas debt funding,,0,,0.00,
"decision,engine,saas",saas decision engine,,0,,0.00,
"definiciòn,saas",saas definiciòn,,0,,0.00,
"delivery,modelo,saas",saas delivery model,,0,,0.00,
"desktop,saas",saas desktop,,0,,0.00,
"desventajas,saas",saas desventajas,,0,,0.00,
"development,recruitment,saas",saas developers recruiter,,0,,0.00,
"development,saas,uk",saas developers uk,,0,,0.00,
"best,development,practica,saas",saas development best practices,,0,,0.00,
"bangalore,company,development,saas",saas development companies in bangalore,,0,,0.00,
"company,development,ft,saas,worth",saas development company ft worth,,0,,0.00,
"company,development,nyc,saas",saas development company nyc,,0,,0.00,
"denton,development,saas",saas development denton,,0,,0.00,
"bangalore,development,saas",saas development in bangalore,,0,,0.00,
"development,indianapolis,saas",saas development indianapolis,,0,,0.00,
"development,plan,saas",saas development plano,,0,,0.00,
"development,saas,sydney",saas development sydney,,0,,0.00,
"cloud,computador,diagrama,saas",saas diagram in cloud computing,,0,,0.00,
"diagrama,saas,tool",saas diagram tool,,0,,0.00,
"advertising,digital,saas",saas digital advertising,,0,,0.00,
"digital,marketing,saas,strategy",saas digital marketing strategies,,0,,0.00,
"digital,saas",saas digital que es,,0,,0.00,
"digital,saas,strategy",saas digital strategies,,0,,0.00,
"directorio,saas",saas directory,,0,,0.00,
"discovery,saas",saas discovery,,0,,0.00,
"collection,distribution,saas",saas distributed collection,,0,,0.00,
"collection,distribution,saas,service",saas distributed collection of services,,0,,0.00,
"distribution,saas,system",saas distributed systems,,0,,0.00,
"automation,documentos,saas",saas document automation,,0,,0.00,
"documentos,management,saas",saas document management,,0,,0.00,
"documentos,saas,verificación",saas document verification,,0,,0.00,
"dolibarr,saas",saas dolibarr,,0,,0.00,
"core,donet,saas",saas donet core,,0,,0.00,
"définition,saas",saas définition,,0,,0.00,
"clock,easy,saas",saas easy clocking,,0,,0.00,
"clock,easy,ec500,saas,software",saas easy clocking ec500 software,,0,,0.00,
"ecommerce,platform,review,saas",saas ecommerce platform reviews,,0,,0.00,
"educativa,saas,software",saas education software,,0,,0.00,
"ehandel,saas",saas ehandel,,0,,0.00,
"elearning,saas",saas elearning,,0,,0.00,
"eliminar,licencia,necesidades,saas",saas elimina la necesidad de licenciamiento,,0,,0.00,
"article,email,marketing,saas",saas email marketing articles,,0,,0.00,
"email,protection,saas",saas email protection,,0,,0.00,
"email,saas,security",saas email security,,0,,0.00,
"archivo,email,saas,security,suite",saas email security & archiving suite,,0,,0.00,
"email,saas,trackid",saas email tracking,,0,,0.00,
"compliance,employee,saas,software",saas employee compliance software,,0,,0.00,
"colombia,empresa,saas",saas empresa en colombia,,0,,0.00,
"clasificacion,saas",saas en que clasificacion,,0,,0.00,
"consiste,saas",saas en que consiste,,0,,0.00,
"boca,saas,todo",saas en toda la boca,,0,,0.00,
"enable,marketplace,saas",saas enabled marketplace,,0,,0.00,
"enable,example,marketplace,saas",saas enabled marketplace examples,,0,,0.00,
"enable,marketplace,saas,tomar,tunguz",saas enabled marketplace tom tunguz,,0,,0.00,
"encryption,saas",saas encryption,,0,,0.00,
"endpoint,protection,saas",saas endpoint protection,,0,,0.00,
"engagement,metrica,saas",saas engagement metrics,,0,,0.00,
"england,saas",saas england,,0,,0.00,
"application,enterprise,saas",saas enterprise applications,,0,,0.00,
"architecture,enterprise,saas",saas enterprise architecture,,0,,0.00,
"enterprise,saas,software",saas enterprise software,,0,,0.00,
"epo,saas,software",saas epos software,,0,,0.00,
"erp,migration,saas",saas erp migration,,0,,0.00,
"erp,saas,software",saas erp software,,0,,0.00,
"erp,saas,system",saas erp systems,,0,,0.00,
"email,erp,lista,saas,user",saas erp users email list,,0,,0.00,
"operaciones,saas,sistema",saas es un sistema operativo,,0,,0.00,
"arquitectura,cliente,saas,servidor",saas es una arquitectura cliente-servidor,,0,,0.00,
"escocia,saas",saas escocia,,0,,0.00,
"escrow,saas",saas escrow,,0,,0.00,
"analogo,colorear,comedor,esquema,juegos,saas",saas esquema del color analogos juego de comedor,,0,,0.00,
"analogo,colorear,esquema,saas",saas esquema del color analogs,,0,,0.00,
"asociados,paa,saas",saas esta asociado con paas,,0,,0.00,
"2020,eventos,saas",saas events 2020,,0,,0.00,
"colombia,excentos,iva,saas",saas excento iva colombia,,0,,0.00,
"executive,saas",saas executive,,0,,0.00,
"2017,exentos,iva,saas",saas exento de iva 2017,,0,,0.00,
"exentos,retefuente,saas",saas exento de retefuente,,0,,0.00,
"exommerce,saas",saas exommerce,,0,,0.00,
"expensive,management,saas",saas expense management,,0,,0.00,
"expensive,saas,system",saas expense system,,0,,0.00,
"comptable,expert,saas",saas expert comptable,,0,,0.00,
"faa,saas",saas faas,,0,,0.00,
"ad,facebook,saas",saas facebook ads,,0,,0.00,
"factura,saas",saas facturation,,0,,0.00,
"familia,saas",saas family,,0,,0.00,
"faq,saas",saas faqs,,0,,0.00,
"fasecolda,saas",saas fasecolda,,0,,0.00,
"alegria,fe,saas",saas fe y alegria,,0,,0.00,
"apartments,fee,saas",saas fee apartments,,0,,0.00,
"fee,glace,grotto,saas",saas fee grotte de glace,,0,,0.00,
"fee,lesson,saas,ski",saas fee ski lessons,,0,,0.00,
"alegria,fey,saas",saas fey alegria,,0,,0.00,
"advertising,field,saas",saas field advertising,,0,,0.00,
"field,marketing,saas",saas field marketing,,0,,0.00,
"financial,modelo,saas",saas financial model que es,,0,,0.00,
"financial,saas,statement",saas financial statements,,0,,0.00,
"finanzas,saas",saas finanzas,,0,,0.00,
"finanzas,saas",saas finanzas que es,,0,,0.00,
"firma,saas",saas firm,,0,,0.00,
"flat,saas",saas flat,,0,,0.00,
"food,saas,safety",saas food safety,,0,,0.00,
"advertising,saas",saas for advertising,,0,,0.00,
"business,conference,saas",saas for business conference,,0,,0.00,
"cfos,saas",saas for cfos,,0,,0.00,
"director,financiera,saas",saas for finance directors,,0,,0.00,
"hotel,saas",saas for hotels,,0,,0.00,
"company,insurance,saas",saas for insurance companies,,0,,0.00,
"firma,law,saas",saas for law firms,,0,,0.00,
"lawyers,saas",saas for lawyers,,0,,0.00,
"saas,ship",saas for shipping,,0,,0.00,
"business,saas,small",saas for small business,,0,,0.00,
"forecast,saas",saas forecasting,,0,,0.00,
"forma,saas",saas forms,,0,,0.00,
"fraude,saas",saas fraud,,0,,0.00,
"freemium,modelo,saas",saas freemium model,,0,,0.00,
"freemium,modelo,saas",saas freemium modelo,,0,,0.00,
"fundo,saas",saas funding,,0,,0.00,
"futuro,saas,trends",saas future trends,,0,,0.00,
"fya,saas",saas fya,,0,,0.00,
"2019,gartner,magic,quadrant,saas",saas gartner magic quadrant 2019,,0,,0.00,
"gateway,saas",saas gateways,,0,,0.00,
"germany,saas",saas germany,,0,,0.00,
"gestion,saas,service",saas gestion de servic,,0,,0.00,
"gitlab,saas",saas gitlab,,0,,0.00,
"aither,asp,core,google,mvc,net,saas",saas google aith asp.net core mvc,,0,,0.00,
"asp,auth,core,google,mvc,net,saas",saas google auth asp.net core mvc,,0,,0.00,
"cloud,contabilidad,google,platform,saas",saas google cloud platform contabilidad,,0,,0.00,
"government,saas",saas governance,,0,,0.00,
"2019,growth,saas",saas growth 2019,,0,,0.00,
"growth,marketing,saas",saas growth marketing,,0,,0.00,
"growth,opportunities,saas",saas growth opportunities,,0,,0.00,
"growth,saas,strategy",saas growth strategy,,0,,0.00,
"growth,saas,summit",saas growth summit,,0,,0.00,
"altitud,grund,saas",saas grund altitude,,0,,0.00,
"guatemala,saas",saas guatemala que es,,0,,0.00,
"compliance,hipaa,saas",saas hipaa compliance,,0,,0.00,
"homepage,saas",saas homepage,,0,,0.00,
"hop,saas",saas hops,,0,,0.00,
"hop,saas,saaz,vs",saas hops vs saazer,,0,,0.00,
"company,hosting,saas",saas hosting companies,,0,,0.00,
"hosting,saas,service",saas hosting services,,0,,0.00,
"hotel,management,saas,software",saas hotel management software,,0,,0.00,
"hris,saas,system",saas hris systems,,0,,0.00,
"hrms,saas",saas hrms,,0,,0.00,
"capital,human,management,saas",saas human capital management,,0,,0.00,
"ibiza,saas",saas ibiza,,0,,0.00,
"identidad,proof,saas",saas identity proofing,,0,,0.00,
"identidad,saas,verificación",saas identity verification,,0,,0.00,
"16,ifrs,saas",saas ifrs 16,,0,,0.00,
"checklist,implementos,saas",saas implementation checklist,,0,,0.00,
"implementos,plan,saas",saas implementation plan,,0,,0.00,
"implementos,saas,step",saas implementation steps,,0,,0.00,
"cloud,computador,diagrama,saas",saas in cloud computing diagram,,0,,0.00,
"cloud,computador,geeksforgeeks,saas",saas in cloud computing geeksforgeeks,,0,,0.00,
"cloud,computador,hindi,saas",saas in cloud computing in hindi,,0,,0.00,
"cloud,computador,pdf,saas",saas in cloud computing pdf,,0,,0.00,
"cloud,computador,saas,slideshare",saas in cloud computing slideshare,,0,,0.00,
"cloud,computador,saas,stand",saas in cloud computing stands for,,0,,0.00,
"cloud,computador,saas,tutorial",saas in cloud computing tutorial,,0,,0.00,
"cloud,computador,saas,wiki",saas in cloud computing wiki,,0,,0.00,
"cloud,computador,saas,wikipedia",saas in cloud computing wikipedia,,0,,0.00,
"cloud,migration,saas",saas in cloud migration,,0,,0.00,
"advertising,digital,saas",saas in digital advertising,,0,,0.00,
"digital,marketing,saas",saas in digital marketing,,0,,0.00,
"numbers,saas",saas in numbers,,0,,0.00,
"income,saas,statement",saas income statement,,0,,0.00,
"informe,saas,technology",saas information technology,,0,,0.00,
"informatique,saas",saas informatique,,0,,0.00,
"cherwell,infraestructura,saas",saas infraestructure cherwell,,0,,0.00,
"architecture,infrastructure,saas",saas infrastructure architecture,,0,,0.00,
"costo,infrastructure,saas",saas infrastructure cost,,0,,0.00,
"definition,infrastructure,saas",saas infrastructure definition,,0,,0.00,
"infrastructure,management,saas",saas infrastructure management,,0,,0.00,
"infrastructure,monitor,saas",saas infrastructure monitoring,,0,,0.00,
"criterios,infrastructure,must,saas,satisfied,three",saas infrastructure must satisfy three criteria,,0,,0.00,
"infrastructure,requirements,saas",saas infrastructure requirements,,0,,0.00,
"inside,modelo,saas,sale",saas inside sales model,,0,,0.00,
"inspection,saas",saas inspections,,0,,0.00,
"insurance,saas",saas insurance,,0,,0.00,
"costo,insurance,saas",saas insurance costs,,0,,0.00,
"best,integral,practica,saas",saas integration best practices,,0,,0.00,
"challenge,integral,saas",saas integration challenges,,0,,0.00,
"integral,saas,service",saas integration services,,0,,0.00,
"interes,saas",saas interativas,,0,,0.00,
"intranet,saas",saas intranet,,0,,0.00,
"intranet,platform,saas",saas intranet platform,,0,,0.00,
"inventory,management,saas,software",saas inventory management software,,0,,0.00,
"inventory,saas,system",saas inventory system,,0,,0.00,
"bank,investment,saas",saas investment banking,,0,,0.00,
"germany,investor,saas",saas investor germany,,0,,0.00,
"diligence,due,saas",saas it due diligence,,0,,0.00,
"management,saas",saas it management,,0,,0.00,
"management,saas,service",saas it service management,,0,,0.00,
"famosas,juvenil,mas,saas",saas juveniles mas famosas,,0,,0.00,
"analysis,keyword,saas",saas keyword analysis,,0,,0.00,
"ko,saas,sahara",saas ko sah,,0,,0.00,
"39,ko,saas",saas ko& 39,,0,,0.00,
"kosah,saas,shrine",saas kosah shrine,,0,,0.00,
"dashboard,kpi,saas",saas kpi dashboard,,0,,0.00,
"ladybug,saas",saas ladybug,,0,,0.00,
"expandir,land,saas,strategy",saas land and expand strategy,,0,,0.00,
"como,lang,saas",saas lang.com,,0,,0.00,
"language,saas",saas language,,0,,0.00,
"laravel,saas,tutorial",saas laravel tutorial,,0,,0.00,
"lasso,pass,saas",saas lass pass,,0,,0.00,
"lata,make,saas",saas laten maken,,0,,0.00,
"lata,ontwikkeling,saas",saas laten ontwikkelen,,0,,0.00,
"checklist,launcher,saas",saas launch checklist,,0,,0.00,
"firma,law,saas",saas law firm,,0,,0.00,
"firma,jersey,law,new,saas",saas law firm new jersey,,0,,0.00,
"jersey,lawyer,new,saas",saas lawyer new jersey,,0,,0.00,
"gen,lead,saas",saas lead gen,,0,,0.00,
"generator,lead,saas",saas lead generation,,0,,0.00,
"learning,management,saas,system",saas learning management system,,0,,0.00,
"learning,platform,saas",saas learning platform,,0,,0.00,
"legal,management,practica,saas,software",saas legal practice management software,,0,,0.00,
"lending,saas",saas lending,,0,,0.00,
"lending,platform,saas",saas lending platform,,0,,0.00,
"leverancier,saas",saas leverancier,,0,,0.00,
"libro,saas",saas libre,,0,,0.00,
"license,management,saas",saas license management,,0,,0.00,
"license,optimisation,saas",saas license optimisation,,0,,0.00,
"license,management,saas,software",saas licensing management software,,0,,0.00,
"license,modelo,saas",saas licensing models,,0,,0.00,
"lima,saas",saas lims,,0,,0.00,
"lima,saas,software",saas lims software,,0,,0.00,
"credito,line,saas",saas line of credit,,0,,0.00,
"lms,provider,saas",saas lms providers,,0,,0.00,
"lms,saas,system",saas lms systems,,0,,0.00,
"lms,saas,vendor",saas lms vendors,,0,,0.00,
"loan,saas",saas loan,,0,,0.00,
"application,loan,saas",saas loan application,,0,,0.00,
"loan,original,saas",saas loan origination,,0,,0.00,
"local,saas",saas localization,,0,,0.00,
"london,saas",saas london,,0,,0.00,
"loophole,saas",saas loophole,,0,,0.00,
"lupulo,saas",saas lupulo,,0,,0.00,
"lyon,saas",saas lyon,,0,,0.00,
"butik,lösningar,saas",saas lösning butik,,0,,0.00,
"lösungen,saas",saas lösung,,0,,0.00,
"løsning,saas",saas løsning,,0,,0.00,
"m,saas",saas m&a,,0,,0.00,
"company,management,saas",saas management companies,,0,,0.00,
"management,saas,software",saas management software,,0,,0.00,
"management,saas,tool",saas management tools,,0,,0.00,
"credito,manejo,saas",saas manejo de creditos,,0,,0.00,
"grow,keep,marketing,saas",saas market keep growing,,0,,0.00,
"2019,marketing,saas",saas marketing 2019,,0,,0.00,
"analytics,marketing,saas",saas marketing analytics,,0,,0.00,
"best,marketing,practica,saas",saas marketing best practices,,0,,0.00,
"blog,marketing,saas",saas marketing blog,,0,,0.00,
"book,marketing,saas",saas marketing books,,0,,0.00,
"budget,marketing,saas",saas marketing budget,,0,,0.00,
"california,marketing,saas",saas marketing california,,0,,0.00,
"b2b,campaign,marketing,saas",saas marketing campaign b2b,,0,,0.00,
"casa,marketing,saas,studio",saas marketing case study,,0,,0.00,
"challenge,marketing,saas",saas marketing challenges,,0,,0.00,
"channel,marketing,saas",saas marketing channels,,0,,0.00,
"conseil,marketing,saas",saas marketing conseils,,0,,0.00,
"consulta,marketing,saas",saas marketing consultant,,0,,0.00,
"definition,marketing,saas",saas marketing definition,,0,,0.00,
"director,marketing,recruitment,saas",saas marketing director recruitment,,0,,0.00,
"firma,marketing,saas",saas marketing firms,,0,,0.00,
"help,marketing,saas",saas marketing help,,0,,0.00,
"marketing,saas,tampa",saas marketing in tampa,,0,,0.00,
"insight,marketing,saas",saas marketing insights,,0,,0.00,
"journey,marketing,saas",saas marketing journey,,0,,0.00,
"angel,marketing,saas",saas marketing los angeles,,0,,0.00,
"management,marketing,saas",saas marketing manager,,0,,0.00,
"marketing,metrica,saas",saas marketing metrics,,0,,0.00,
"marketing,new,saas,york",saas marketing new york,,0,,0.00,
"marketing,nyc,saas",saas marketing nyc,,0,,0.00,
"marketing,organos,saas",saas marketing organization,,0,,0.00,
"marketing,org,saas,startup",saas marketing orgs for startups,,0,,0.00,
"marketing,plan,saas",saas marketing planning,,0,,0.00,
"marketing,platform,saas",saas marketing platform,,0,,0.00,
"marketing,playbook,saas",saas marketing playbook,,0,,0.00,
"marketing,saas,sale,strategy",saas marketing sales strategy,,0,,0.00,
"advisor,marketing,saas,strategy",saas marketing strategy advisors,,0,,0.00,
"marketing,saas,tactica",saas marketing tactics,,0,,0.00,
"marketing,saas,structure,team",saas marketing team structure,,0,,0.00,
"marketing,saas,tipos",saas marketing tips,,0,,0.00,
"marketing,saas,tool",saas marketing tools,,0,,0.00,
"2018,marketing,saas,trends",saas marketing trends 2018,,0,,0.00,
"marketplace,saas,software",saas marketplace software,,0,,0.00,
"max,saas",saas max,,0,,0.00,
"maximum,saas,throughput",saas maximum throughput,,0,,0.00,
"business,meaning,saas",saas meaning business,,0,,0.00,
"cloud,meaning,saas",saas meaning cloud,,0,,0.00,
"hindi,meaning,saas",saas meaning in hindi,,0,,0.00,
"meaning,saas,software",saas meaning in software,,0,,0.00,
"meaning,saas,sale",saas meaning sales,,0,,0.00,
"meaning,saas,slang",saas meaning slang,,0,,0.00,
"dictionary,meaning,saas,urbano",saas meaning urban dictionary,,0,,0.00,
"medio,relatos,saas",saas media relations,,0,,0.00,
"meet,saas",saas meeting,,0,,0.00,
"meetup,saas",saas meetup,,0,,0.00,
"membership,saas",saas membership,,0,,0.00,
"definition,metrica,saas",saas metrics definitions,,0,,0.00,
"microfocus,saas",saas microfocus,,0,,0.00,
"migration,saas",saas migration,,0,,0.00,
"migration,roadmap,saas",saas migration roadmap,,0,,0.00,
"best,milti,saas,tenancy",saas milti tenancy best,,0,,0.00,
"minas,saas,tic",saas min tic,,0,,0.00,
"concepto,mintic,saas",saas mintic concepto,,0,,0.00,
"modal,saas",saas modalidad,,0,,0.00,
"modelo,pricing,saas,strategy",saas model pricing strategy,,0,,0.00,
"modelo,saas",saas modell,,0,,0.00,
"modelo,negocio,saas",saas modelos de negocio,,0,,0.00,
"chocolate,gris,moderna,ppequeño,saas",saas modernas ppequeñas chocolate gris,,0,,0.00,
"monitor,saas,software",saas monitoring software,,0,,0.00,
"monitor,saas,tool",saas monitoring tools,,0,,0.00,
"popular,saas",saas most popular,,0,,0.00,
"movil,saas",saas movil,,0,,0.00,
"msp,saas",saas msp,,0,,0.00,
"best,multi,saas,tenancy",saas multi tenancy best,,0,,0.00,
"architecture,cloud,multi,saas,tenant",saas multi tenant architecture cloud,,0,,0.00,
"ndt,saas",saas ndt,,0,,0.00,
"ned,saas",saas nedir,,0,,0.00,
"net,saas",saas net,,0,,0.00,
"diagrama,network,saas",saas network diagram,,0,,0.00,
"monitor,network,saas",saas network monitoring,,0,,0.00,
"network,saas,security",saas network security,,0,,0.00,
"business,modelo,next,saas",saas next business model,,0,,0.00,
"licencia,mas,saas",saas no mas licenciaas,,0,,0.00,
"2013,27001,normas,saas",saas norma 27001 2013,,0,,0.00,
"number,saas",saas number,,0,,0.00,
"best,offboarding,practica,saas",saas offboarding best practices,,0,,0.00,
"erp,latinoamerica,premisas,saas",saas on premise erp latinoamerica,,0,,0.00,
"best,onboarding,practica,saas",saas onboarding best practices,,0,,0.00,
"application,online,saas",saas online application,,0,,0.00,
"ontwikkeling,saas",saas ontwikkeling,,0,,0.00,
"5432,docker,error,openerp,parameters,saas,server",saas openerp-server error parameters 5432 docker,,0,,0.00,
"metrica,operaciones,saas",saas operating metrics,,0,,0.00,
"best,operaciones,practica,saas",saas operations best practices,,0,,0.00,
"management,operaciones,platform,saas",saas operations management platform,,0,,0.00,
"management,operaciones,saas,software",saas operations management software,,0,,0.00,
"oplossing,saas",saas oplossing,,0,,0.00,
"op,saas",saas ops,,0,,0.00,
"object,op,saas",saas ops objectives,,0,,0.00,
"optimisation,saas",saas optimisation,,0,,0.00,
"optima,saas",saas optimization,,0,,0.00,
"change,cloud,optima,saas",saas optimization - change to cloud optimization,,0,,0.00,
"optima,platform,saas",saas optimization platform,,0,,0.00,
"management,order,saas,software",saas order management software,,0,,0.00,
"organisation,saas",saas organisation,,0,,0.00,
"organizaciones,saas,structure",saas organizational structure,,0,,0.00,
"ota,saas",saas ota,,0,,0.00,
"ottawa,saas",saas ottawa,,0,,0.00,
"overeenkomst,saas",saas overeenkomst,,0,,0.00,
"overeenkomst,saas,voorbeeld",saas overeenkomst voorbeeld,,0,,0.00,
"erp,latinoamerica,paa,premisas,saas",saas paas on premise erp latinoamerica,,0,,0.00,
"paa,saas,違い",saas paas 違い,,0,,0.00,
"como,pacificmedicalsuite,saas",saas pacificmedicalsuite com,,0,,0.00,
"paging,saas",saas paging,,0,,0.00,
"palvelu,saas",saas palvelu,,0,,0.00,
"contabilidad,saas",saas para contabilidad,,0,,0.00,
"gris,paredes,saas",saas paredes grises,,0,,0.00,
"partner,programa,saas",saas partner programs,,0,,0.00,
"paso,saas",saas paso a paso+,,0,,0.00,
"management,password,saas",saas password manager,,0,,0.00,
"pasto,saas",saas pasta,,0,,0.00,
"back,pay,saas",saas pay back,,0,,0.00,
"payback,periodo,saas",saas payback period,,0,,0.00,
"payment,saas",saas payment out,,0,,0.00,
"payroll,saas,service",saas payroll services,,0,,0.00,
"payroll,saas,software",saas payroll software,,0,,0.00,
"performance,saas",saas performance,,0,,0.00,
"phpstorm,saas",saas phpstorm,,0,,0.00,
"patrol,pilladas,poder,saas",saas pillar pod patrol,,0,,0.00,
"pipeline,saas",saas pipeline,,0,,0.00,
"plan,saas",saas plans,,0,,0.00,
"authentication,plataforma,saas",saas plataform authenticas,,0,,0.00,
"anthenticas,online,plataforma,saas",saas plataforma anthenticas online,,0,,0.00,
"alegria,fe,plataforma,saas",saas plataforma fe y alegria,,0,,0.00,
"anthenticas,online,platform,saas",saas platform anthenticas online,,0,,0.00,
"architecture,platform,saas",saas platform architecture,,0,,0.00,
"authentication,platform,saas,service",saas platform authentication service,,0,,0.00,
"accenture,authentication,platform,saas,service",saas platform authentication service accenture,,0,,0.00,
"authentication,competencias,platform,saas,service",saas platform authentication service competencia,,0,,0.00,
"authentication,competencias,platform,saas,service",saas platform authentication service competencias,,0,,0.00,
"accenture,authentication,ccleaanming,como,competencias,lms,platform,saas,service",saas platform authentication service competencias-lms.ccleaanming.accenture.com,,0,,0.00,
"accenture,authentication,cclearning,como,competencias,lms,platform,saas,service",saas platform authentication service competencias-lms.cclearning.accenture.com,,0,,0.00,
"authentication,competir,platform,saas,service",saas platform authentication service competencies,,0,,0.00,
"definition,platform,saas",saas platform definition,,0,,0.00,
"development,platform,saas",saas platform developers,,0,,0.00,
"alegria,fe,platform,saas",saas platform fe y alegria,,0,,0.00,
"datos,platform,protection,saas",saas platform for data protection,,0,,0.00,
"platform,provider,saas",saas platform providers,,0,,0.00,
"plm,saas,software",saas plm software,,0,,0.00,
"management,policia,saas",saas policy management,,0,,0.00,
"pos,saas,software",saas pos software,,0,,0.00,
"positiva,saas",saas positioning,,0,,0.00,
"pr,recruitment,saas",saas pr recruitment,,0,,0.00,
"pre,recruitment,saas,sale",saas pre sales recruitment,,0,,0.00,
"precio,saas,transacciones,usuario",saas precio por usuario o por transacción,,0,,0.00,
"analytics,prediction,saas",saas predictive analytics,,0,,0.00,
"presente,saas",saas presentation,,0,,0.00,
"best,practica,pricing,saas",saas pricing best practices,,0,,0.00,
"example,pricing,saas",saas pricing examples,,0,,0.00,
"example,modelo,pricing,saas",saas pricing models examples,,0,,0.00,
"option,pricing,saas",saas pricing options,,0,,0.00,
"example,pago,pricing,saas",saas pricing page examples,,0,,0.00,
"pago,pricing,saas",saas pricing pages,,0,,0.00,
"plan,pricing,saas",saas pricing plans,,0,,0.00,
"pricing,saas,strategy",saas pricing strategy,,0,,0.00,
"pricing,saas,tier",saas pricing tiers,,0,,0.00,
"print,saas",saas printing,,0,,0.00,
"policia,privacy,saas",saas privacy policy,,0,,0.00,
"equity,private,saas",saas private equity,,0,,0.00,
"problemas,saas",saas problem,,0,,0.00,
"process,saas",saas process,,0,,0.00,
"analytics,productos,saas",saas product analytics,,0,,0.00,
"configurar,productos,saas",saas product configurator,,0,,0.00,
"development,productos,saas",saas product development,,0,,0.00,
"colchester,development,productos,saas",saas product development colchester,,0,,0.00,
"company,development,productos,saas",saas product development company,,0,,0.00,
"development,lifecycle,productos,saas",saas product development lifecycle,,0,,0.00,
"development,process,productos,saas",saas product development process,,0,,0.00,
"development,productos,saas,service",saas product development services,,0,,0.00,
"features,productos,saas",saas product features,,0,,0.00,
"launcher,productos,saas",saas product launch,,0,,0.00,
"checklist,launcher,productos,saas",saas product launch checklist,,0,,0.00,
"launcher,plan,productos,saas",saas product launch plan,,0,,0.00,
"marketing,productos,recruitment,saas",saas product marketing recruitment,,0,,0.00,
"marketing,productos,saas,strategy",saas product marketing strategy,,0,,0.00,
"productos,saas",saas product que es,,0,,0.00,
"productos,requirements,saas",saas product requirements,,0,,0.00,
"productos,roadmap,saas",saas product roadmap,,0,,0.00,
"license,management,professional,saas",saas professional licensing management,,0,,0.00,
"professional,saas,service",saas professional services,,0,,0.00,
"management,project,saas,software",saas project management software,,0,,0.00,
"management,project,saas,tool",saas project management tools,,0,,0.00,
"management,portfolio,project,saas",saas project portfolio management,,0,,0.00,
"proposal,saas",saas proposal,,0,,0.00,
"example,proposal,saas",saas proposal example,,0,,0.00,
"prospectiva,saas",saas prospecting,,0,,0.00,
"protocolo,saas",saas protocolo,,0,,0.00,
"qe,saas",saas qe,,0,,0.00,
"azure,microsoft,ofrece,saas",saas que ofrece microsoft azure,,0,,0.00,
"azure,mircrosoft,ofrece,saas",saas que ofrece mircrosoft azure,,0,,0.00,
"quotes,saas,system",saas quoting system,,0,,0.00,
"ranking,saas",saas ranking,,0,,0.00,
"ransomware,saas",saas ransomware,,0,,0.00,
"reconciliación,saas",saas reconciliation,,0,,0.00,
"recovery,saas,team",saas recoveries team,,0,,0.00,
"recruitment,saas",saas recruitment,,0,,0.00,
"recruitment,saas,software",saas recruitment software,,0,,0.00,
"recrutement,saas",saas recrutement,,0,,0.00,
"bill,recuros,saas",saas recurring billing,,0,,0.00,
"recuros,revenue,saas",saas recurring revenue,,0,,0.00,
"red,saas",saas redes,,0,,0.00,
"programa,referral,saas",saas referral programs,,0,,0.00,
"regnskapsprogram,saas",saas regnskapsprogram,,0,,0.00,
"relacion,saas",saas relacionados,,0,,0.00,
"management,release,saas",saas release management,,0,,0.00,
"español,management,release,saas",saas release management en español,,0,,0.00,
"management,process,release,saas",saas release management process,,0,,0.00,
"best,practica,renewal,saas",saas renewal best practices,,0,,0.00,
"management,renewal,saas",saas renewal management,,0,,0.00,
"metrica,renewal,saas",saas renewal metrics,,0,,0.00,
"playbook,renewal,saas",saas renewal playbook,,0,,0.00,
"renewal,saas,subscription",saas renewal subscription,,0,,0.00,
"factores,renewal,saas,success",saas renewal success factors,,0,,0.00,
"best,practica,renewal,saas",saas renewals best practices,,0,,0.00,
"reporte,saas",saas reporting,,0,,0.00,
"reporte,saas,tool",saas reporting tools,,0,,0.00,
"management,requirements,saas",saas requirement management,,0,,0.00,
"management,requirements,saas",saas requirements management,,0,,0.00,
"reseller,saas",saas reseller,,0,,0.00,
"agreement,reseller,saas",saas reseller agreement,,0,,0.00,
"programa,reseller,saas",saas reseller programs,,0,,0.00,
"management,project,resources,saas,software",saas resource & project management software,,0,,0.00,
"humain,ressources,saas",saas ressources humaines,,0,,0.00,
"retention,saas,strategy",saas retention strategies,,0,,0.00,
"forecast,revenue,saas",saas revenue forecasting,,0,,0.00,
"guidance,recognition,revenue,saas",saas revenue recognition guidance,,0,,0.00,
"review,saas,site",saas review sites,,0,,0.00,
"review,saas",saas reviews,,0,,0.00,
"rfp,saas",saas rfp,,0,,0.00,
"rh,saas",saas rh,,0,,0.00,
"assessment,risk,saas",saas risk assessment,,0,,0.00,
"discovery,risk,saas",saas risk discovery,,0,,0.00,
"calcular,roi,saas",saas roi calculator,,0,,0.00,
"engine,rules,saas",saas rule engine,,0,,0.00,
"40,rules,saas",saas rule of 40,,0,,0.00,
"rum,saas",saas rum,,0,,0.00,
"commission,saas,sale",saas sales commission,,0,,0.00,
"commission,percentage,saas,sale",saas sales commission percentage,,0,,0.00,
"commission,plan,saas,sale",saas sales commission plans,,0,,0.00,
"commission,saas,sale,structure",saas sales commission structure,,0,,0.00,
"compensar,modelo,saas,sale",saas sales compensation models,,0,,0.00,
"compensar,plan,saas,sale",saas sales compensation plans,,0,,0.00,
"consulta,saas,sale",saas sales consultant,,0,,0.00,
"course,saas,sale",saas sales courses,,0,,0.00,
"cycle,length,saas,sale",saas sales cycle length,,0,,0.00,
"enable,saas,sale",saas sales enablement,,0,,0.00,
"forecast,saas,sale",saas sales forecasting,,0,,0.00,
"improve,saas,sale",saas sales improvement,,0,,0.00,
"incentivos,plan,saas,sale",saas sales incentive plans,,0,,0.00,
"incentivos,programa,saas,sale",saas sales incentives program,,0,,0.00,
"incentivos,saas,sale,software",saas sales incentives software,,0,,0.00,
"kpis,saas,sale",saas sales kpis,,0,,0.00,
"lead,saas,sale",saas sales leads,,0,,0.00,
"management,saas,sale",saas sales management,,0,,0.00,
"metrica,saas,sale",saas sales metrics,,0,,0.00,
"modelo,saas,sale",saas sales model,,0,,0.00,
"organos,saas,sale",saas sales organization,,0,,0.00,
"outlook,saas,sale",saas sales outlook,,0,,0.00,
"pipeline,saas,sale",saas sales pipeline,,0,,0.00,
"pipeline,saas,sale,stage",saas sales pipeline stages,,0,,0.00,
"playbook,saas,sale",saas sales playbook,,0,,0.00,
"prediction,saas,sale",saas sales prediction,,0,,0.00,
"productos,saas,sale",saas sales productivity,,0,,0.00,
"project,saas,sale",saas sales projections,,0,,0.00,
"recruitment,saas,sale",saas sales recruiters,,0,,0.00,
"platform,rewards,saas,sale",saas sales rewards platform,,0,,0.00,
"programa,rewards,saas,sale",saas sales rewards program,,0,,0.00,
"rewards,saas,sale,software",saas sales rewards software,,0,,0.00,
"saas,sale,script",saas sales script,,0,,0.00,
"saas,sale,skills",saas sales skills,,0,,0.00,
"saas,sale,strategy",saas sales strategy,,0,,0.00,
"plan,saas,sale,strategy",saas sales strategy plan,,0,,0.00,
"saas,sale,structure,team",saas sales team structure,,0,,0.00,
"saas,sale,techniques",saas sales techniques,,0,,0.00,
"saas,sale,tipos",saas sales tips,,0,,0.00,
"course,saas,sale,training",saas sales training courses,,0,,0.00,
"ambiental,andrea,legal,pepe,saas,san,sound",saas san andreas ambient sounds by pep legal,,0,,0.00,
"diego,saas,san",saas san diego,,0,,0.00,
"ca,jose,saas,san",saas san jose ca,,0,,0.00,
"saas,schedule",saas schedule,,0,,0.00,
"saas,schedule,software",saas scheduling software,,0,,0.00,
"engine,saas,search",saas search engine,,0,,0.00,
"optima,saas,search",saas search optimization,,0,,0.00,
"best,practica,saas,security",saas security best practices,,0,,0.00,
"concern,saas,security",saas security concerns,,0,,0.00,
"modelo,saas,security",saas security model,,0,,0.00,
"requirements,saas,security",saas security requirements,,0,,0.00,
"saas,security,standard",saas security standards,,0,,0.00,
"saas,sello,strategy",saas sell strategies,,0,,0.00,
"consulta,saas,seo",saas seo consultants,,0,,0.00,
"consulta,saas,seo",saas seo consulting,,0,,0.00,
"expert,saas,seo",saas seo expert,,0,,0.00,
"expert,saas,seo",saas seo experts,,0,,0.00,
"guide,saas,seo",saas seo guide,,0,,0.00,
"saas,seo,strategy",saas seo strategies,,0,,0.00,
"saas,seo,strategy",saas seo strategy,,0,,0.00,
"agreement,saas,service",saas service agreement,,0,,0.00,
"desk,saas,service,software",saas service desk software,,0,,0.00,
"management,saas,service",saas service management,,0,,0.00,
"management,saas,service,software",saas service management software,,0,,0.00,
"definition,saas,service",saas services definition,,0,,0.00,
"example,saas,service",saas services examples,,0,,0.00,
"cloud,computador,saas,service",saas services in cloud computing,,0,,0.00,
"lista,saas,service",saas services list,,0,,0.00,
"forma,order,saas,service",saas services order form,,0,,0.00,
"saas,siete",saas siet,,0,,0.00,
"saas,sis",saas sis,,0,,0.00,
"policia,privacy,saas,site",saas site privacy policy,,0,,0.00,
"saas,skills",saas skills,,0,,0.00,
"242m,saas,slack,yoyclayton",saas slack 242m yoyclayton,,0,,0.00,
"saas,služby",saas služby,,0,,0.00,
"fast,grow,saas,small,team",saas small team fast growing,,0,,0.00,
"2,saas,soc",saas soc 2,,0,,0.00,
"company,saas,software",saas software company,,0,,0.00,
"contabilidad,saas,software",saas software contabilidad,,0,,0.00,
"definition,saas,software",saas software definition,,0,,0.00,
"development,saas,software",saas software developers,,0,,0.00,
"development,saas,software",saas software development,,0,,0.00,
"company,development,saas,software",saas software development companies,,0,,0.00,
"development,saas,service,software",saas software development services,,0,,0.00,
"download,saas,software",saas software download,,0,,0.00,
"engine,recruitment,saas,software",saas software engineer recruiter,,0,,0.00,
"inc,saas,software",saas software inc,,0,,0.00,
"inspection,saas,software",saas software inspections,,0,,0.00,
"lata,make,saas,software",saas software laten maken,,0,,0.00,
"lata,ontwikkeling,saas,software",saas software laten ontwikkelen,,0,,0.00,
"ndt,saas,software",saas software ndt,,0,,0.00,
"pricing,saas,software",saas software pricing,,0,,0.00,
"management,release,saas,software",saas software release management,,0,,0.00,
"cloud,computador,saas,service,software",saas software-as-a-service and cloud computing,,0,,0.00,
"saas,source",saas sourcing,,0,,0.00,
"saas,spend",saas spend,,0,,0.00,
"management,platform,saas,spend",saas spend management platform,,0,,0.00,
"management,process,saas,spend",saas spend management process,,0,,0.00,
"management,saas,software,spend",saas spend management software,,0,,0.00,
"company,management,saas,software,spend",saas spend management software companies,,0,,0.00,
"management,saas,spend,system",saas spend management system,,0,,0.00,
"management,saas,spend,tool",saas spend management tools,,0,,0.00,
"management,saas,spend,vendor",saas spend management vendors,,0,,0.00,
"optima,saas,spend",saas spend optimization,,0,,0.00,
"benchmark,saas,spend",saas spending benchmarks,,0,,0.00,
"definicion,saas,ssd",saas ssd definicion,,0,,0.00,
"firma,saas,staffing",saas staffing firm,,0,,0.00,
"saas,staffroom",saas staffroom,,0,,0.00,
"financial,modelo,saas,startup",saas startup financial model,,0,,0.00,
"marketing,plan,saas,startup",saas startup marketing plan,,0,,0.00,
"saas,startup,studio",saas startup studio,,0,,0.00,
"saas,startup,valuation",saas startup valuation,,0,,0.00,
"saas,statistics",saas statistics,,0,,0.00,
"2018,saas,statistics",saas statistics 2018,,0,,0.00,
"leather,saas,stealth",saas stealth leather,,0,,0.00,
"saas,sleather,stealth",saas stealth sleather,,0,,0.00,
"saas,storage",saas storage,,0,,0.00,
"modelo,saas,strategy",saas strategy model,,0,,0.00,
"loan,saas,student",saas student loan,,0,,0.00,
"amount,loan,saas,student",saas student loan amount,,0,,0.00,
"application,loan,saas,student",saas student loan application,,0,,0.00,
"application,deadline,loan,saas,student",saas student loan application deadline,,0,,0.00,
"contacto,loan,saas,student",saas student loan contact,,0,,0.00,
"elige,loan,saas,student",saas student loan eligibility,,0,,0.00,
"forma,loan,saas,student",saas student loan form,,0,,0.00,
"interest,loan,saas,student",saas student loan interest,,0,,0.00,
"costo,living,loan,saas,student",saas student loan living costs,,0,,0.00,
"loan,number,saas,student",saas student loan number,,0,,0.00,
"datos,loan,payment,saas,student",saas student loan payment dates,,0,,0.00,
"loan,postgraduate,saas,student",saas student loan postgraduate,,0,,0.00,
"loan,repayment,saas,student",saas student loan repayment,,0,,0.00,
"number,reference,saas,student",saas student reference number,,0,,0.00,
"saas,subdirectorios,subdomain",saas subdomain or subdirectory,,0,,0.00,
"modelo,pricing,saas,subscription",saas subscription pricing models,,0,,0.00,
"saas,success",saas success,,0,,0.00,
"saas,story,success",saas success stories,,0,,0.00,
"chain,management,saas,software,supply",saas supply chain management software,,0,,0.00,
"best,practica,saas,support",saas support best practices,,0,,0.00,
"plan,saas,support",saas support plans,,0,,0.00,
"pricing,saas,support",saas support pricing,,0,,0.00,
"saas,software,support",saas support software,,0,,0.00,
"saas,support,tool",saas support tools,,0,,0.00,
"saas,survey",saas survey,,0,,0.00,
"record,saas,system",saas system of record,,0,,0.00,
"management,saas,system",saas systems management,,0,,0.00,
"acquisition,saas,talento",saas talent acquisition,,0,,0.00,
"best,practica,saas,talento",saas talent best practices,,0,,0.00,
"saas,technologie",saas technologie,,0,,0.00,
"llc,ok,saas,technology,tulsa",saas technologies llc tulsa ok,,0,,0.00,
"definition,saas,technology",saas technology definition,,0,,0.00,
"overview,saas,technology",saas technology overview,,0,,0.00,
"saas,telecom",saas telecom,,0,,0.00,
"saas,terminología",saas terminology,,0,,0.00,
"saas,term",saas terms,,0,,0.00,
"saas,service,term",saas terms of service,,0,,0.00,
"challenge,saas,test",saas testing challenges,,0,,0.00,
"change,game,saas",saas the game changer,,0,,0.00,
"premium,saas,shortener,theme,url",saas theme for premium url shortener,,0,,0.00,
"leadership,saas,thought",saas thought leadership,,0,,0.00,
"liberacion,saas,tiempo",saas tiempos de liberacion,,0,,0.00,
"acceso,control,saas",saas tiene un control de acceso,,0,,0.00,
"instagram,negro,saas,tierra",saas tierra negra instagram,,0,,0.00,
"attendance,saas,time",saas time and attendance,,0,,0.00,
"saas,tipos",saas tips,,0,,0.00,
"saas,tmplate",saas tmplates,,0,,0.00,
"saas,tms",saas tms,,0,,0.00,
"azure,saas,vpn",saas to azure vpn,,0,,0.00,
"saas,toledo",saas toledo,,0,,0.00,
"saas,toolkit",saas toolkit,,0,,0.00,
"odoo,saas,tool",saas tools odoo,,0,,0.00,
"application,saas,trackid",saas track application,,0,,0.00,
"saas,trackid",saas tracking,,0,,0.00,
"saas,transformers",saas transformation,,0,,0.00,
"saas,software,transporte",saas transportation software,,0,,0.00,
"datos,saas,tratamiento",saas tratamiento de datos,,0,,0.00,
"expensive,saas,travel",saas travel expenses,,0,,0.00,
"2019,saas,trends",saas trends 2019,,0,,0.00,
"saas,une",saas une,,0,,0.00,
"communication,saas,unifi",saas unified communications,,0,,0.00,
"benchmark,economica,saas,united",saas unit economics benchmark,,0,,0.00,
"saas,universidad",saas university,,0,,0.00,
"saas,upsell",saas upsell,,0,,0.00,
"bill,saas,usage",saas usage billing,,0,,0.00,
"accept,saas,test,user",saas user acceptance testing,,0,,0.00,
"analytics,saas,user",saas user analytics,,0,,0.00,
"saas,uso",saas usos,,0,,0.00,
"saas,utilidad",saas utilization,,0,,0.00,
"calcular,saas,valuation",saas valuation calculator,,0,,0.00,
"metrica,saas,valuation",saas valuation metrics,,0,,0.00,
"assessment,saas,value",saas value assessment,,0,,0.00,
"berlin,saas,vc",saas vc berlin,,0,,0.00,
"fundraising,saas,vc",saas vc fundraising,,0,,0.00,
"management,saas,vendor",saas vendor management,,0,,0.00,
"acumatica,management,saas,vendor",saas vendor management acumatica,,0,,0.00,
"manahan,programa,saas,vendor",saas vendor manahement program,,0,,0.00,
"inbound,marketing,must,saas,use,vendor",saas vendors must use inbound marketing,,0,,0.00,
"saas,version",saas version,,0,,0.00,
"marketing,saas,videos",saas video marketing,,0,,0.00,
"saas,videojuegos",saas videojuegos,,0,,0.00,
"pass,priority,saas,vip",saas vip priority pass,,0,,0.00,
"saas,virksomhed",saas virksomhed,,0,,0.00,
"cis,saas,virtual",saas virtual ciso,,0,,0.00,
"saas,visible",saas visibility,,0,,0.00,
"saas,vmware",saas vmware,,0,,0.00,
"marketing,saas,vp",saas vp marketing,,0,,0.00,
"saas,sale,vp",saas vp sales,,0,,0.00,
"aplicaciones,saas,vs",saas vs aplicaciones,,0,,0.00,
"aplicaciones,crecimiento,saas,vs",saas vs aplicaciones crecimiento,,0,,0.00,
"hosting,saas,vs",saas vs hosted,,0,,0.00,
"house,saas,vs",saas vs in house,,0,,0.00,
"hoyse,saas,vs",saas vs in hoyse,,0,,0.00,
"calcular,premisas,saas,tco,vs",saas vs on premise tco calculator,,0,,0.00,
"outsourcing,saas,vs",saas vs outsourcing,,0,,0.00,
"example,paa,saas,vs",saas vs paas examples,,0,,0.00,
"ecommerce,hosting,platform,saas,self,vs",saas vs self hosted ecommerce platforms,,0,,0.00,
"license,saas,software,vs",saas vs software license,,0,,0.00,
"application,saas,vs,web",saas vs web application,,0,,0.00,
"saas,vsco",saas vsco,,0,,0.00,
"management,saas,warehouse",saas warehouse management,,0,,0.00,
"management,saas,software,warehouse",saas warehouse management software,,0,,0.00,
"management,saas,system,warehouse",saas warehouse management system,,0,,0.00,
"analytics,saas,web",saas web analytics,,0,,0.00,
"app,saas,web",saas web app,,0,,0.00,
"application,development,saas,web",saas web application development,,0,,0.00,
"build,saas,web",saas web builder,,0,,0.00,
"development,saas,web",saas web developer,,0,,0.00,
"development,saas,web",saas web development,,0,,0.00,
"saas,service,web",saas web services,,0,,0.00,
"papa,saas,white",saas white paper,,0,,0.00,
"diagrama,saas,wiring",saas wiring diagram,,0,,0.00,
"plan,saas,stem",saas with stem plans,,0,,0.00,
"saas,uk,wms",saas wms uk,,0,,0.00,
"saas,software,workflow",saas workflow software,,0,,0.00,
"management,saas,software,workforce",saas workforce management software,,0,,0.00,
"saas,write",saas writer,,0,,0.00,
"cloud,computador,saas",saas y cloud computing,,0,,0.00,
"saas,zucchetti",saas zucchetti,,0,,0.00,
"saas,сервисы,такое,что",saas сервисы что такое,,0,,0.00,
"saas,クラウド",saas クラウド,,0,,0.00,
"saas,サービス",saas サービス,,0,,0.00,
"saas,ソフトウェア",saas ソフトウェア,,0,,0.00,
"saas,ファネル",saas ファネル,,0,,0.00,
"saas,例",saas 例,,0,,0.00,
"saas,型",saas 型,,0,,0.00,
"saas,意味",saas 意味,,0,,0.00,
"saas,솔루션",saas 솔루션,,0,,0.00,
"saas,아키텍처",saas 아키텍처,,0,,0.00,
"saas,플랫폼",saas 플랫폼,,0,,0.00,
"2007,c,eisen,p,saas,schaefer",saas-c p eisen & schaefer 2007,,0,,0.00,
"2007,cp,eisen,saas,schaefer",saas-cp eisen & schaefer 2007,,0,,0.00,
"saas,überwachung",saas-überwachung,,0,,0.00,
"co,como,saas",saas.com.co,,0,,0.00,
"medico,pacifico,saas,suite",saas.pacific medical suite,,0,,0.00,
"como,copa,saas,system",saas.systems.com.cop,,0,,0.00,
"portal,saas,sale",saas_portal_sale,,0,,0.00,
"backup,ftp,saas,server",saas_server_backup_ftp,,0,,0.00,
"backup,button,ftp,saas,server",saas_server_backup_ftp button,,0,,0.00,
"backup,config,ftp,saas,server",saas_server_backup_ftp config,,0,,0.00,
"backup,modulo,saas,server",saas_server_backup_module,,0,,0.00,
"multipurpose,saas,saasland,startup,theme,wordpress",saasland multipurpose wordpress theme for saas & startup,,0,,0.00,
"comprobante,eficol,saas,sacar",sacar comprobantes eficol saas,,0,,0.00,
"saas,saep",saep saa,,0,,0.00,
"saas,saga",sage saas,,0,,0.00,
"saas,saga,treasury",sage treasury saas,,0,,0.00,
"saas,saif",saif saaeed,,0,,0.00,
"ade,saas,saint,seiya",saint seiya la saa de ades,,0,,0.00,
"costo,saas,saleforse",saleforse saas cost,,0,,0.00,
"efficiency,saas,sale",sales efficiency saas,,0,,0.00,
"enable,saas,sale",sales enablement saas,,0,,0.00,
"forecast,saas,sale",sales forecasting saas,,0,,0.00,
"agreement,saas,salesforce",salesforce saas agreement,,0,,0.00,
"publico,saas,sale",salid publica saa,,0,,0.00,
"saas,sale,socio",salida de socio de una saas,,0,,0.00,
"saas,salmo",salma saa,,0,,0.00,
"jimi,saas,salsa",salsa jimi saa,,0,,0.00,
"saas,samford",samford saa,,0,,0.00,
"agreement,reseller,saas,sample",sample saas reseller agreement,,0,,0.00,
"emfermo,maria,saas,santa",santa maria os emfermos saa,,0,,0.00,
"enfermo,maria,saas,santa",santa maria os enfermos saa,,0,,0.00,
"enfermo,maria,saas,santa",santa mario os enfermos saa,,0,,0.00,
"adolfo,saas,santiago,vernaza",santiago adolfo saa vernaza,,0,,0.00,
"ko,saas,sahara,santuario",santuario saas ko'sah,,0,,0.00,
"castillo,saas,saray",saray castillo saa,,0,,0.00,
"saas,sargento",sargento saaan,,0,,0.00,
"colombia,saas,sauber",sauber colombia saa,,0,,0.00,
"colombia,saas,sauber",sauber colombia saas,,0,,0.00,
"eduardo,saas",saá eduardo,,0,,0.00,
"chica,eduardo,galeano,saas",saá eduardo galeano para chicos,,0,,0.00,
"cloud,saas,scada",scada cloud saas,,0,,0.00,
"2,3,saas,sce,section",sce section 3.2 saa,,0,,0.00,
"saas,schnauzer,standard",schnauzer standard saa,,0,,0.00,
"fee,holiday,saas,school,ski",school skiing holiday in saas fee,,0,,0.00,
"fee,holiday,saas,school,ski",school skiing holidays in saas fee,,0,,0.00,
"fee,saas,school,ski,tour",school skiing tours in saas fee,,0,,0.00,
"define,saas,software",se define en software saas,,0,,0.00,
"computador,ejecutivo,equipo,rapido,saas",se ejecuta más rápido en los equipos de cómputo saas,,0,,0.00,
"escala,paa,puede,saas,sistema",se puede escalar un sistema saas a paas,,0,,0.00,
"escala,pass,puede,saas,sistema",se puede escalar un sistema saas a pass,,0,,0.00,
"escala,paa,puede,saas,sistema",se puede escalar un sistema saas y paas,,0,,0.00,
"concha,ostras,saas",se saa de la concha de las ostras,,0,,0.00,
"saas,search",search saas,,0,,0.00,
"cali,saas,sebastian",sebastian saa cali,,0,,0.00,
"colombia,saas,sector",sector ti colombia saas,,0,,0.00,
"papa,pura,saas,see",see de saa para pura papa,,0,,0.00,
"company,help,marketing,partes,repair,saas,seek,seo,time",seeking seo part-time marketing rep to help with saas company,,0,,0.00,
"saas,see,suus",sees suus saas,,0,,0.00,
"saas,seguridad,servicio",seguridad como servicio saas,,0,,0.00,
"privada,saas,seguridad",seguridad privada saa,,0,,0.00,
"business,saas,sello",sell your saas business,,0,,0.00,
"enterprise,saas,sello",selling saas to enterprise,,0,,0.00,
"inteligencia,saas,semaforo,sensor",semaforos inteligentes con sensores saas,,0,,0.00,
"rodriguez,saas,senador",senador rodriguez saa,,0,,0.00,
"automation,calle,email,saas,send",send emails automated and call saas,,0,,0.00,
"automation,calle,mail,saas,send",send mails automated and call saas,,0,,0.00,
"analysis,saas,sentimental",sentiment analysis saas,,0,,0.00,
"company,saas,seo",seo company for saas,,0,,0.00,
"saas,seo,startup",seo for saas startups,,0,,0.00,
"company,marketing,saas,seo",seo marketing for saas companies,,0,,0.00,
"company,marketing,saas,seo",seo marketing saas company,,0,,0.00,
"pour,saas,seo",seo pour les saas,,0,,0.00,
"saas,seo,software",seo saas software,,0,,0.00,
"saas,seo,strategy",seo strategies for saas,,0,,0.00,
"company,saas,seo,tipos",seo tips for saas companies,,0,,0.00,
"saas,sercomlog",sercomlog saa,,0,,0.00,
"saas,ser",sero saa,,0,,0.00,
"desktop,saas,server",server desktop y saas,,0,,0.00,
"account,backup,netapp,saas,service",service account for netapp saas backup,,0,,0.00,
"management,saas,service",service management saas,,0,,0.00,
"saas,servicenow",servicenow saas,,0,,0.00,
"cloud,saas,servicio",servicio cloud saas,,0,,0.00,
"modal,saas,servicio",servicio modalidad saas,,0,,0.00,
"saas,servicio,suscripcion",servicio por suscripción saas,,0,,0.00,
"ejemplos,saas,servicio",servicio saas ejemplo,,0,,0.00,
"consiste,saas,servicio",servicio saas en que consiste,,0,,0.00,
"saas,sap,servicio",servicio saas sap,,0,,0.00,
"saas,servicio",servicios de saas,,0,,0.00,
"ofrece,saas,servicio",servicios ofrecidos en saas,,0,,0.00,
"paa,saas,servicio",servicios paas y saas,,0,,0.00,
"colombia,contabilidad,saas,servicio",servicios saas para contabilidad en colombia,,0,,0.00,
"saas,servicio,tipos",servicios tipo saas,,0,,0.00,
"saas,servisuministros,sys",servisuministros sys saa,,0,,0.00,
"saas,servivio",servivio saas,,0,,0.00,
"saas,sevicio",sevicios saas,,0,,0.00,
"saas,seviola",seviola saa,,0,,0.00,
"saas,señalcon",señalcon saa,,0,,0.00,
"saas,señor",señora saa,,0,,0.00,
"saas,sfdc",sfdc saas,,0,,0.00,
"saas,sga",sga saas,,0,,0.00,
"colombia,saas,sgs",sgs colombia saas,,0,,0.00,
"beleza,saas,shadai",shadai saa de beleza,,0,,0.00,
"guayacan,saas,share",sharly saa y guayacan,,0,,0.00,
"anal,saas,sheena,vaquero,xxx",sheena saa anal vaquera xxx,,0,,0.00,
"saas,sheena,vaquero",sheena saa es una vaquera,,0,,0.00,
"anal,saas,sheena,vaquero,xxx",sheena saa es una vaquera anal xxx,,0,,0.00,
"saas,sheena,vaquero,xxx",sheena saa es una vaquera xxx,,0,,0.00,
"armas,saas,sheik",sheik que saa el arma,,0,,0.00,
"bin,saas,sheikka",sheikka bin saaed,,0,,0.00,
"saas,shokugeki,souma",shokugeki no souma ni no saa,,0,,0.00,
"saas,shrek",shrek saa,,0,,0.00,
"saas,si",si saa,,0,,0.00,
"alegria,fe,saas,siete",siet fe y alegria saas,,0,,0.00,
"fya,saas,siete",siet fya saas,,0,,0.00,
"saas,siete",siet saas,,0,,0.00,
"fya,saas,siete",siet saas fya,,0,,0.00,
"saas,siglo",sigla saa,,0,,0.00,
"ambiental,gestion,saas,siglo",sigla saa en gestion ambiental,,0,,0.00,
"saas,siglo",sigla saas,,0,,0.00,
"argot,popular,saas,significa",significa de saa en el argot popular,,0,,0.00,
"saas,siglo,significado",significado de las siglas saa,,0,,0.00,
"saas,significado,solucion",significado de una solución saas,,0,,0.00,
"saas,significado",significado saá,,0,,0.00,
"junior,palante,saas,sigue",sigue palante junior saa,,0,,0.00,
"saas,sim",sim saas,,0,,0.00,
"saas,simon",simone saa,,0,,0.00,
"junior,saas,simple",simple junior saa,,0,,0.00,
"agreement,saas,simple",simple saas agreement,,0,,0.00,
"licecia,saas,simulador",simulador licecia saa,,0,,0.00,
"licencia,saas,simulador",simulador licencia saa,,0,,0.00,
"saas,singer",singeas saas,,0,,0.00,
"application,saas,signo,single",single sign on for saas applications,,0,,0.00,
"saas,signo,single",single sign on saas,,0,,0.00,
"saas,single,tenant",single tenant saas,,0,,0.00,
"saas,sirh",sirh saas,,0,,0.00,
"saas,siria",siria saa,,0,,0.00,
"saas,sis,vida",sis vida.saa,,0,,0.00,
"saas,sisga",sisga saa,,0,,0.00,
"administracion,ambiental,saas,sistema",sistema de administracion ambiental saa,,0,,0.00,
"informacion,saas,sistema",sistema de informacion saas,,0,,0.00,
"informacion,saas,sistema,tipos",sistema de informacion tipo saas,,0,,0.00,
"publico,saas,salud,seguridad,sistema",sistema de seguridad en salud publica saa,,0,,0.00,
"reticulo,saas,sistema",sistema reticular saa,,0,,0.00,
"produccion,saas,sistema",sistemas de produccion saas,,0,,0.00,
"erp,saas,sistema",sistemas erp saas,,0,,0.00,
"caracteristicas,saas,sistema",sistemas saas caracteristicas,,0,,0.00,
"caracteristicas,saas,sistema",sistemas saas características,,0,,0.00,
"saas,sisvea,sisven",sisvan saa sisvea,,0,,0.00,
"saas,site,vitrinas",site vitrine saas,,0,,0.00,
"fee,interes,saas,sitios",sitios de interes en saas fee,,0,,0.00,
"control,saas,situacion",situación de control en saas,,0,,0.00,
"gta,saas,skepta",skepta gta saa,,0,,0.00,
"saas,sm,support,system,upgrade",sm saas systems upgrade support,,0,,0.00,
"saas,small,startup,team",small team saas startups,,0,,0.00,
"business,plan,saas,smart",smart saas business plan,,0,,0.00,
"saas,sms",sms en saas,,0,,0.00,
"brocal,mineral,saas,soc",soc minera el brocal saa,,0,,0.00,
"medio,saas,social",social media saas,,0,,0.00,
"network,saas,social",social network saas,,0,,0.00,
"saas,sodexo",sodexo saas,,0,,0.00,
"10,años,cali,niños,saas,sofia",sofia saa cali niña de 10 años,,0,,0.00,
"10,años,saas,sofia",sofia saa de 10 años,,0,,0.00,
"app,saas,soft,software,theme,webapp,wordpress",softa saas app software & webapp wordpress theme,,0,,0.00,
"app,null,saas,soft,software,theme,webapp,wordpress",softa saas app software & webapp wordpress theme nulled,,0,,0.00,
"development,saas,software",software / saas developers,,0,,0.00,
"business,modelo,saas,service,software",software as a service saas business model,,0,,0.00,
"definition,saas,service,software",software as a service saas definition,,0,,0.00,
"dianalet,saas,service,software",software as a service saas dianalet,,0,,0.00,
"español,saas,service,software",software as a service saas español,,0,,0.00,
"asset,management,saas,software",software asset management for saas,,0,,0.00,
"saas,software",software como saas,,0,,0.00,
"desventajas,saas,servicio,software",software como servicio saas desventajas,,0,,0.00,
"faq,saas,servicio,software",software como servicio saas faqs,,0,,0.00,
"modelo,saas,servicio,software",software como servicio saas modelo,,0,,0.00,
"pdf,saas,servicio,software",software como servicio saas pdf,,0,,0.00,
"define,saas,servicio,software",software como servicio saas se define como,,0,,0.00,
"saas,servicio,software,ventajas",software como servicio saas ventajas,,0,,0.00,
"modelo,saas,servicio,software",software como un modelo de servicio saas,,0,,0.00,
"contable,inventario,saas,software",software contablidad inventarios saas,,0,,0.00,
"diseño,productos,saas,software",software diseño productos saas,,0,,0.00,
"diseño,saas,software",software diseño saas,,0,,0.00,
"modal,saas,software",software en modalidad saas,,0,,0.00,
"estrategica,saas,software",software estrategico saa,,0,,0.00,
"modal,saas,software",software modalidad saas,,0,,0.00,
"modelo,saas,software",software modelo saas,,0,,0.00,
"eventos,premize,saas,software",software para eventos on premize o saas,,0,,0.00,
"publisher,saas,software",software publishers and saas,,0,,0.00,
"saas,software",software saaas,,0,,0.00,
"saas,servicio,software",software servicio saas,,0,,0.00,
"saas,sga,software",software sga saas,,0,,0.00,
"directo,saas,software,venta",software venta directa saas,,0,,0.00,
"cloud,computador,modelo,saas,service,software",software-as-a-service saas cloud-computing model,,0,,0.00,
"cloud,computador,ppt,saas,service,software",software-as-a-service saas in cloud computing ppt,,0,,0.00,
"ruta,saas,solicitud",solicitud de rut para saa,,0,,0.00,
"ia,paso,saas,solucion",solucion ias pas saas,,0,,0.00,
"saas,solucion",solucione saas,,0,,0.00,
"ecommerce,saas,solucion",soluciones ecommerce saas,,0,,0.00,
"colombia,ltda,saas,solucion,tecnologia",soluciones en tecnologia saas colombia ltda,,0,,0.00,
"inmediata,saas,solucion",soluciones inmediatas saas,,0,,0.00,
"saas,solucion",soluciones saa,,0,,0.00,
"cloud,saas,solucion",soluciones saas o cloud,,0,,0.00,
"saas,significa,solucion",soluciones saas que significa,,0,,0.00,
"saas,solucion,wikipedia",soluciones saas wikipedia,,0,,0.00,
"reserva,saas,somos",som saa reservation,,0,,0.00,
"compatible,paa,saas",son compatibles saas a paas,,0,,0.00,
"hi5,saas,sony",sonia saa hi5,,0,,0.00,
"restaurante,saas,sopfware",sopfware para restaurantes saas,,0,,0.00,
"saas,soplascol",soplascol saas,,0,,0.00,
"iitl,saas,soporte",soporte iitl en saas,,0,,0.00,
"modal,saas,soporte",soporte modalidad saas,,0,,0.00,
"saas,soporte",soporte saas,,0,,0.00,
"modelo,saas,servicio,soporte",soporte servicio modelo saas,,0,,0.00,
"modelo,saas,soporte,tecnica,usuario",soporte tecnico a usuarios modelo saas,,0,,0.00,
"estanislao,mariana,saas,san,sor",sor mariana de san estanislao y saa,,0,,0.00,
"medico,saas,service,sos",sos medical services saas,,0,,0.00,
"kit,saas,souvenir",souvenir kit saas,,0,,0.00,
"saas,spa,uribe",spa de saa uribe,,0,,0.00,
"acta,biomol,molar,partes,saas,spectrochimica,spectrosc",spectrochim acta part a mol biomol spectrosc saa,,0,,0.00,
"saas,spreadshet",spreadshet es de saas,,0,,0.00,
"saas,servicio,spreadshet",spreadshet es un servicio de saas,,0,,0.00,
"azure,saas,sql",sql azure saas,,0,,0.00,
"app,saas,sso",sso for saas apps,,0,,0.00,
"aa,saas,sas,sss",sss sas saa aa,,0,,0.00,
"firma,saas,staffing,startup",staffing firm for saas startups,,0,,0.00,
"company,saas,stage",stages of a saas company,,0,,0.00,
"manufactura,saas,standard",standard manufacturing saa,,0,,0.00,
"maestro,saas,star,war",star wars maestro saa,,0,,0.00,
"company,saas,start",starting a saas company,,0,,0.00,
"company,saas,startup",startup saas companies,,0,,0.00,
"saas,seo,startup",startup saas seo,,0,,0.00,
"casa,saas,statistics,studio",statistics saas case studies,,0,,0.00,
"saas,stem",stem saas,,0,,0.00,
"saas,stiven",stiven saa,,0,,0.00,
"saas,service,storage",storage as a service saas,,0,,0.00,
"inventario,saas,sub,web",subir inventario a web saas,,0,,0.00,
"derivada,documentos,pb,pdf,rpt,saas,submitaction,win4",submitaction_win4 document.win4 'saa_derived_saa_rpt_pdf_pb,,0,,0.00,
"abuso,attitude,pdf,saas,substance,survey",substance abuse attitude survey saas pdf,,0,,0.00,
"saas,successfactors",successfactors saas,,0,,0.00,
"saas,startup,success",successful saas startups,,0,,0.00,
"saas,sufijo",sufijo saaar,,0,,0.00,
"faa,saas,sufijo",sufijo saaar de la faa,,0,,0.00,
"castillo,leonardo,saas,suicidio",suicidio de leonard saa castillo,,0,,0.00,
"cali,castillo,leonardo,saas,suicidio,valle",suicidio de leonard saa castillo en cali valle,,0,,0.00,
"saas,suma",suma saa,,0,,0.00,
"saas,sumatec",sumatec saas,,0,,0.00,
"saas,sumel",sumel saa,,0,,0.00,
"licencia,saas,suministro",suministro de licencias es saas,,0,,0.00,
"barranquilla,saas,suministro",suministros saa barranquilla,,0,,0.00,
"dotacion,saas,suministro",suministros y dotaciones saa,,0,,0.00,
"gta,saas,sunrise",sunrise gta saa,,0,,0.00,
"93,efectos,saas,super",super efectivo la 93 por saao,,0,,0.00,
"saas,super",super saa,,0,,0.00,
"bogota,saas,super",super saa en bogota,,0,,0.00,
"saas,super",super saaa,,0,,0.00,
"colombia,gran,saas,supermercado",supermercado gran colombia saa,,0,,0.00,
"lubricantes,saas,surcolombiana",surcolombiana de lubricantes saas,,0,,0.00,
"direccion,saas,surticar",surticar saa direccion,,0,,0.00,
"saas,suscripcion",suscripcion saas,,0,,0.00,
"saas,suscripcion",suscripción de saas,,0,,0.00,
"saas,suscripcion,videojuegos",suscripción de videojuegos saas,,0,,0.00,
"saas,service,software,syllabus",syllabus saas software as a service,,0,,0.00,
"bundle,saas,symfony",symfony saas bundle,,0,,0.00,
"kuka,nyt,saas,sena,synestesia,tietää",synestesia kuka nyt saa sen tietää,,0,,0.00,
"saas,syria",syri saa,,0,,0.00,
"saas,sysdatec",sysdatec saas,,0,,0.00,
"action,saas,system",system of action saas,,0,,0.00,
"saas,styrktarsjóður",sáá styrktarsjóður,,0,,0.00,
"saas,sergio",sérgio saas,,0,,0.00,
"ra,saas,star,war",t'ra saa star wars,,0,,0.00,
"referencia,saas,tabla",tabla de referencia saa,,0,,0.00,
"referencia,saas,sipro,tabla",tabla de referencia saa sipro,,0,,0.00,
"novedad,referencia,saas,tabla,tipos",tabla de referencia saa tipo novedad,,0,,0.00,
"belleza,biologico,estetica,riesgo,saas,tabla",tabla de riesgo biologico para esteticas y saas de belleza,,0,,0.00,
"referencia,saas,tabla",tabla referencia saa,,0,,0.00,
"saas,tafur",tafur saa,,0,,0.00,
"acquisition,saas,startup,talento",talent acquisition for saas startups,,0,,0.00,
"saas,taleo",taleo saas,,0,,0.00,
"saas,talkable",talkable saas,,0,,0.00,
"saas,tangente",tangente saa,,0,,0.00,
"defensa,saas,tapa",tap saas defense,,0,,0.00,
"para,saas,tareas",tare saa mi par,,0,,0.00,
"saas,tarek,william",tarek william saas,,0,,0.00,
"management,saas,task",task management saas,,0,,0.00,
"blanco,maria,saas,tatiana",tatiana maria saa blanco,,0,,0.00,
"saas,tatiana",tatiana saa,,0,,0.00,
"armenia,periodoncista,saas,tatiana",tatiana saa periodoncista armenia,,0,,0.00,
"armenia,periodoncista,saas,tatiana,telefono",tatiana saa periodoncista armenia telefono,,0,,0.00,
"armenia,periodonsista,saas,tatiana",tatiana saa periodonsista armenia,,0,,0.00,
"conversion,land,pago,saas,taux",taux de conversion landing page saas,,0,,0.00,
"conversion,saas,taux",taux de conversions saas,,0,,0.00,
"rétention,saas,taux",taux de rétention saas,,0,,0.00,
"21,saas,siglo,tc",tc siglo 21 saa,,0,,0.00,
"saas,teamlab",teamlab saas,,0,,0.00,
"acquisition,cliente,saas,techniques",techniques acquisition client saas,,0,,0.00,
"marketing,saas,techniques",techniques marketing saas,,0,,0.00,
"saas,tecniautos",tecniautos saa,,0,,0.00,
"bogota,saas,tecniautos",tecniautos saa bogotá,,0,,0.00,
"pescadero,saas,tejido",tejar de pescadero saa,,0,,0.00,
"saas,tekken",tekko saa,,0,,0.00,
"development,saas,telecommunications",telecommunication saas developers,,0,,0.00,
"3c,saas,telefono",telefono 3c saas,,0,,0.00,
"celular,jose,manuel,saas,telefono",telefono celular jose manuel saa,,0,,0.00,
"celular,hervir,jose,manuel,saas,telefono",telefono celular jose manuel saa hervas,,0,,0.00,
"christian,fernando,lopez,saas,telefono",telefono christian fernando saa lopez,,0,,0.00,
"comite,estudio,medellin,medico,saas,telefono",telefono comite de estudios medicos saas medellin,,0,,0.00,
"cali,doctor,jorge,saas,telefono",telefono doctor jorge saa cali,,0,,0.00,
"auto,saas,tanque,telefono",telefonos de auto tanques saa,,0,,0.00,
"alejandro,maria,premios,saas,telenovela",telenovelas premios maria alejandra saa,,0,,0.00,
"cali,saas,summer,telf,temporales",telf summar temporales saa cali,,0,,0.00,
"saas,tempestad,yimi",tempestad yimi saa,,0,,0.00,
"saas,temp",tempo saa,,0,,0.00,
"2017,colorear,prara,saas,tendencias",tendencias de colores prara un saas 2017,,0,,0.00,
"saas,tennocar",tennocar saa,,0,,0.00,
"hurtado,saas,teodoro",teodora hurtad-saa,,0,,0.00,
"hurtado,saas,teodoro",teodora hurtado saa,,0,,0.00,
"correo,hurtado,saas,teodoro",teodora hurtado saa correo hurtado,,0,,0.00,
"correo,hurtado,saas,teodoro,yahoo",teodora hurtado saa correo hurtado teodora hurtado yahoo.es,,0,,0.00,
"correo,hurtado,saas,teodorahurtado,teodoro,yahoo",teodora hurtado saa correo hurtado teodorahurtado yahoo.es,,0,,0.00,
"hurtado,investigación,saas,teodoro",teodora hurtado saa investigaciones,,0,,0.00,
"afrocolombianos,contempranea,estudio,hurtado,poblacion,saas,teodoro",teodora hurtado saa los estudios contempraneos sobre población afrocolombiana,,0,,0.00,
"0232c3dd0665c4e246e3,email,hurtado,pii,saas,teodoro",teodora hurtado saa pii_email_0232c3dd0665c4e246e3,,0,,0.00,
"hurtado,reivstacs,saas,teodoro",teodora hurtado saa reivstacs,,0,,0.00,
"hurtado,revista,saas,teodoro",teodora hurtado saa revistas,,0,,0.00,
"hurtado,saas,teodoro,texis",teodora hurtado saa texis,,0,,0.00,
"hurtado,saas,teodoro",teodoro hurtado saa,,0,,0.00,
"colombiano,constitucion,ernesto,saas,teoria,velasco",teoria constitucional colombiana ernesto saa velasco,,0,,0.00,
"colombiano,constitucion,ernesto,saas,teoria,velasco",teoria constitucional colombiano ernesto saa velasco,,0,,0.00,
"colombiano,constitucion,ernesto,pdf,saas,teoria,velasco",teoria constitucional colombiano ernesto saa velasco pdf,,0,,0.00,
"constitucion,general,resumen,saas,teoria,velasco",teoria constitucional general resumen saa velasco,,0,,0.00,
"empresa,filetype,pdf,pricing,saas,teoria",teoria del pricing en empresas saas filetype pdf,,0,,0.00,
"constitucion,general,saas,teoria,velasco",teoria general constitucional saa-velasco,,0,,0.00,
"1976,constitucion,general,saas,teoria,velasco",teoria general constitucional saa-velasco 1976,,0,,0.00,
"2,4,cap,constitucion,general,saas,teoria,velasco",teoria general constitucional saa-velasco cap 2 y 4,,0,,0.00,
"constitucion,general,saas,teoría,velasco",teoría general constitucional saa-velasco,,0,,0.00,
"2,cap,constitucion,general,saas,teoría,velasco",teoría general constitucional saa-velasco cap 2,,0,,0.00,
"constitucion,general,pdf,saas,teoría,velasco",teoría general constitucional saa-velasco pdf,,0,,0.00,
"condiciones,saas,terminal",terminos y condiciones saas,,0,,0.00,
"b,saas,test",test a b saas,,0,,0.00,
"1x1,saas,textil",textiles 1x1 saas,,0,,0.00,
"saas,texto",texto de saa,,0,,0.00,
"poligono,saas,texto",textos de saa sobre poligonos,,0,,0.00,
"beer,saas",the beer saa,,0,,0.00,
"best,saas",the best saas,,0,,0.00,
"futuro,saas",the future of saas,,0,,0.00,
"saas,zippy",the saas zippy,,0,,0.00,
"cheat,metrica,saas,sheet,ultima",the ultimate saas metrics cheat sheet,,0,,0.00,
"7,angulo,free,saas,theme",theme saas angular 7 free,,0,,0.00,
"fee,saas,things",things to do in saas fee,,0,,0.00,
"colombia,saas",ti colombia saas,,0,,0.00,
"aroca,saas,tic",tico aroca saa,,0,,0.00,
"saas,tiempo",tiempo saa,,0,,0.00,
"saas,tiempo",tiempos saa,,0,,0.00,
"saas,tiempo",tiempos saas,,0,,0.00,
"pereira,saas,tienda",tiendas saa pereira,,0,,0.00,
"a10,saas,tigo",tigo a10 saa,,0,,0.00,
"saas,tigo",tigo sáa,,0,,0.00,
"saas,time,trackid",time tracking saas,,0,,0.00,
"actividades,dian,saas,tipos",tipo de actividad saas dian,,0,,0.00,
"empresa,saas,tipos",tipo de empresa saas,,0,,0.00,
"d,esttimular,fo,nasal,saas,tipos",tipos d esttimulos fo saas nasales,,0,,0.00,
"formacion,ortega,saas,tipos",tipos de formacion de saá y ortega,,0,,0.00,
"publico,saas,salud,tipos,vigilancia",tipos de vigilancia en salud publica saa,,0,,0.00,
"diseño,saas,tipos",tips al diseñar saas,,0,,0.00,
"mar,saas,tiro",tira en el mar saa,,0,,0.00,
"char,hijo,muere,saas,tiroteo",tiroteo donde muere la hija de charly saa,,0,,0.00,
saas,todo sobre saas,,0,,0.00,
"bogota,saas,toguel",toguel saa bogota,,0,,0.00,
"10,company,saas,top",top 10 saas companies,,0,,0.00,
"10,provider,saas,top",top 10 saas providers,,0,,0.00,
"10,garner,provider,saas,top",top 10 saas providers garner,,0,,0.00,
"10,gartner,provider,saas,top",top 10 saas providers gartner,,0,,0.00,
"iot,saas,top",top iot saas,,0,,0.00,
"company,marketing,saas,top",top saas marketing companies,,0,,0.00,
"provider,saas,top",top saas providers,,0,,0.00,
"business,company,medium,saas,small,top",top small and medium business saas companies,,0,,0.00,
"company,saas,smb,top",top smb saas companies,,0,,0.00,
"amor,jimi,saas,torbellino",torbellino de amor jimi saa,,0,,0.00,
"saas,torii",torii saas,,0,,0.00,
"management,saas,torii",torii saas management,,0,,0.00,
"computador,patriotas,responsadle,saas,trabajo",trabajo responsadle y patriota en saa de computadores,,0,,0.00,
"colombia,saas,trackid",tracker de colombia saa,,0,,0.00,
"provider,reconstruction,saas,trade",trade reconstruction providers saas,,0,,0.00,
"saas,traduccion",traduccion saas,,0,,0.00,
"desktop,saas,server,traductor",traductor server desktop y saas,,0,,0.00,
"desktop,saas,traductorserver",traductorserver desktop y saas,,0,,0.00,
"onsite,saas,transito,vpn",transitioning from onsite vpn to saas vpn,,0,,0.00,
"saas,transmtir",transmta saas,,0,,0.00,
"cola,liquido,saas,transporte",transporte liquidos de col saa,,0,,0.00,
"6estecalle88sur,barrio,saas,transversal",transversal 6estecalle88sur barrio saa,,0,,0.00,
"saas,tranzit",tranzit saa,,0,,0.00,
"saas,trasnportempo",trasnportempo saas,,0,,0.00,
"saas,tratamiento",tratamiento para el saa,,0,,0.00,
"plan,saas,travel",travel plans saa,,0,,0.00,
"khelu,saas,travesia",travesia saa khelu,,0,,0.00,
"saas,sigue,tribillu",tribillu siga saa,,0,,0.00,
"saas,troubleshooting",troubleshooter saas,,0,,0.00,
"saas,trucos",truco saa,,0,,0.00,
"national,roger,saas,tame,trump",trump saaid he would tame rogue nations,,0,,0.00,
"ga,onsen,saas,tsum",tsuma ga onsen de saa,,0,,0.00,
"aeropurto,saas,tipadvisor,tucuman",tucumen aeropurto saair tipadvisor,,0,,0.00,
"enrique,saas,tulio",tulio enrique saa,,0,,0.00,
"celia,enrique,saas,tulio",tulio enrique saa celis,,0,,0.00,
"reinhald,saas,tuvo",tuv reinhald saa,,0,,0.00,
"saas,tv",tv para saa,,0,,0.00,
"daniel,saas,twitter",twitter daniela saa,,0,,0.00,
"daniel,lema,saas,twitter",twitter daniela saa lemos,,0,,0.00,
"b2b,go,marketing,plan,saas,typical",typical b2b saas go to market plan,,0,,0.00,
"saas,tyrannus",tyrannus saa,,0,,0.00,
"saas,service,tys",tys services saas,,0,,0.00,
"condiciones,saas,terminal",términos y condiciones saas,,0,,0.00,
"asco,saas,u",u y u ascoaidos saas,,0,,0.00,
"andrés,saas,uan",uan andrés saa,,0,,0.00,
"andina,hold,investem,saas,ubicacion",ubicacion de andino investemen holding saa,,0,,0.00,
"saas,uipath",uipath saas,,0,,0.00,
"posgradoss,saas,uiversidad",uiversidad la saaa posgradoss,,0,,0.00,
"saas,ultra",ultra saa,,0,,0.00,
"indicadores,saas,umbral",umbral que se le saa a un indicador,,0,,0.00,
"acordes,alto,camino,junior,saas",un alto en el camino acordes junior saa,,0,,0.00,
"alto,camino,junior,saas",un alto en el camino junior saa,,0,,0.00,
"acordes,alto,camino,junior,saas",un alto en el camino junior saa acordes,,0,,0.00,
"clave,saas,visualizodesplegar",un clavo visualizodesplegar una saas,,0,,0.00,
"blog,programa,saas",un programa saas blog,,0,,0.00,
"guia,programa,saas",un programa saas es una guía para,,0,,0.00,
"blog,guia,programa,saas",un programa saas es una guía para bloger,,0,,0.00,
"antivirus,correo,incluido,lleva,saas,servicio",un servicio de correo saas lleva incluido un antivirus,,0,,0.00,
"paa,pagina,saas,web",una pagina web es saas o paas,,0,,0.00,
"saas,understanding",understanding saas,,0,,0.00,
"saas,unicorn",unicorns saas,,0,,0.00,
"orl,saas,unimeo",unimeo orl saa,,0,,0.00,
"andina,cemento,historia,saas,union",union andina de cementos saa historia,,0,,0.00,
"andina,cemento,saas,unacem,union",union andina de cementos saa unacem saa,,0,,0.00,
"cali,saas,universidad,valle",universidad de la saa cali valle,,0,,0.00,
"saas,universidad",universidad saaa,,0,,0.00,
"saas,uooo",uooo saaa,,0,,0.00,
"basewarnet,como,digitrust,fidusapdllobancol,http,saas,solicitar,uis,url",url solicitada http fidusapdllobancol.saas.basewarnet.com digitrust ui,,0,,0.00,
"saas,use",using saas,,0,,0.00,
"project,react,saas,use",using saas in your react project,,0,,0.00,
"cadena,saas,suministro,uso",uso de saas en la cadena de suministro,,0,,0.00,
"saas,usta",usta saa,,0,,0.00,
"saas,serie,utahbased",utahbased saas series,,0,,0.00,
"azure,saas,utiliza",utilizar saas en azure,,0,,0.00,
"aplicacion,azure,implementos,saas,utiliza",utilizar saas en azure como implementar una aplicacion,,0,,0.00,
"saas,ux",ux for saas,,0,,0.00,
"platform,saas,ux",ux for saas platforms,,0,,0.00,
"live,saas,ux",ux live saas,,0,,0.00,
"saas,vader,är",vad är saas,,0,,0.00,
"alberto,carlos,ingenieria,saas,vago",vag ingenieria carlos alberto saa,,0,,0.00,
"saas,valenatina",valenatina saa,,0,,0.00,
"saas,valentina",valentina saa,,0,,0.00,
"saas,twitter,valentina",valentina saa twitter,,0,,0.00,
"saas,trujillo,valentina",valentina trujillo saas,,0,,0.00,
"saas,valor",valor de los saae,,0,,0.00,
"normal,proteinas,saas,valor",valor normal de la proteina saa,,0,,0.00,
"agregar,saas,valor",valores agregados saas,,0,,0.00,
"business,saas,valuation",valuations for saas businesses,,0,,0.00,
"cifuentes,saas,vanessa",vanessa cifuentes saa,,0,,0.00,
"cifuentes,instagran,saas,vanessa",vanessa cifuentes saa instagran,,0,,0.00,
"cifuentes,prepago,saas,vanessa",vanessa cifuentes saa prepago,,0,,0.00,
"iluminación,saas,vela",vela iluminando saa,,0,,0.00,
"datos,proceso,saas,velocidad",velocidad del procesamiento de datos de un saas,,0,,0.00,
"registro,saas,venezuela",venezuela registro saas,,0,,0.00,
"cuna,finca,joaquin,saas,venta",venta de fincas en saa joaquin cun,,0,,0.00,
"saas,usados,venta",venta de saas usadas,,0,,0.00,
"saas,ventajas",ventaja de saas,,0,,0.00,
"clud,saas,ventajas",ventajas de clud y saas,,0,,0.00,
"saas,servicio,software,ventajas",ventajas de software como servicios saas,,0,,0.00,
"desventajas,saas,ventajas",ventajas desventajas saas,,0,,0.00,
"erp,saas,ventajas",ventajas erp saas,,0,,0.00,
"modelo,saas,ventajas",ventajas modelo saas,,0,,0.00,
"saas,service,software,ventajas",ventajas software as a service saas,,0,,0.00,
"saas,tecnica,tener,ventajas",ventajas tecnicas de tener saas,,0,,0.00,
"desventajas,saas,service,software,ventajas",ventajas y desventajas de software as a service saas,,0,,0.00,
"desventajas,saas,software,usar,ventajas",ventajas y desventajas de usar el software saas,,0,,0.00,
"desventajas,saas,ventajas",ventajas y desventajas saas,,0,,0.00,
"casa,cundinamarca,franciscu,saas,venta",ventas casas en saa franciscu cundinamarca,,0,,0.00,
"erp,paa,premisas,saas,venta",ventas erp saas paas on premise,,0,,0.00,
"novedad,referencia,saas,tabla,tipos,ver",ver la tabla de referencia saa tipo novedad,,0,,0.00,
"saas,ver,videos,yimi",ver video de yimy saa,,0,,0.00,
"saas,verint",verint saas,,0,,0.00,
"saas,veritas",veritas saas,,0,,0.00,
"365,backup,office,pricing,saas,veritas",veritas saas backup for office 365 pricing,,0,,0.00,
"15,años,saas,vestidos",vestidos de 15 años saa,,0,,0.00,
"estudio,paoul,saas,vida",vida de estudiante en saao paoulo,,0,,0.00,
"marketing,saas,videos",video marketing saas,,0,,0.00,
"charlie,mix,saas,videos",video mix de charlie saaa,,0,,0.00,
"edad,ignacio,loyola,moderna,saas,videos",video saaan ignacio de loyola en la edad moderna,,0,,0.00,
"saas,streaming,videos",video streaming saas,,0,,0.00,
"saas,videojuegos",videojuegos saas,,0,,0.00,
"saas,servicio,videojuegos",videojuegos y servicios saas,,0,,0.00,
"saas,videos",videos de saa,,0,,0.00,
"grove,saas,videos,webcam",videos de saa grove cuando era webcam,,0,,0.00,
"13,saas,viernes",viernes 13 saa,,0,,0.00,
"andrologo,argentina,congreso,saas,sociedad,viii",viii congreso argentino de andrología sociedad argentina de andrología saa,,0,,0.00,
"fink,nadie,parra,pitu,saas,violeta",violeta parra nadia fink pitu saa,,0,,0.00,
"4,fink,nadie,pagina,parra,pitu,saas,violeta",violeta parra nadia fink pitu saa pagina 4,,0,,0.00,
"fink,nadie,parra,pdf,pitu,saas,violeta",violeta parra nadia fink pitu saa pdf,,0,,0.00,
"fink,parranadia,pitu,saas,violeta",violeta parranadia fink pitu saa,,0,,0.00,
"saas,virtual",virtual saa,,0,,0.00,
"saas,viscosidad",viscosidad de la saa,,0,,0.00,
"saas,visio",visio saas,,0,,0.00,
"ipiales,saas,transporte,vision",visión de transportadores de ipiales saas,,0,,0.00,
"ipiales,saas,transporte,vison",vison de transportadores de ipiale saas,,0,,0.00,
"saas,vitamuna",vitamunas saa,,0,,0.00,
"saas,telefono,vivalp",vivalp saa telefono,,0,,0.00,
"johanna,saas,vivian",vivian johanna saa,,0,,0.00,
"saas,softaware,vivo",vivir de softaware saas,,0,,0.00,
"saas,vkingoyo",vkingoyo saa,,0,,0.00,
"connector,hostname,identidad,idp,management,saas,url,vmware",vmware identity manager connector idp hostname saas url,,0,,0.00,
"modelo,saas,vmware",vmware saas model,,0,,0.00,
"architecture,one,saas,vmware,workspace",vmware workspace one saas architecture,,0,,0.00,
"custom,saas,voice",voice of the customer saas,,0,,0.00,
"accion,saas,venta,volante",volante venta acciones saa,,0,,0.00,
"cali,cia,mineral,saas,volcan",volcan cia minera saa cali,,0,,0.00,
"cia,colombia,mineral,saas,volcan",volcan cia minera saa colombia,,0,,0.00,
"cia,direccion,mineral,saas,volcan",volcan cia minera saa direccion,,0,,0.00,
"cali,cia,direccion,mineral,saas,volcan",volcan cia minera saa direccion en cali,,0,,0.00,
"colombia,compañia,mineral,saas,volcan",volcan compañia minera saa colombia,,0,,0.00,
"compañia,computrabajo,mineral,saas,volcan",volcan compañia minera saa computrabajo,,0,,0.00,
"management,saas,vulnerabilidad",vulnerability management saas,,0,,0.00,
"cloud,modelu,saas,u,výhody",výhody cloud-u a modelu saas,,0,,0.00,
"saas,výhody",výhody saas,,0,,0.00,
"saas,wa",wa saa,,0,,0.00,
"saas,wallet",wallet saas,,0,,0.00,
"alfonso,nina,saas,walter",walter alfonso nina saa,,0,,0.00,
"saas,wath",wath saa,,0,,0.00,
"saas,waze",waze es saas,,0,,0.00,
"saas,waze",waze saas,,0,,0.00,
"cms,saas,web",web cms saas,,0,,0.00,
"saas,webanalytics",webanalytics saas,,0,,0.00,
"exemple,saas,webanalytics",webanalytics saas exemples,,0,,0.00,
"saas,webmarketing",webmarketing saas,,0,,0.00,
"saas,wedding,whar",whar saa wed,,0,,0.00,
"deejishichyun,meaning,saas",what does deejishichyun saa mean,,0,,0.00,
"2,meaning,nse,saas",what does saas mean nse 2,,0,,0.00,
"b2b,good,nps,saas,score",what is a good nps score for b2b saas,,0,,0.00,
"agreement,saas",what is a saas agreement,,0,,0.00,
"contract,saas",what is a saas contract,,0,,0.00,
"bootstrap,saas",what is bootstrap in saas,,0,,0.00,
"cloud,computador,meant,saas",what is meant by saas in cloud computing,,0,,0.00,
"oracle,saas",what is oracle saas,,0,,0.00,
"analytics,saas",what is saas analytics,,0,,0.00,
"centro,contacto,saas",what is saas contact centre,,0,,0.00,
"demas,saas",what is saas demo,,0,,0.00,
"integral,saas",what is saas integration,,0,,0.00,
"lms,saas",what is saas lms,,0,,0.00,
"marketing,saas",what is saas marketing,,0,,0.00,
"meaning,saas",what is saas mean,,0,,0.00,
"management,productos,saas",what is saas product management,,0,,0.00,
"modelo,saas,sale",what is saas sales model,,0,,0.00,
"saas,test",what is saas testing,,0,,0.00,
"great,make,personas,saas,sale",what makes a great sales person for a saas,,0,,0.00,
"movie,saas,scary",what saaa scarie movie,,0,,0.00,
"goals,marketing,saas",what should be the goal of a saas marketer,,0,,0.00,
"saas,whath",whath saa,,0,,0.00,
"plataforma,saas,whatsapp",whatsapp plataform saas,,0,,0.00,
"como,saas",when does saas come in,,0,,0.00,
"configurar,license,one,saas,workspace",where do you configure workspace one saas licenses,,0,,0.00,
"fee,gletscher,saas",where is saas fee gletscher,,0,,0.00,
"fle,glest,saas",where is saas flee glester,,0,,0.00,
"application,saas,service,software",which is not a saas software as a service application,,0,,0.00,
"saas,whizard,wiliamhernado",whizard wiliamhernado saa,,0,,0.00,
saas,who are saa,,0,,0.00,
"dont,price,reddit,saas,show",why saas dont show price reddit,,0,,0.00,
"better,saas",why saas is better,,0,,0.00,
"saas,san,vicente,wiliam",wiliam saa san vicente,,0,,0.00,
"fernando,rico,saas,william",william fernando saa rico,,0,,0.00,
"hernan,rico,saas,william",william hernando saa rico,,0,,0.00,
"rico,saas,william",william saa rico,,0,,0.00,
"saas,san,vicente,william",william saa san vicente,,0,,0.00,
"saas,willy",willian saa,,0,,0.00,
"saas,wilson",wilson saa,,0,,0.00,
"cola,saas,wire",wire col saa,,0,,0.00,
"hurtado,saas,wiston",wiston hurtado saa,,0,,0.00,
"grow,periodo,saas,stop,word",word when a saas stop growing for a period,,0,,0.00,
"platform,saas,wordpress",wordpress saas platform,,0,,0.00,
"plugin,saas,subscription,wordpress",wordpress saas subscription plugin,,0,,0.00,
"saas,work",work with saa,,0,,0.00,
"saas,workday",workday saas,,0,,0.00,
"management,saas,workflow",workflow management saas,,0,,0.00,
"platform,saas,workflow",workflow saas platforms,,0,,0.00,
"management,saas,workfoce",workfoce management saas,,0,,0.00,
"management,saas,workforce",workforce management saas,,0,,0.00,
"office,saas,world",world office tiene saas,,0,,0.00,
"pro,saas,wp",wp saas pro,,0,,0.00,
"apostar,saas,www",www apostar saa,,0,,0.00,
"gestion,propiedad,propiedades,raiz,saas,www",www gestionamos propiedades gestionamos propiedad raíz saa,,0,,0.00,
"ministerio,saas,www",www saa ministerio,,0,,0.00,
"boutique,hotel,saas,torino,www",www saa torin hotel boutique,,0,,0.00,
"boutique,hotel,saas,turin,www",www saa turin hotel boutique,,0,,0.00,
"facebook,lombana,saas,www",www.facebook saaid lombano,,0,,0.00,
"mahal,saas,www",www.mahalo.saas,,0,,0.00,
"gov,saas,ve,www",www.saas.gov.ve,,0,,0.00,
"saas,sae,www",www.sae saa,,0,,0.00,
"co,gov,saas,sispro,www",www.sispro.gov.co saa,,0,,0.00,
"saas,twitchtv,www",www.twitchtv saaed,,0,,0.00,
"saas,william,www",www.william saa,,0,,0.00,
"energia,saas,strategy,wwww",wwww energy strategies saas,,0,,0.00,
"saas,softawe,xbox",xbox con softawe saas,,0,,0.00,
"saas,xero",xero saas,,0,,0.00,
"application,best,marketing,multichannel,null,platform,saas,xerochat",xerochat - best multichannel marketing application saas platform nulled,,0,,0.00,
"application,best,marketing,multichannel,platform,saas,xerochat",xerochat best multichannel marketing application saas platform,,0,,0.00,
"hardware,saas,xtreme",xtreme hardware saa,,0,,0.00,
"saas,xxxdormidas",xxxdorm saa,,0,,0.00,
"co,edu,saas,udistrital,wªulasvirtuales,xzcf",xzcf saa wªulasvirtuales.udistrital.edu.co,,0,,0.00,
"medellin,saas,yaexpress",yaexpress saa medellin,,0,,0.00,
"perez,saas,yas",yasir saa perez,,0,,0.00,
"oribio,saas,yimi",yimi saa oribio,,0,,0.00,
"orobio,saas,yimison",yimison saa orobio,,0,,0.00,
"mama,saas,yimmi",yimmi saaa mama,,0,,0.00,
"corazon,piedra,saas,yimmi",yimmy saa corazon de piedra,,0,,0.00,
"discografia,saas,yimmi",yimmy saa discografia,,0,,0.00,
"2017,23,charlie,febrero,llama,saas",yo me llamo charlie saa febrero 23 2017 charlie,,0,,0.00,
"arde,ciudad,saas,yoli",yoly saa arde la ciudad,,0,,0.00,
"jimi,saas,yotube",yotube jimy saa,,0,,0.00,
"15,5,8,evidencia,luz,miriam,saas,youtube",youtube evidencia 15.5 y 15.8 de luz miriam saa,,0,,0.00,
"15,5,8,evieenciar,luz,niria,saas,youtube",youtube evieencia 15.5 y 15.8 de luz nirian saa,,0,,0.00,
"cristiana,mariana,musica,saas,youtube",youtube musica cristiana mariana saa,,0,,0.00,
"alejandro,musica,saas,youtube",youtube musica de alejandro saa,,0,,0.00,
"libro,saas,youtube",youtube saa libre,,0,,0.00,
"bolero,saas,salsa,youtube",youtube salsa bolero saa,,0,,0.00,
"15,5,8,luz,niria,saas,youtubeevieencia",youtubeevieencia 15.5 y 15.8 de luz nirian saa,,0,,0.00,
"charlie,saas,yutu",yutu charlie saa,,0,,0.00,
"colombia,diraccion,saas,zambon",zambon colombia saa diraccion,,0,,0.00,
"saas,zidcar",zidcar saa,,0,,0.00,
"saas,ziki",ziki saa,,0,,0.00,
"saas,zimbra",zimbra saas,,0,,0.00,
"saas,zopim",zopim saas,,0,,0.00,
"dj,remix,sa,saas,zouk",zouk remix dj saas sa,,0,,0.00,
"saas,zs",zs saa,,0,,0.00,
"account,saas,zuora",zuora saas accounting,,0,,0.00,
"aurea,navy,saas",áurea navia saa,,0,,0.00,
"auris,navy,saas",áuria navia saa,,0,,0.00,
"saas,облака",облака saas,,0,,0.00,
"saas,クラウド",クラウド saas,,0,,0.00,
"saas,ダイシャリン",ダイシャリン saas,,0,,0.00,
